n_snps,panel,reductor,classifier,fold,acc,f1,mcc
5,stat,RF,RF,0,0.6138613861386139,0.5442752970949268,0.4119502895177586
5,stat,RF,XGB,0,0.6138613861386139,0.5442752970949268,0.4119502895177586
5,stat,RF,LR,0,0.6138613861386139,0.5442752970949268,0.4119502895177586
5,stat,RF,SVM_RBF,0,0.6138613861386139,0.5442752970949268,0.4119502895177586
5,stat,RF,SVM_Lin,0,0.6138613861386139,0.5442752970949268,0.4119502895177586
5,stat,RF,GBM,0,0.6138613861386139,0.5442752970949268,0.4119502895177586
5,stat,RF,RF,1,0.6633663366336634,0.6064061283731589,0.47217163099164144
5,stat,RF,XGB,1,0.6534653465346535,0.5977205571971296,0.4559449203421071
5,stat,RF,LR,1,0.6732673267326733,0.6258050840444723,0.487878463532235
5,stat,RF,SVM_RBF,1,0.693069306930693,0.6532732085089697,0.5219260150466066
5,stat,RF,SVM_Lin,1,0.6831683168316832,0.643934679182204,0.503492107486773
5,stat,RF,GBM,1,0.6435643564356436,0.5889305385388037,0.43976081354497887
5,stat,RF,RF,2,0.7128712871287128,0.6481648164816481,0.575044319377085
5,stat,RF,XGB,2,0.7227722772277227,0.6571285089077337,0.5901006287136337
5,stat,RF,LR,2,0.7227722772277227,0.6571285089077337,0.5901006287136337
5,stat,RF,SVM_RBF,2,0.7227722772277227,0.6571285089077337,0.5901006287136337
5,stat,RF,SVM_Lin,2,0.7029702970297029,0.6261357128387757,0.5549485095685324
5,stat,RF,GBM,2,0.7227722772277227,0.6571285089077337,0.5901006287136337
5,stat,RF,RF,3,0.6732673267326733,0.6351595159515951,0.4859889726547956
5,stat,RF,XGB,3,0.6831683168316832,0.6446723486781668,0.5039404605878763
5,stat,RF,LR,3,0.693069306930693,0.6541708720084098,0.5221848789443738
5,stat,RF,SVM_RBF,3,0.6732673267326733,0.6351595159515951,0.4859889726547956
5,stat,RF,SVM_Lin,3,0.693069306930693,0.6541708720084098,0.5221848789443738
5,stat,RF,GBM,3,0.6732673267326733,0.6371731403909622,0.4856958044032568
5,stat,RF,RF,4,0.58,0.5426884862653418,0.3747812101741432
5,stat,RF,XGB,4,0.58,0.5446993755575379,0.3772623678578668
5,stat,RF,LR,4,0.56,0.5272285213325542,0.3272240658726202
5,stat,RF,SVM_RBF,4,0.58,0.5446993755575379,0.3772623678578668
5,stat,RF,SVM_Lin,4,0.59,0.5535252100840335,0.4039092851750993
5,stat,RF,GBM,4,0.58,0.5426884862653418,0.3747812101741432
5,stat,LR,RF,0,0.6336633663366337,0.5919210729927096,0.42011563039643374
5,stat,LR,XGB,0,0.6336633663366337,0.5919210729927096,0.42011563039643374
5,stat,LR,LR,0,0.6435643564356436,0.5964878666084431,0.4359181210189601
5,stat,LR,SVM_RBF,0,0.6336633663366337,0.5919210729927096,0.42011563039643374
5,stat,LR,SVM_Lin,0,0.6336633663366337,0.5615176902305615,0.4224562696270649
5,stat,LR,GBM,0,0.6336633663366337,0.5919210729927096,0.42011563039643374
5,stat,LR,RF,1,0.5643564356435643,0.5358535853585359,0.29944723053725003
5,stat,LR,XGB,1,0.5643564356435643,0.5358535853585359,0.29944723053725003
5,stat,LR,LR,1,0.6534653465346535,0.6301796846351302,0.4487714878376953
5,stat,LR,SVM_RBF,1,0.594059405940594,0.5818112313161817,0.3523495102228628
5,stat,LR,SVM_Lin,1,0.6336633663366337,0.6063956079152218,0.4158944045389123
5,stat,LR,GBM,1,0.5643564356435643,0.5358535853585359,0.29944723053725003
5,stat,LR,RF,2,0.7128712871287128,0.658371892991455,0.5524051341009671
5,stat,LR,XGB,2,0.7128712871287128,0.6693467726395348,0.5497308338668931
5,stat,LR,LR,2,0.7128712871287128,0.6602454308491603,0.550933866358482
5,stat,LR,SVM_RBF,2,0.7128712871287128,0.658371892991455,0.5524051341009671
5,stat,LR,SVM_Lin,2,0.7128712871287128,0.6602454308491603,0.550933866358482
5,stat,LR,GBM,2,0.7029702970297029,0.6738268600236913,0.5306639520071353
5,stat,LR,RF,3,0.6732673267326733,0.5990403918440623,0.49183655468245935
5,stat,LR,XGB,3,0.6732673267326733,0.5990403918440623,0.49183655468245935
5,stat,LR,LR,3,0.6732673267326733,0.5990403918440623,0.49183655468245935
5,stat,LR,SVM_RBF,3,0.6732673267326733,0.5990403918440623,0.49183655468245935
5,stat,LR,SVM_Lin,3,0.6732673267326733,0.5990403918440623,0.49183655468245935
5,stat,LR,GBM,3,0.6732673267326733,0.5990403918440623,0.49183655468245935
5,stat,LR,RF,4,0.7,0.6808795518207283,0.5398550713454128
5,stat,LR,XGB,4,0.69,0.6712090695290358,0.5253713805819434
5,stat,LR,LR,4,0.69,0.6713114329541605,0.5200894520277778
5,stat,LR,SVM_RBF,4,0.67,0.6286146575928087,0.49508782360732956
5,stat,LR,SVM_Lin,4,0.67,0.640323618410575,0.49416069670326135
5,stat,LR,GBM,4,0.69,0.6712090695290358,0.5253713805819434
5,stat,EN,RF,0,0.6336633663366337,0.6297087669410949,0.4249372028500434
5,stat,EN,XGB,0,0.5544554455445545,0.5546846071042564,0.3090981713501014
5,stat,EN,LR,0,0.6237623762376238,0.5959995526739436,0.3989239336422063
5,stat,EN,SVM_RBF,0,0.6039603960396039,0.5380858085808581,0.36994407211986186
5,stat,EN,SVM_Lin,0,0.594059405940594,0.5262490508172187,0.3490873845399299
5,stat,EN,GBM,0,0.5841584158415841,0.579105607502363,0.34859775967139645
5,stat,EN,RF,1,0.6732673267326733,0.6500710414573491,0.48215944506247665
5,stat,EN,XGB,1,0.6633663366336634,0.6416220116635319,0.46566393898357966
5,stat,EN,LR,1,0.6732673267326733,0.5976304947567928,0.4887676151883833
5,stat,EN,SVM_RBF,1,0.6633663366336634,0.6182682377454942,0.46591069691032566
5,stat,EN,SVM_Lin,1,0.6237623762376238,0.5577233949810075,0.40732559881893743
5,stat,EN,GBM,1,0.6534653465346535,0.6331032110655235,0.44929774659223326
5,stat,EN,RF,2,0.6237623762376238,0.6150370027928382,0.4166652389901873
5,stat,EN,XGB,2,0.6039603960396039,0.6020749550848449,0.39014344202854223
5,stat,EN,LR,2,0.6039603960396039,0.6046513587528966,0.3982317625200351
5,stat,EN,SVM_RBF,2,0.594059405940594,0.5966470857981285,0.3801168043090479
5,stat,EN,SVM_Lin,2,0.5841584158415841,0.5885084785470357,0.3726516740333452
5,stat,EN,GBM,2,0.594059405940594,0.5913048074358099,0.3759171513182099
5,stat,EN,RF,3,0.6138613861386139,0.5428171849443009,0.3838458825830967
5,stat,EN,XGB,3,0.6336633663366337,0.5617024370735726,0.4189190765594241
5,stat,EN,LR,3,0.6534653465346535,0.5804254946849619,0.454852639037388
5,stat,EN,SVM_RBF,3,0.6138613861386139,0.5428171849443009,0.3838458825830967
5,stat,EN,SVM_Lin,3,0.6831683168316832,0.6083241657499083,0.5107872118037269
5,stat,EN,GBM,3,0.6138613861386139,0.5428171849443009,0.3838458825830967
5,stat,EN,RF,4,0.69,0.6708020104895105,0.5498863191587927
5,stat,EN,XGB,4,0.69,0.6708020104895105,0.5498863191587927
5,stat,EN,LR,4,0.71,0.6930920060331824,0.5558640120497025
5,stat,EN,SVM_RBF,4,0.69,0.6708020104895105,0.5498863191587927
5,stat,EN,SVM_Lin,4,0.73,0.7106635632408829,0.5796417591191859
5,stat,EN,GBM,4,0.71,0.6930920060331824,0.5558640120497025
5,FST,RF,RF,0,0.6039603960396039,0.5362765784775199,0.4147619513296601
5,FST,RF,XGB,0,0.6039603960396039,0.5362765784775199,0.4147619513296601
5,FST,RF,LR,0,0.6138613861386139,0.5465647133973359,0.4299943387112239
5,FST,RF,SVM_RBF,0,0.6039603960396039,0.5362765784775199,0.4147619513296601
5,FST,RF,SVM_Lin,0,0.6138613861386139,0.5465647133973359,0.4299943387112239
5,FST,RF,GBM,0,0.6039603960396039,0.5362765784775199,0.4147619513296601
5,FST,RF,RF,1,0.6237623762376238,0.5709005816969657,0.4044119538807983
5,FST,RF,XGB,1,0.6435643564356436,0.5878106115509735,0.43528525682816116
5,FST,RF,LR,1,0.6435643564356436,0.5725028199022434,0.43803245476831765
5,FST,RF,SVM_RBF,1,0.6534653465346535,0.5816714606486788,0.45697838020718334
5,FST,RF,SVM_Lin,1,0.6435643564356436,0.5725028199022434,0.43803245476831765
5,FST,RF,GBM,1,0.6138613861386139,0.5465346534653466,0.3877892856691353
5,FST,RF,RF,2,0.6732673267326733,0.628961797278629,0.4850894381341893
5,FST,RF,XGB,2,0.6732673267326733,0.628961797278629,0.4850894381341893
5,FST,RF,LR,2,0.693069306930693,0.6398968252068759,0.5233478161010339
5,FST,RF,SVM_RBF,2,0.6831683168316832,0.6227136414774105,0.507198685512505
5,FST,RF,SVM_Lin,2,0.6831683168316832,0.6196515579159726,0.5080687175312231
5,FST,RF,GBM,2,0.6732673267326733,0.6317631763176317,0.48499428749591417
5,FST,RF,RF,3,0.6435643564356436,0.6082679696541082,0.4712990262555188
5,FST,RF,XGB,3,0.6435643564356436,0.6082679696541082,0.4712990262555188
5,FST,RF,LR,3,0.6138613861386139,0.5690851471607928,0.40421191137555756
5,FST,RF,SVM_RBF,3,0.6435643564356436,0.6082679696541082,0.4712990262555188
5,FST,RF,SVM_Lin,3,0.6336633663366337,0.5992438796118418,0.4485740442299797
5,FST,RF,GBM,3,0.6336633663366337,0.6013561356135614,0.449497822899583
5,FST,RF,RF,4,0.58,0.5426884862653418,0.3747812101741432
5,FST,RF,XGB,4,0.59,0.5535252100840335,0.4039092851750993
5,FST,RF,LR,4,0.59,0.5591904761904761,0.36985927366782223
5,FST,RF,SVM_RBF,4,0.58,0.5446993755575379,0.3772623678578668
5,FST,RF,SVM_Lin,4,0.58,0.5446993755575379,0.3772623678578668
5,FST,RF,GBM,4,0.59,0.5513710747456878,0.40140276133655134
5,FST,LR,RF,0,0.6039603960396039,0.5345764362487929,0.42689824187529285
5,FST,LR,XGB,0,0.6039603960396039,0.5345764362487929,0.42689824187529285
5,FST,LR,LR,0,0.5742574257425742,0.5070089617657417,0.3338884147686148
5,FST,LR,SVM_RBF,0,0.6039603960396039,0.5345764362487929,0.42689824187529285
5,FST,LR,SVM_Lin,0,0.5544554455445545,0.48837579410114923,0.29485747739404294
5,FST,LR,GBM,0,0.6039603960396039,0.5345764362487929,0.42689824187529285
5,FST,LR,RF,1,0.6633663366336634,0.6348349120626348,0.46725989006657664
5,FST,LR,XGB,1,0.6633663366336634,0.6348349120626348,0.46725989006657664
5,FST,LR,LR,1,0.6732673267326733,0.6345902282535946,0.48538577210505096
5,FST,LR,SVM_RBF,1,0.6732673267326733,0.6351377315949417,0.4875170545246045
5,FST,LR,SVM_Lin,1,0.6336633663366337,0.5778190587693492,0.4186782528808271
5,FST,LR,GBM,1,0.6534653465346535,0.6170022546809136,0.4531080940026023
5,FST,LR,RF,2,0.6237623762376238,0.5883275583395184,0.4364417096591126
5,FST,LR,XGB,2,0.6237623762376238,0.5883275583395184,0.4364417096591126
5,FST,LR,LR,2,0.6039603960396039,0.5711958387957022,0.38645260580784524
5,FST,LR,SVM_RBF,2,0.6237623762376238,0.5883275583395184,0.4364417096591126
5,FST,LR,SVM_Lin,2,0.6237623762376238,0.5883275583395184,0.4364417096591126
5,FST,LR,GBM,2,0.6237623762376238,0.5883275583395184,0.4364417096591126
5,FST,LR,RF,3,0.49504950495049505,0.423563229188194,0.22773110862182358
5,FST,LR,XGB,3,0.49504950495049505,0.423563229188194,0.22773110862182358
5,FST,LR,LR,3,0.49504950495049505,0.4211221122112211,0.23530684985393105
5,FST,LR,SVM_RBF,3,0.49504950495049505,0.423563229188194,0.22773110862182358
5,FST,LR,SVM_Lin,3,0.504950495049505,0.43132608342801493,0.2542549404038874
5,FST,LR,GBM,3,0.49504950495049505,0.423563229188194,0.22773110862182358
5,FST,LR,RF,4,0.58,0.5446993755575379,0.3772623678578668
5,FST,LR,XGB,4,0.58,0.5446993755575379,0.3772623678578668
5,FST,LR,LR,4,0.56,0.5272285213325542,0.3272240658726202
5,FST,LR,SVM_RBF,4,0.58,0.5446993755575379,0.3772623678578668
5,FST,LR,SVM_Lin,4,0.59,0.5535252100840335,0.4039092851750993
5,FST,LR,GBM,4,0.58,0.5446993755575379,0.3772623678578668
5,FST,EN,RF,0,0.6336633663366337,0.6358635863586359,0.42642188179697865
5,FST,EN,XGB,0,0.6435643564356436,0.6445367778273903,0.44176287722126656
5,FST,EN,LR,0,0.6336633663366337,0.6280804804312484,0.4233106198773089
5,FST,EN,SVM_RBF,0,0.693069306930693,0.6312751490230318,0.5357869924741954
5,FST,EN,SVM_Lin,0,0.7029702970297029,0.6430204090643179,0.5458073925375205
5,FST,EN,GBM,0,0.6435643564356436,0.6438605399001438,0.4408733550534163
5,FST,EN,RF,1,0.6138613861386139,0.568279065019904,0.3985988496113118
5,FST,EN,XGB,1,0.6138613861386139,0.568279065019904,0.3985988496113118
5,FST,EN,LR,1,0.693069306930693,0.6532732085089697,0.5219260150466066
5,FST,EN,SVM_RBF,1,0.6138613861386139,0.568279065019904,0.3985988496113118
5,FST,EN,SVM_Lin,1,0.693069306930693,0.6532732085089697,0.5219260150466066
5,FST,EN,GBM,1,0.5841584158415841,0.5228864230058418,0.3426860206978525
5,FST,EN,RF,2,0.7128712871287128,0.6937421155242938,0.55088396228707
5,FST,EN,XGB,2,0.7128712871287128,0.6937421155242938,0.55088396228707
5,FST,EN,LR,2,0.7128712871287128,0.6928243339797897,0.5497060289673702
5,FST,EN,SVM_RBF,2,0.7128712871287128,0.6937421155242938,0.55088396228707
5,FST,EN,SVM_Lin,2,0.693069306930693,0.6692228389845926,0.528481857964769
5,FST,EN,GBM,2,0.7128712871287128,0.6937421155242938,0.55088396228707
5,FST,EN,RF,3,0.693069306930693,0.6782716315109771,0.5162535009199176
5,FST,EN,XGB,3,0.693069306930693,0.6782716315109771,0.5162535009199176
5,FST,EN,LR,3,0.7029702970297029,0.6291545695922977,0.5569678917546508
5,FST,EN,SVM_RBF,3,0.693069306930693,0.6782716315109771,0.5162535009199176
5,FST,EN,SVM_Lin,3,0.7128712871287128,0.638512983373809,0.578160351786431
5,FST,EN,GBM,3,0.693069306930693,0.6782716315109771,0.5162535009199176
5,FST,EN,RF,4,0.69,0.6559622641509434,0.5317169474312338
5,FST,EN,XGB,4,0.69,0.6559622641509434,0.5317169474312338
5,FST,EN,LR,4,0.68,0.6318618593463927,0.5163362885999355
5,FST,EN,SVM_RBF,4,0.69,0.6691206351916673,0.5330492179621277
5,FST,EN,SVM_Lin,4,0.67,0.6240445134575568,0.49214098547550034
5,FST,EN,GBM,4,0.69,0.6559622641509434,0.5317169474312338
5,fst_stat,RF,RF,0,0.6732673267326733,0.6190352142010318,0.4906843020602273
5,fst_stat,RF,XGB,0,0.6732673267326733,0.6190352142010318,0.4906843020602273
5,fst_stat,RF,LR,0,0.6831683168316832,0.6091736720841896,0.5161133083316197
5,fst_stat,RF,SVM_RBF,0,0.6831683168316832,0.6091736720841896,0.5161133083316197
5,fst_stat,RF,SVM_Lin,0,0.6831683168316832,0.6091736720841896,0.5161133083316197
5,fst_stat,RF,GBM,0,0.6732673267326733,0.6190352142010318,0.4906843020602273
5,fst_stat,RF,RF,1,0.6732673267326733,0.6452942790597175,0.4832878540165202
5,fst_stat,RF,XGB,1,0.6534653465346535,0.6121601171106122,0.4511482997541733
5,fst_stat,RF,LR,1,0.6435643564356436,0.5919653375825827,0.4335197411443993
5,fst_stat,RF,SVM_RBF,1,0.6732673267326733,0.6468906989221089,0.4843110756070477
5,fst_stat,RF,SVM_Lin,1,0.6336633663366337,0.5854640409095855,0.4165713435995553
5,fst_stat,RF,GBM,1,0.6732673267326733,0.6452942790597175,0.4832878540165202
5,fst_stat,RF,RF,2,0.6336633663366337,0.562439799535509,0.41876847389638183
5,fst_stat,RF,XGB,2,0.6336633663366337,0.562439799535509,0.41876847389638183
5,fst_stat,RF,LR,2,0.6336633663366337,0.562439799535509,0.41876847389638183
5,fst_stat,RF,SVM_RBF,2,0.6336633663366337,0.562439799535509,0.41876847389638183
5,fst_stat,RF,SVM_Lin,2,0.6237623762376238,0.5539162827173807,0.40169201566057855
5,fst_stat,RF,GBM,2,0.6237623762376238,0.5539162827173807,0.40169201566057855
5,fst_stat,RF,RF,3,0.6138613861386139,0.5485123160203343,0.40602353009893677
5,fst_stat,RF,XGB,3,0.6237623762376238,0.5574728901461574,0.42812001172720915
5,fst_stat,RF,LR,3,0.6237623762376238,0.5574728901461574,0.42812001172720915
5,fst_stat,RF,SVM_RBF,3,0.6138613861386139,0.5485123160203343,0.40602353009893677
5,fst_stat,RF,SVM_Lin,3,0.6237623762376238,0.5574728901461574,0.42812001172720915
5,fst_stat,RF,GBM,3,0.6138613861386139,0.5485123160203343,0.40602353009893677
5,fst_stat,RF,RF,4,0.7,0.6662069339111593,0.5435918151629004
5,fst_stat,RF,XGB,4,0.71,0.6755242718446601,0.5583065249323833
5,fst_stat,RF,LR,4,0.71,0.6755242718446601,0.5583065249323833
5,fst_stat,RF,SVM_RBF,4,0.68,0.6489208356239692,0.5178168249236046
5,fst_stat,RF,SVM_Lin,4,0.71,0.6755242718446601,0.5583065249323833
5,fst_stat,RF,GBM,4,0.69,0.6567619047619047,0.5289336124293609
5,fst_stat,LR,RF,0,0.46534653465346537,0.42902515012002307,0.13735822920443022
5,fst_stat,LR,XGB,0,0.45544554455445546,0.42120896300156335,0.11789112493451855
5,fst_stat,LR,LR,0,0.45544554455445546,0.42120896300156335,0.11789112493451855
5,fst_stat,LR,SVM_RBF,0,0.45544554455445546,0.42120896300156335,0.11789112493451855
5,fst_stat,LR,SVM_Lin,0,0.46534653465346537,0.4365627309908696,0.13922729633878983
5,fst_stat,LR,GBM,0,0.45544554455445546,0.42120896300156335,0.11789112493451855
5,fst_stat,LR,RF,1,0.5148514851485149,0.459605624427989,0.20946872208516445
5,fst_stat,LR,XGB,1,0.5247524752475248,0.4681341920599827,0.22727582927671877
5,fst_stat,LR,LR,1,0.5346534653465347,0.5060750387064709,0.2510709828674245
5,fst_stat,LR,SVM_RBF,1,0.5247524752475248,0.4641437477081041,0.22442771596034164
5,fst_stat,LR,SVM_Lin,1,0.5346534653465347,0.4712871287128713,0.2435288147572286
5,fst_stat,LR,GBM,1,0.5148514851485149,0.459605624427989,0.20946872208516445
5,fst_stat,LR,RF,2,0.5742574257425742,0.5089679699677285,0.3125879965801509
5,fst_stat,LR,XGB,2,0.5742574257425742,0.5089679699677285,0.3125879965801509
5,fst_stat,LR,LR,2,0.5643564356435643,0.5350925873100667,0.2995597430723132
5,fst_stat,LR,SVM_RBF,2,0.5346534653465347,0.4717746811320115,0.24495777067909913
5,fst_stat,LR,SVM_Lin,2,0.5643564356435643,0.527291289325052,0.2984963803802135
5,fst_stat,LR,GBM,2,0.5643564356435643,0.5030530927657226,0.2953539665369303
5,fst_stat,LR,RF,3,0.6534653465346535,0.6064218156682456,0.45344207718808777
5,fst_stat,LR,XGB,3,0.6336633663366337,0.590847916406761,0.4187680363916538
5,fst_stat,LR,LR,3,0.6633663366336634,0.625807286611014,0.4663149519622333
5,fst_stat,LR,SVM_RBF,3,0.6237623762376238,0.5688134268877361,0.40246400318572206
5,fst_stat,LR,SVM_Lin,3,0.6633663366336634,0.6451457645764577,0.4668551301385568
5,fst_stat,LR,GBM,3,0.6336633663366337,0.5788429222702259,0.4182710303169287
5,fst_stat,LR,RF,4,0.56,0.5363834180921558,0.29784139266071036
5,fst_stat,LR,XGB,4,0.58,0.5663725490196078,0.3367547199436047
5,fst_stat,LR,LR,4,0.55,0.5291764705882352,0.281138583480199
5,fst_stat,LR,SVM_RBF,4,0.55,0.5374745300617018,0.2841171655569921
5,fst_stat,LR,SVM_Lin,4,0.56,0.5394975192235466,0.29490916882842183
5,fst_stat,LR,GBM,4,0.55,0.5262588257153474,0.28182299668067484
5,fst_stat,EN,RF,0,0.6336633663366337,0.6156902956849165,0.4174475177508947
5,fst_stat,EN,XGB,0,0.5445544554455446,0.5331298489326057,0.28065637083033484
5,fst_stat,EN,LR,0,0.6237623762376238,0.6054573128234406,0.40061089135261446
5,fst_stat,EN,SVM_RBF,0,0.6336633663366337,0.5632931425010633,0.4224562696270649
5,fst_stat,EN,SVM_Lin,0,0.6237623762376238,0.5543026296655058,0.40339306704821404
5,fst_stat,EN,GBM,0,0.6237623762376238,0.6245297606683746,0.4194303419036105
5,fst_stat,EN,RF,1,0.6336633663366337,0.5910429350729877,0.4158754778584474
5,fst_stat,EN,XGB,1,0.6633663366336634,0.6386981464492961,0.46547934830911
5,fst_stat,EN,LR,1,0.6831683168316832,0.6522973499881634,0.49950374940043724
5,fst_stat,EN,SVM_RBF,1,0.6831683168316832,0.6500901006811002,0.4989372326954014
5,fst_stat,EN,SVM_Lin,1,0.6831683168316832,0.6522973499881634,0.49950374940043724
5,fst_stat,EN,GBM,1,0.6336633663366337,0.5910429350729877,0.4158754778584474
5,fst_stat,EN,RF,2,0.5445544554455446,0.4915091509150915,0.26438090655944874
5,fst_stat,EN,XGB,2,0.5445544554455446,0.49393385652271316,0.26163765461071253
5,fst_stat,EN,LR,2,0.5544554455445545,0.513460896651463,0.2830798275401556
5,fst_stat,EN,SVM_RBF,2,0.5445544554455446,0.5051005100510051,0.26525005049678496
5,fst_stat,EN,SVM_Lin,2,0.5544554455445545,0.513460896651463,0.2830798275401556
5,fst_stat,EN,GBM,2,0.5346534653465347,0.49448944894489455,0.24996902983591204
5,fst_stat,EN,RF,3,0.6633663366336634,0.5858029378902717,0.4713625311656148
5,fst_stat,EN,XGB,3,0.6534653465346535,0.5778287506169971,0.4537303965820021
5,fst_stat,EN,LR,3,0.6732673267326733,0.5953345334533453,0.4886726535814548
5,fst_stat,EN,SVM_RBF,3,0.6237623762376238,0.5555850396940358,0.4027610921222291
5,fst_stat,EN,SVM_Lin,3,0.6732673267326733,0.5953345334533453,0.4886726535814548
5,fst_stat,EN,GBM,3,0.6633663366336634,0.5858029378902717,0.4713625311656148
5,fst_stat,EN,RF,4,0.6,0.5864380952380952,0.3734030183751045
5,fst_stat,EN,XGB,4,0.62,0.6096938826466916,0.40634021818200405
5,fst_stat,EN,LR,4,0.63,0.6123137388926863,0.4193654987066929
5,fst_stat,EN,SVM_RBF,4,0.56,0.547747410817031,0.3023314405355146
5,fst_stat,EN,SVM_Lin,4,0.57,0.5881578947368421,0.3671745550236575
5,fst_stat,EN,GBM,4,0.61,0.5988948948948949,0.3917331953594844
10,stat,RF,RF,0,0.7029702970297029,0.62705274301015,0.5523758781691804
10,stat,RF,XGB,0,0.7128712871287128,0.6343705799151343,0.5659990223010214
10,stat,RF,LR,0,0.7128712871287128,0.6343705799151343,0.5659990223010214
10,stat,RF,SVM_RBF,0,0.7029702970297029,0.62705274301015,0.5523758781691804
10,stat,RF,SVM_Lin,0,0.7128712871287128,0.6343705799151343,0.5659990223010214
10,stat,RF,GBM,0,0.7128712871287128,0.6343705799151343,0.5659990223010214
10,stat,RF,RF,1,0.6138613861386139,0.613156843412427,0.4018884688518543
10,stat,RF,XGB,1,0.5841584158415841,0.5815887404875573,0.3535693153516181
10,stat,RF,LR,1,0.7227722772277227,0.7221572157215721,0.5767481263931297
10,stat,RF,SVM_RBF,1,0.6435643564356436,0.6446233897031002,0.5090284529908825
10,stat,RF,SVM_Lin,1,0.6237623762376238,0.6189236665602045,0.4852332934003088
10,stat,RF,GBM,1,0.594059405940594,0.5932420314184071,0.3711611900070116
10,stat,RF,RF,2,0.7623762376237624,0.7521518112781118,0.6415167498802452
10,stat,RF,XGB,2,0.7623762376237624,0.7532611468533149,0.643256877056637
10,stat,RF,LR,2,0.7227722772277227,0.7377278268367378,0.594820435322948
10,stat,RF,SVM_RBF,2,0.7128712871287128,0.7305019975681779,0.5781404788707614
10,stat,RF,SVM_Lin,2,0.7227722772277227,0.7400857968062635,0.5971929831675932
10,stat,RF,GBM,2,0.7623762376237624,0.7527778951437107,0.6441131592401613
10,stat,RF,RF,3,0.693069306930693,0.6455445544554456,0.5257077638518514
10,stat,RF,XGB,3,0.7128712871287128,0.6825396825396824,0.5553848776493938
10,stat,RF,LR,3,0.7227722772277227,0.6901811060226902,0.5743909998941413
10,stat,RF,SVM_RBF,3,0.7326732673267327,0.7062257246132776,0.5891052699803759
10,stat,RF,SVM_Lin,3,0.7128712871287128,0.6724921705302369,0.5616695453712665
10,stat,RF,GBM,3,0.693069306930693,0.6642256062340929,0.5216644853184117
10,stat,RF,RF,4,0.71,0.6751527963607171,0.5531182615753297
10,stat,RF,XGB,4,0.68,0.648952380952381,0.5111063925968917
10,stat,RF,LR,4,0.71,0.6871821302256674,0.5533211949243517
10,stat,RF,SVM_RBF,4,0.71,0.6902111978198934,0.5624183885220437
10,stat,RF,SVM_Lin,4,0.7,0.6659989255976362,0.5380721658263335
10,stat,RF,GBM,4,0.68,0.6473364030335861,0.5081671286094367
10,stat,LR,RF,0,0.6732673267326733,0.644219459539939,0.4823657078765295
10,stat,LR,XGB,0,0.7227722772277227,0.7182456042690902,0.5650924704083486
10,stat,LR,LR,0,0.6732673267326733,0.6531152868480686,0.4828421180861885
10,stat,LR,SVM_RBF,0,0.7128712871287128,0.6613278974956319,0.5587383586030682
10,stat,LR,SVM_Lin,0,0.7128712871287128,0.6332640732333129,0.5641490065251218
10,stat,LR,GBM,0,0.6732673267326733,0.6627942087948762,0.4841202746883001
10,stat,LR,RF,1,0.6633663366336634,0.6564219065225263,0.47382747707602957
10,stat,LR,XGB,1,0.6435643564356436,0.6405940594059406,0.4474969474969475
10,stat,LR,LR,1,0.6831683168316832,0.664529641549763,0.49788347721944476
10,stat,LR,SVM_RBF,1,0.7128712871287128,0.6899072830279361,0.5487816051011735
10,stat,LR,SVM_Lin,1,0.6534653465346535,0.631609172364954,0.44922092785499845
10,stat,LR,GBM,1,0.5841584158415841,0.5778412308212673,0.3499672708656517
10,stat,LR,RF,2,0.7920792079207921,0.788421872087541,0.6864698436499933
10,stat,LR,XGB,2,0.8118811881188119,0.8099009900990101,0.7095543345543346
10,stat,LR,LR,2,0.7821782178217822,0.7801257225993603,0.6629440380693763
10,stat,LR,SVM_RBF,2,0.8217821782178217,0.8179172134080879,0.7219963321165865
10,stat,LR,SVM_Lin,2,0.7722772277227723,0.769616478195021,0.648582884703572
10,stat,LR,GBM,2,0.801980198019802,0.8000000000000002,0.6941391941391941
10,stat,LR,RF,3,0.7623762376237624,0.7542228745927058,0.6268265354796593
10,stat,LR,XGB,3,0.7920792079207921,0.7880779133369508,0.67488705753177
10,stat,LR,LR,3,0.7623762376237624,0.7261973620042416,0.6379247272140246
10,stat,LR,SVM_RBF,3,0.7425742574257426,0.7038194263764647,0.6006977306896506
10,stat,LR,SVM_Lin,3,0.7722772277227723,0.7319624270119319,0.6531121665254357
10,stat,LR,GBM,3,0.7821782178217822,0.7779131759329779,0.6589985762849329
10,stat,LR,RF,4,0.7,0.6933793535233539,0.5303464108568828
10,stat,LR,XGB,4,0.7,0.7075741807164829,0.5364028622213659
10,stat,LR,LR,4,0.72,0.7214588235294118,0.5627463447258276
10,stat,LR,SVM_RBF,4,0.71,0.7004537534485263,0.5492972359777532
10,stat,LR,SVM_Lin,4,0.73,0.7113721804511277,0.5780367990298758
10,stat,LR,GBM,4,0.72,0.7129302086897024,0.561276925508483
10,stat,EN,RF,0,0.7128712871287128,0.7017944560751782,0.5486673887267236
10,stat,EN,XGB,0,0.6732673267326733,0.6620729923341098,0.4897550585440057
10,stat,EN,LR,0,0.6534653465346535,0.6455615302030667,0.45750567663457686
10,stat,EN,SVM_RBF,0,0.693069306930693,0.6700728896419055,0.5166343264364638
10,stat,EN,SVM_Lin,0,0.6534653465346535,0.643381969775925,0.45597537481893474
10,stat,EN,GBM,0,0.6831683168316832,0.6744814152042679,0.5049537048384224
10,stat,EN,RF,1,0.7227722772277227,0.7124678608463428,0.5640803675474061
10,stat,EN,XGB,1,0.6831683168316832,0.6724611624539759,0.5030263883556233
10,stat,EN,LR,1,0.7524752475247525,0.7440666085991066,0.6106790101035983
10,stat,EN,SVM_RBF,1,0.7326732673267327,0.71810972123386,0.5795802405655763
10,stat,EN,SVM_Lin,1,0.7524752475247525,0.7440666085991066,0.6106790101035983
10,stat,EN,GBM,1,0.693069306930693,0.6773164711429127,0.5174164907267976
10,stat,EN,RF,2,0.7425742574257426,0.7401776732295079,0.5971551354727331
10,stat,EN,XGB,2,0.7425742574257426,0.7418288510773273,0.6096494264163256
10,stat,EN,LR,2,0.7425742574257426,0.7409266397464076,0.599298001312079
10,stat,EN,SVM_RBF,2,0.7920792079207921,0.7895637632210202,0.673703528208969
10,stat,EN,SVM_Lin,2,0.7524752475247525,0.7472256375964393,0.6113631277920795
10,stat,EN,GBM,2,0.7128712871287128,0.712921467585355,0.5627162747326593
10,stat,EN,RF,3,0.7722772277227723,0.7679231706954479,0.6450429994619399
10,stat,EN,XGB,3,0.7920792079207921,0.785543139588889,0.6743073191166027
10,stat,EN,LR,3,0.7524752475247525,0.7178274528483777,0.621119720054761
10,stat,EN,SVM_RBF,3,0.7524752475247525,0.7474538620535252,0.6116269698254493
10,stat,EN,SVM_Lin,3,0.7425742574257426,0.70713586272285,0.6066301828278585
10,stat,EN,GBM,3,0.7920792079207921,0.785543139588889,0.6743073191166027
10,stat,EN,RF,4,0.74,0.7363886113886114,0.5898993910107871
10,stat,EN,XGB,4,0.74,0.7379731682146542,0.5903431879263865
10,stat,EN,LR,4,0.78,0.7766072484582242,0.6544235072327099
10,stat,EN,SVM_RBF,4,0.74,0.729337672935684,0.5900683961013595
10,stat,EN,SVM_Lin,4,0.75,0.7445713166144201,0.6043453300609546
10,stat,EN,GBM,4,0.74,0.7359382151029749,0.5908749152284061
10,FST,RF,RF,0,0.7227722772277227,0.6704657304743402,0.5835082398332325
10,FST,RF,XGB,0,0.693069306930693,0.6486988909639121,0.5271477012344408
10,FST,RF,LR,0,0.7227722772277227,0.6704657304743402,0.5835082398332325
10,FST,RF,SVM_RBF,0,0.7227722772277227,0.6704657304743402,0.5835082398332325
10,FST,RF,SVM_Lin,0,0.7128712871287128,0.6617010583479375,0.5682726356946264
10,FST,RF,GBM,0,0.693069306930693,0.6486988909639121,0.5271477012344408
10,FST,RF,RF,1,0.6039603960396039,0.5961610779646859,0.3762761065576079
10,FST,RF,XGB,1,0.6039603960396039,0.5961610779646859,0.3762761065576079
10,FST,RF,LR,1,0.6534653465346535,0.6569185601565812,0.4707821418737329
10,FST,RF,SVM_RBF,1,0.693069306930693,0.6183629729479642,0.5367090694558015
10,FST,RF,SVM_Lin,1,0.6732673267326733,0.6,0.4959846388530653
10,FST,RF,GBM,1,0.5544554455445545,0.5549644401059824,0.30154060277124956
10,FST,RF,RF,2,0.7326732673267327,0.67992630863918,0.5977417084128114
10,FST,RF,XGB,2,0.7326732673267327,0.6868083867210251,0.5935196061956166
10,FST,RF,LR,2,0.7227722772277227,0.6679009817402171,0.5790744309157777
10,FST,RF,SVM_RBF,2,0.7227722772277227,0.6603064536770953,0.5835082398332325
10,FST,RF,SVM_Lin,2,0.7128712871287128,0.6476147614761476,0.5645999238309283
10,FST,RF,GBM,2,0.7326732673267327,0.6889536012424773,0.592546104861858
10,FST,RF,RF,3,0.6633663366336634,0.6238075730449543,0.4753246076505695
10,FST,RF,XGB,3,0.6732673267326733,0.6407760452158575,0.49086429330644715
10,FST,RF,LR,3,0.6435643564356436,0.5964375660867057,0.4440618586634884
10,FST,RF,SVM_RBF,3,0.6633663366336634,0.6221916746130058,0.4753556923912275
10,FST,RF,SVM_Lin,3,0.6435643564356436,0.6050059364372543,0.44438313503830423
10,FST,RF,GBM,3,0.6831683168316832,0.6509375876858942,0.5079540187886779
10,FST,RF,RF,4,0.68,0.6575843417675101,0.5020453452957664
10,FST,RF,XGB,4,0.69,0.6675117676204633,0.5273439645418726
10,FST,RF,LR,4,0.68,0.6493700623700625,0.49930526868210845
10,FST,RF,SVM_RBF,4,0.7,0.6748221054308011,0.5473725448766205
10,FST,RF,SVM_Lin,4,0.67,0.631557734204793,0.5024954609306219
10,FST,RF,GBM,4,0.7,0.6745164021164021,0.5303410403245031
10,FST,LR,RF,0,0.5346534653465347,0.5312190981300884,0.27080524416452295
10,FST,LR,XGB,0,0.5346534653465347,0.5308502193664654,0.2702237895271403
10,FST,LR,LR,0,0.5544554455445545,0.5415584111602649,0.2946172377684714
10,FST,LR,SVM_RBF,0,0.5742574257425742,0.5563438696810857,0.32592729326651115
10,FST,LR,SVM_Lin,0,0.5445544554455446,0.5417180536329139,0.28782640958602873
10,FST,LR,GBM,0,0.5346534653465347,0.5373250875636135,0.2769439820350356
10,FST,LR,RF,1,0.6633663366336634,0.663933216851097,0.47563783536304544
10,FST,LR,XGB,1,0.6435643564356436,0.6419014978420919,0.4424392139362812
10,FST,LR,LR,1,0.6732673267326733,0.6613652436672238,0.48223856450445984
10,FST,LR,SVM_RBF,1,0.7029702970297029,0.688362353476727,0.5341908362830965
10,FST,LR,SVM_Lin,1,0.6633663366336634,0.6520515277334186,0.467030774716128
10,FST,LR,GBM,1,0.6435643564356436,0.6441330599857408,0.44689799149301485
10,FST,LR,RF,2,0.6435643564356436,0.6072376468416073,0.4341777305641653
10,FST,LR,XGB,2,0.6336633663366337,0.5980807311500381,0.41800678269037955
10,FST,LR,LR,2,0.6039603960396039,0.5694209420942095,0.36768092091102705
10,FST,LR,SVM_RBF,2,0.6435643564356436,0.61336702169751,0.4353214767848864
10,FST,LR,SVM_Lin,2,0.594059405940594,0.5718312902718843,0.3548135818032268
10,FST,LR,GBM,2,0.6336633663366337,0.5980807311500381,0.41800678269037955
10,FST,LR,RF,3,0.6534653465346535,0.616316134719062,0.5053182487683836
10,FST,LR,XGB,3,0.6633663366336634,0.6254281434817563,0.5308989073794613
10,FST,LR,LR,3,0.6435643564356436,0.6169724458709608,0.4732978868505395
10,FST,LR,SVM_RBF,3,0.6435643564356436,0.5980616481009849,0.49070579759971683
10,FST,LR,SVM_Lin,3,0.6534653465346535,0.616714062383682,0.5007600329190607
10,FST,LR,GBM,3,0.6732673267326733,0.6424778859372613,0.5449139480627633
10,FST,LR,RF,4,0.64,0.6046407904022583,0.45362806259969024
10,FST,LR,XGB,4,0.66,0.62189146013054,0.48790896842416026
10,FST,LR,LR,4,0.68,0.6727352941176471,0.5058535478647608
10,FST,LR,SVM_RBF,4,0.66,0.62189146013054,0.48790896842416026
10,FST,LR,SVM_Lin,4,0.68,0.6679318766791289,0.5067388430501446
10,FST,LR,GBM,4,0.64,0.602054054054054,0.4587059496242239
10,FST,EN,RF,0,0.7227722772277227,0.7065492640813377,0.5696450950071011
10,FST,EN,XGB,0,0.7128712871287128,0.6991797771326429,0.5522908074951588
10,FST,EN,LR,0,0.801980198019802,0.8089042351723756,0.6998642820051654
10,FST,EN,SVM_RBF,0,0.801980198019802,0.8108334642988109,0.7016952276230204
10,FST,EN,SVM_Lin,0,0.7623762376237624,0.7748565200335604,0.6477639892874488
10,FST,EN,GBM,0,0.7128712871287128,0.6991797771326429,0.5522908074951588
10,FST,EN,RF,1,0.7128712871287128,0.7069149522265422,0.5486673887267236
10,FST,EN,XGB,1,0.7029702970297029,0.6966265893770164,0.5343975925692189
10,FST,EN,LR,1,0.6831683168316832,0.6775213573257234,0.5041804981902256
10,FST,EN,SVM_RBF,1,0.693069306930693,0.6815772089069082,0.5143747459440823
10,FST,EN,SVM_Lin,1,0.6732673267326733,0.667084511244537,0.489390590957226
10,FST,EN,GBM,1,0.7029702970297029,0.6966265893770164,0.5343975925692189
10,FST,EN,RF,2,0.7425742574257426,0.7274593189656045,0.6037097293048651
10,FST,EN,XGB,2,0.7425742574257426,0.7274593189656045,0.6037097293048651
10,FST,EN,LR,2,0.7425742574257426,0.7279995978454431,0.6072191208154474
10,FST,EN,SVM_RBF,2,0.7227722772277227,0.6992742856707722,0.5701685906890378
10,FST,EN,SVM_Lin,2,0.7326732673267327,0.7131883080781196,0.5882541863182955
10,FST,EN,GBM,2,0.7326732673267327,0.7175570498226292,0.5866295639957619
10,FST,EN,RF,3,0.7524752475247525,0.7297428643963297,0.6130318705211097
10,FST,EN,XGB,3,0.7722772277227723,0.7493687057558348,0.6471966239807454
10,FST,EN,LR,3,0.7722772277227723,0.7433490771757588,0.653936463500344
10,FST,EN,SVM_RBF,3,0.7722772277227723,0.7348427150407348,0.6595046897258731
10,FST,EN,SVM_Lin,3,0.7722772277227723,0.7332695263843098,0.6587745138382081
10,FST,EN,GBM,3,0.7524752475247525,0.7313504445091799,0.6125980364286294
10,FST,EN,RF,4,0.73,0.7307233687721493,0.5809433685367591
10,FST,EN,XGB,4,0.73,0.7395333433689598,0.5950945179604972
10,FST,EN,LR,4,0.75,0.7587803187803189,0.6234409666595967
10,FST,EN,SVM_RBF,4,0.76,0.7705958132045089,0.6447924406953454
10,FST,EN,SVM_Lin,4,0.72,0.7151210036682372,0.5618583782280583
10,FST,EN,GBM,4,0.71,0.7121098901098901,0.5510027231351111
10,fst_stat,RF,RF,0,0.7128712871287128,0.6539288695745635,0.5682726356946264
10,fst_stat,RF,XGB,0,0.7029702970297029,0.6444648695186793,0.5479735203739883
10,fst_stat,RF,LR,0,0.6831683168316832,0.6299403227994033,0.5120148418099109
10,fst_stat,RF,SVM_RBF,0,0.7128712871287128,0.6378829663788296,0.5761709132355047
10,fst_stat,RF,SVM_Lin,0,0.7029702970297029,0.6291872306496704,0.5609855526294812
10,fst_stat,RF,GBM,0,0.6732673267326733,0.6240682740560674,0.4922578468277051
10,fst_stat,RF,RF,1,0.6732673267326733,0.6587592825050731,0.5193970164584152
10,fst_stat,RF,XGB,1,0.6435643564356436,0.6292244034966068,0.472073482607972
10,fst_stat,RF,LR,1,0.7227722772277227,0.7214630264910505,0.5716703282394473
10,fst_stat,RF,SVM_RBF,1,0.6633663366336634,0.6479704236408296,0.5005426037408102
10,fst_stat,RF,SVM_Lin,1,0.6831683168316832,0.6845297108621313,0.517230365863383
10,fst_stat,RF,GBM,1,0.6435643564356436,0.627471108314845,0.47821233095845905
10,fst_stat,RF,RF,2,0.7227722772277227,0.6706187317760903,0.578028529251068
10,fst_stat,RF,XGB,2,0.7227722772277227,0.6706187317760903,0.578028529251068
10,fst_stat,RF,LR,2,0.7128712871287128,0.6587198727179989,0.5597392672938004
10,fst_stat,RF,SVM_RBF,2,0.7227722772277227,0.6706187317760903,0.578028529251068
10,fst_stat,RF,SVM_Lin,2,0.7128712871287128,0.6587198727179989,0.5597392672938004
10,fst_stat,RF,GBM,2,0.7227722772277227,0.6706187317760903,0.578028529251068
10,fst_stat,RF,RF,3,0.801980198019802,0.804339529206186,0.6946702946945127
10,fst_stat,RF,XGB,3,0.8217821782178217,0.8243591482435916,0.7255241644236885
10,fst_stat,RF,LR,3,0.7623762376237624,0.7669216479459934,0.6348821719376952
10,fst_stat,RF,SVM_RBF,3,0.7920792079207921,0.7938642234558836,0.6786852258151392
10,fst_stat,RF,SVM_Lin,3,0.7722772277227723,0.7750248709081435,0.6481108276599684
10,fst_stat,RF,GBM,3,0.8118811881188119,0.8140882007008702,0.709318294050424
10,fst_stat,RF,RF,4,0.73,0.7319787974582495,0.578784023989622
10,fst_stat,RF,XGB,4,0.68,0.6859654699917787,0.5047443328661091
10,fst_stat,RF,LR,4,0.69,0.6948371047985877,0.5238779295339296
10,fst_stat,RF,SVM_RBF,4,0.7,0.6606838571044855,0.5380721658263335
10,fst_stat,RF,SVM_Lin,4,0.66,0.6200871459694989,0.4841695870819486
10,fst_stat,RF,GBM,4,0.69,0.6989459815546772,0.5253788889036429
10,fst_stat,LR,RF,0,0.594059405940594,0.5743752946723244,0.3548135818032268
10,fst_stat,LR,XGB,0,0.6039603960396039,0.5820992820931578,0.3683209983220633
10,fst_stat,LR,LR,0,0.594059405940594,0.5813066560202771,0.3569973874550581
10,fst_stat,LR,SVM_RBF,0,0.6039603960396039,0.5893348263397767,0.37121457574470323
10,fst_stat,LR,SVM_Lin,0,0.594059405940594,0.5831931057612388,0.3585780733532363
10,fst_stat,LR,GBM,0,0.5742574257425742,0.5563015064393038,0.32297572311831896
10,fst_stat,LR,RF,1,0.6435643564356436,0.6331562344042264,0.44468828260956716
10,fst_stat,LR,XGB,1,0.6138613861386139,0.6049306049797184,0.3868640324669764
10,fst_stat,LR,LR,1,0.6435643564356436,0.6234528460209791,0.4332925587734319
10,fst_stat,LR,SVM_RBF,1,0.6633663366336634,0.6546688329422004,0.47453945660832997
10,fst_stat,LR,SVM_Lin,1,0.6534653465346535,0.6395834364424328,0.45200742333337735
10,fst_stat,LR,GBM,1,0.6435643564356436,0.6336830111582586,0.4368185515106088
10,fst_stat,LR,RF,2,0.693069306930693,0.6934672190623318,0.5179892346610282
10,fst_stat,LR,XGB,2,0.6732673267326733,0.6747088381887721,0.49163616110609304
10,fst_stat,LR,LR,2,0.7128712871287128,0.7135327258529724,0.5522092084705286
10,fst_stat,LR,SVM_RBF,2,0.6633663366336634,0.6593337214293339,0.4719706925747598
10,fst_stat,LR,SVM_Lin,2,0.6831683168316832,0.6795862513080576,0.5018311642075353
10,fst_stat,LR,GBM,2,0.693069306930693,0.6946518358118451,0.522680395099038
10,fst_stat,LR,RF,3,0.7128712871287128,0.6824067022086824,0.5690928119610473
10,fst_stat,LR,XGB,3,0.7029702970297029,0.6784162952377711,0.5370946842584432
10,fst_stat,LR,LR,3,0.7326732673267327,0.6976648356972741,0.5881566256730648
10,fst_stat,LR,SVM_RBF,3,0.6633663366336634,0.6358960282928522,0.4754940016860112
10,fst_stat,LR,SVM_Lin,3,0.7326732673267327,0.6967897869409072,0.5858187935909098
10,fst_stat,LR,GBM,3,0.6831683168316832,0.6668752846488513,0.49965391902647727
10,fst_stat,LR,RF,4,0.67,0.6440238095238096,0.4836736118163846
10,fst_stat,LR,XGB,4,0.67,0.6497780475959203,0.4847530252038021
10,fst_stat,LR,LR,4,0.61,0.5964310833701576,0.38076378118586546
10,fst_stat,LR,SVM_RBF,4,0.63,0.6054321995464852,0.4113161194437233
10,fst_stat,LR,SVM_Lin,4,0.62,0.5845153866738024,0.3963288330972835
10,fst_stat,LR,GBM,4,0.69,0.6716856737971523,0.5146831377611151
10,fst_stat,EN,RF,0,0.6534653465346535,0.6469836518535574,0.45333225430432106
10,fst_stat,EN,XGB,0,0.6534653465346535,0.6485409067222512,0.45597537481893474
10,fst_stat,EN,LR,0,0.7524752475247525,0.7480801321273008,0.6102160232966137
10,fst_stat,EN,SVM_RBF,0,0.7326732673267327,0.728928579132423,0.5798672461766752
10,fst_stat,EN,SVM_Lin,0,0.7128712871287128,0.6970223325062034,0.5464692078466563
10,fst_stat,EN,GBM,0,0.6039603960396039,0.6002558674351498,0.3809731431090121
10,fst_stat,EN,RF,1,0.7128712871287128,0.7101952471669931,0.5537211093738281
10,fst_stat,EN,XGB,1,0.7128712871287128,0.7095220633174427,0.5530750110178272
10,fst_stat,EN,LR,1,0.7425742574257426,0.7382428256446694,0.5950313981316641
10,fst_stat,EN,SVM_RBF,1,0.7227722772277227,0.7139732906164971,0.565879659530598
10,fst_stat,EN,SVM_Lin,1,0.7128712871287128,0.7080314638070413,0.5492884044468445
10,fst_stat,EN,GBM,1,0.7029702970297029,0.6985521983509586,0.5360799326008152
10,fst_stat,EN,RF,2,0.6534653465346535,0.6356078476094792,0.450312516961687
10,fst_stat,EN,XGB,2,0.6831683168316832,0.664529641549763,0.49788347721944476
10,fst_stat,EN,LR,2,0.6633663366336634,0.6549611302086549,0.4694671856243816
10,fst_stat,EN,SVM_RBF,2,0.6633663366336634,0.6335580366547293,0.4653764056996818
10,fst_stat,EN,SVM_Lin,2,0.693069306930693,0.6754039263128196,0.5147627044111331
10,fst_stat,EN,GBM,2,0.6138613861386139,0.5968763543020968,0.38684261452534235
10,fst_stat,EN,RF,3,0.7425742574257426,0.7068894930405707,0.6000077310997906
10,fst_stat,EN,XGB,3,0.7623762376237624,0.7370150226489205,0.6297664468860973
10,fst_stat,EN,LR,3,0.7623762376237624,0.7438873460516783,0.6272786962306115
10,fst_stat,EN,SVM_RBF,3,0.7425742574257426,0.7080339239597718,0.600749485028013
10,fst_stat,EN,SVM_Lin,3,0.7722772277227723,0.7320794621182273,0.6546560742439305
10,fst_stat,EN,GBM,3,0.7524752475247525,0.7345723084496738,0.610965268747932
10,fst_stat,EN,RF,4,0.71,0.7179006211180123,0.5588825294593315
10,fst_stat,EN,XGB,4,0.71,0.7160183322155151,0.5564521924304809
10,fst_stat,EN,LR,4,0.72,0.7252056277056278,0.56971214035434
10,fst_stat,EN,SVM_RBF,4,0.7,0.7053768115942028,0.5433924371794165
10,fst_stat,EN,SVM_Lin,4,0.72,0.7270042477084729,0.5719565722697253
10,fst_stat,EN,GBM,4,0.7,0.7067577639751552,0.5433924371794165
15,stat,RF,RF,0,0.7326732673267327,0.712484790005451,0.5954558904102478
15,stat,RF,XGB,0,0.6831683168316832,0.6745773038842345,0.5002623893582081
15,stat,RF,LR,0,0.693069306930693,0.6826173052087817,0.5157249385794076
15,stat,RF,SVM_RBF,0,0.7227722772277227,0.7024309717499263,0.5819876437863836
15,stat,RF,SVM_Lin,0,0.7128712871287128,0.6660454280722189,0.557992319301207
15,stat,RF,GBM,0,0.7227722772277227,0.7036762806715454,0.5807084015749623
15,stat,RF,RF,1,0.7524752475247525,0.7519258402142833,0.6177752282811169
15,stat,RF,XGB,1,0.7326732673267327,0.7360623366521828,0.5934045667269026
15,stat,RF,LR,1,0.7326732673267327,0.7391096130889685,0.5920213609853541
15,stat,RF,SVM_RBF,1,0.7722772277227723,0.7699832449369599,0.6474768752500168
15,stat,RF,SVM_Lin,1,0.7128712871287128,0.7152865016468902,0.5649844898868791
15,stat,RF,GBM,1,0.7326732673267327,0.7371531120254498,0.5926245411799392
15,stat,RF,RF,2,0.7920792079207921,0.7839652363315772,0.6820191634228361
15,stat,RF,XGB,2,0.7623762376237624,0.7546596485699106,0.6385437490005244
15,stat,RF,LR,2,0.7425742574257426,0.7303844012618338,0.6040766425219836
15,stat,RF,SVM_RBF,2,0.7326732673267327,0.7244392142906808,0.591338645623792
15,stat,RF,SVM_Lin,2,0.7623762376237624,0.7564188692185428,0.6422315471661636
15,stat,RF,GBM,2,0.7425742574257426,0.7330538442647839,0.6071526958737037
15,stat,RF,RF,3,0.7128712871287128,0.7033388020455027,0.5495529794373987
15,stat,RF,XGB,3,0.7128712871287128,0.705363753766681,0.5503237478343964
15,stat,RF,LR,3,0.7227722772277227,0.7083402813965607,0.5680742986815175
15,stat,RF,SVM_RBF,3,0.7326732673267327,0.7199554011952148,0.5829915322551462
15,stat,RF,SVM_Lin,3,0.7524752475247525,0.7167617938264415,0.6333243396182098
15,stat,RF,GBM,3,0.7227722772277227,0.7192716338777901,0.5653782129117239
15,stat,RF,RF,4,0.75,0.7623490945674044,0.626123777759591
15,stat,RF,XGB,4,0.79,0.797847330898974,0.6855268010552562
15,stat,RF,LR,4,0.77,0.7787264009589453,0.6527854536674417
15,stat,RF,SVM_RBF,4,0.78,0.7920476783490481,0.6743534780443539
15,stat,RF,SVM_Lin,4,0.74,0.7537932490045165,0.6184753329292844
15,stat,RF,GBM,4,0.74,0.7515297906602254,0.614014758561916
15,stat,LR,RF,0,0.693069306930693,0.6599416429378452,0.5165743745303482
15,stat,LR,XGB,0,0.7326732673267327,0.7310677013647311,0.5816906425892721
15,stat,LR,LR,0,0.6732673267326733,0.6563296148619387,0.4827620849998899
15,stat,LR,SVM_RBF,0,0.6732673267326733,0.6320632063206321,0.48407259006540965
15,stat,LR,SVM_Lin,0,0.6831683168316832,0.6277717002469477,0.502467292308051
15,stat,LR,GBM,0,0.7128712871287128,0.7140287881710861,0.5527532240614246
15,stat,LR,RF,1,0.7425742574257426,0.7310906994313889,0.5975526135968715
15,stat,LR,XGB,1,0.6831683168316832,0.6798246428770457,0.5113158454388392
15,stat,LR,LR,1,0.7326732673267327,0.7285536245932285,0.5788265921657462
15,stat,LR,SVM_RBF,1,0.7326732673267327,0.7232107826167232,0.5784935094996383
15,stat,LR,SVM_Lin,1,0.7326732673267327,0.7273927392739274,0.5790593586474512
15,stat,LR,GBM,1,0.7029702970297029,0.7004376589420459,0.5392067355145007
15,stat,LR,RF,2,0.8316831683168316,0.8283972838339194,0.7418311001556157
15,stat,LR,XGB,2,0.8118811881188119,0.8100352074563448,0.7122836676836094
15,stat,LR,LR,2,0.7920792079207921,0.7877807292924414,0.678313911495624
15,stat,LR,SVM_RBF,2,0.801980198019802,0.7998940137916231,0.6928400945647651
15,stat,LR,SVM_Lin,2,0.7722772277227723,0.7688770232036753,0.6474768752500168
15,stat,LR,GBM,2,0.8118811881188119,0.8099316260739998,0.7107074013950708
15,stat,LR,RF,3,0.7425742574257426,0.7211888942855144,0.6074374065110089
15,stat,LR,XGB,3,0.7326732673267327,0.7207100111419592,0.592011791421321
15,stat,LR,LR,3,0.7326732673267327,0.7211568525273581,0.5865005942338832
15,stat,LR,SVM_RBF,3,0.7326732673267327,0.7117706816424078,0.5886948636956751
15,stat,LR,SVM_Lin,3,0.7425742574257426,0.7273130538860337,0.6079511353982605
15,stat,LR,GBM,3,0.7623762376237624,0.7459644380095046,0.6409260408219324
15,stat,LR,RF,4,0.7,0.7102631751227496,0.5443637035143534
15,stat,LR,XGB,4,0.68,0.6819880952380951,0.5034270471850545
15,stat,LR,LR,4,0.75,0.752498025551684,0.610834069826871
15,stat,LR,SVM_RBF,4,0.71,0.7181147814481147,0.5553363824044937
15,stat,LR,SVM_Lin,4,0.71,0.7168317418017617,0.5554457086199763
15,stat,LR,GBM,4,0.67,0.6758652458652459,0.4940210373138495
15,stat,EN,RF,0,0.7425742574257426,0.720206471866699,0.5951110797346078
15,stat,EN,XGB,0,0.7524752475247525,0.7388714481204218,0.6120843130871896
15,stat,EN,LR,0,0.7821782178217822,0.7725992111406262,0.6593356626070414
15,stat,EN,SVM_RBF,0,0.7623762376237624,0.713351211886272,0.6356607354082477
15,stat,EN,SVM_Lin,0,0.7326732673267327,0.7180217038662378,0.5783701375312522
15,stat,EN,GBM,0,0.7623762376237624,0.7563639621880741,0.627609533050624
15,stat,EN,RF,1,0.7623762376237624,0.7562971021823854,0.6330415154615646
15,stat,EN,XGB,1,0.7227722772277227,0.718911834924702,0.5718651430954536
15,stat,EN,LR,1,0.7920792079207921,0.7880853751416418,0.681193807245822
15,stat,EN,SVM_RBF,1,0.7722772277227723,0.7639985685315519,0.6440200297276244
15,stat,EN,SVM_Lin,1,0.7524752475247525,0.7422119427132586,0.6103906939061522
15,stat,EN,GBM,1,0.7029702970297029,0.701020265405993,0.5418712789639885
15,stat,EN,RF,2,0.8118811881188119,0.8039523464541577,0.7065870121268932
15,stat,EN,XGB,2,0.801980198019802,0.797136691691147,0.6967960492155466
15,stat,EN,LR,2,0.7920792079207921,0.7890850530836215,0.6753215105609377
15,stat,EN,SVM_RBF,2,0.8217821782178217,0.8192852391373509,0.7213801628551257
15,stat,EN,SVM_Lin,2,0.7920792079207921,0.7867152116169437,0.6755680115303988
15,stat,EN,GBM,2,0.7821782178217822,0.7779333633085274,0.6628495598777445
15,stat,EN,RF,3,0.8118811881188119,0.8026315277206102,0.7068542270058412
15,stat,EN,XGB,3,0.801980198019802,0.7954441296878989,0.690010579257432
15,stat,EN,LR,3,0.7821782178217822,0.7746715848055394,0.6597116883585266
15,stat,EN,SVM_RBF,3,0.7821782178217822,0.7718566019535885,0.6641634991117353
15,stat,EN,SVM_Lin,3,0.7821782178217822,0.7718566019535885,0.6641634991117353
15,stat,EN,GBM,3,0.7920792079207921,0.7877835748314265,0.6747567044875268
15,stat,EN,RF,4,0.79,0.7741643684500826,0.6830749339999048
15,stat,EN,XGB,4,0.8,0.7960838894990284,0.6864324828860584
15,stat,EN,LR,4,0.79,0.7843312693498453,0.6708152691595363
15,stat,EN,SVM_RBF,4,0.78,0.768879238285566,0.6639022074427534
15,stat,EN,SVM_Lin,4,0.79,0.7852816864295125,0.6727111809318899
15,stat,EN,GBM,4,0.71,0.7091206517522308,0.5456111754026639
15,FST,RF,RF,0,0.7722772277227723,0.7438657841948877,0.668821786916191
15,FST,RF,XGB,0,0.7722772277227723,0.7448759439050702,0.6622304820352614
15,FST,RF,LR,0,0.7722772277227723,0.7361716171617161,0.6696915550621506
15,FST,RF,SVM_RBF,0,0.7623762376237624,0.7273671996484794,0.6553527370906526
15,FST,RF,SVM_Lin,0,0.7425742574257426,0.7089228890999649,0.6200604809210146
15,FST,RF,GBM,0,0.7722772277227723,0.7448759439050702,0.6622304820352614
15,FST,RF,RF,1,0.7326732673267327,0.7200293607956113,0.5788030322723201
15,FST,RF,XGB,1,0.7128712871287128,0.7039815632417131,0.547583116159059
15,FST,RF,LR,1,0.7128712871287128,0.7007559444247332,0.5470764527223522
15,FST,RF,SVM_RBF,1,0.7227722772277227,0.7110801088933288,0.5635958601520766
15,FST,RF,SVM_Lin,1,0.7029702970297029,0.6893766299706895,0.5303915519314741
15,FST,RF,GBM,1,0.7128712871287128,0.7053890044627829,0.5482045429950768
15,FST,RF,RF,2,0.7623762376237624,0.7244442098436804,0.6412427159862628
15,FST,RF,XGB,2,0.7524752475247525,0.715064737242955,0.6223731484107264
15,FST,RF,LR,2,0.7425742574257426,0.7041214890719841,0.6049564135260513
15,FST,RF,SVM_RBF,2,0.7128712871287128,0.663914193105996,0.5571034534829598
15,FST,RF,SVM_Lin,2,0.7128712871287128,0.6687536400698894,0.5587383586030682
15,FST,RF,GBM,2,0.7425742574257426,0.7007232240525039,0.603957676302632
15,FST,RF,RF,3,0.7425742574257426,0.7349778813497788,0.6075808323388392
15,FST,RF,XGB,3,0.7326732673267327,0.7244885778900471,0.5913557125130647
15,FST,RF,LR,3,0.7227722772277227,0.7177965245504142,0.5732955026640305
15,FST,RF,SVM_RBF,3,0.7227722772277227,0.712466774161199,0.57852313813406
15,FST,RF,SVM_Lin,3,0.7128712871287128,0.706104223867765,0.5648212575326459
15,FST,RF,GBM,3,0.7524752475247525,0.7474640805951147,0.6222367091398623
15,FST,RF,RF,4,0.76,0.7568315826330533,0.6320159650167592
15,FST,RF,XGB,4,0.74,0.7383048109445202,0.596383600212109
15,FST,RF,LR,4,0.75,0.7467901812303243,0.6096606035878378
15,FST,RF,SVM_RBF,4,0.74,0.7365252100840337,0.5992350539681721
15,FST,RF,SVM_Lin,4,0.71,0.708563998649105,0.5496277448727322
15,FST,RF,GBM,4,0.7,0.6982146620502785,0.5293959309437466
15,FST,LR,RF,0,0.6237623762376238,0.6093569487003567,0.40849047120932597
15,FST,LR,XGB,0,0.6237623762376238,0.6209065233140494,0.4134905990339559
15,FST,LR,LR,0,0.594059405940594,0.5921349168164899,0.3685351701103518
15,FST,LR,SVM_RBF,0,0.6237623762376238,0.6182068206820681,0.41080033298976254
15,FST,LR,SVM_Lin,0,0.5841584158415841,0.5853468992372579,0.35507622277676354
15,FST,LR,GBM,0,0.594059405940594,0.5943869336754842,0.37070267092510917
15,FST,LR,RF,1,0.6534653465346535,0.6416616345178822,0.4502622261541486
15,FST,LR,XGB,1,0.6138613861386139,0.6097560975609756,0.3971513693453017
15,FST,LR,LR,1,0.6732673267326733,0.6604352742966604,0.48228959436330987
15,FST,LR,SVM_RBF,1,0.6633663366336634,0.6424136890047821,0.4688079399113414
15,FST,LR,SVM_Lin,1,0.6435643564356436,0.6321366313846575,0.43424937937894825
15,FST,LR,GBM,1,0.594059405940594,0.5892175802946149,0.36614070965927503
15,FST,LR,RF,2,0.6633663366336634,0.6350761632611064,0.4698848080120965
15,FST,LR,XGB,2,0.6534653465346535,0.6298645993631621,0.45342747722518684
15,FST,LR,LR,2,0.6831683168316832,0.6606151761494882,0.50206526297885
15,FST,LR,SVM_RBF,2,0.6831683168316832,0.6528367122426528,0.5120893850346058
15,FST,LR,SVM_Lin,2,0.6831683168316832,0.6527025956359368,0.5045654222477935
15,FST,LR,GBM,2,0.6336633663366337,0.6063709257173595,0.4174475177508947
15,FST,LR,RF,3,0.6237623762376238,0.6315825189471969,0.4258837942883345
15,FST,LR,XGB,3,0.6534653465346535,0.6591312600967812,0.46534980410969745
15,FST,LR,LR,3,0.594059405940594,0.6069103521414477,0.38718734894228923
15,FST,LR,SVM_RBF,3,0.6138613861386139,0.6356552299736694,0.43842433838076816
15,FST,LR,SVM_Lin,3,0.5742574257425742,0.5908455246109406,0.3757524732640841
15,FST,LR,GBM,3,0.6336633663366337,0.6377137713771377,0.43150174484643355
15,FST,LR,RF,4,0.64,0.6339162861360242,0.4523025245067955
15,FST,LR,XGB,4,0.61,0.5946666666666667,0.4071502610714092
15,FST,LR,LR,4,0.68,0.6795122887864824,0.5194171152215639
15,FST,LR,SVM_RBF,4,0.65,0.624644323418517,0.47945059578733296
15,FST,LR,SVM_Lin,4,0.65,0.624644323418517,0.47945059578733296
15,FST,LR,GBM,4,0.62,0.6086171608501706,0.4241351281616847
15,FST,EN,RF,0,0.7524752475247525,0.7295816872327627,0.6173237707431777
15,FST,EN,XGB,0,0.7524752475247525,0.7499502128836465,0.6144601115664603
15,FST,EN,LR,0,0.7227722772277227,0.7070330320703304,0.5658634148948983
15,FST,EN,SVM_RBF,0,0.7524752475247525,0.7174739095531175,0.6209749317618365
15,FST,EN,SVM_Lin,0,0.6831683168316832,0.6762591556227561,0.5017354671631051
15,FST,EN,GBM,0,0.7326732673267327,0.7251592186245652,0.5796765555444418
15,FST,EN,RF,1,0.7128712871287128,0.713119782566492,0.5527724233072773
15,FST,EN,XGB,1,0.7227722772277227,0.7077514707992538,0.5635122952734628
15,FST,EN,LR,1,0.7326732673267327,0.7371858807502373,0.5863020487191015
15,FST,EN,SVM_RBF,1,0.7326732673267327,0.7293729372937294,0.5826373698691398
15,FST,EN,SVM_Lin,1,0.7425742574257426,0.7470480381371469,0.6038651650574027
15,FST,EN,GBM,1,0.693069306930693,0.6838304958449898,0.5175293965961979
15,FST,EN,RF,2,0.7821782178217822,0.771682759724743,0.6607678155953918
15,FST,EN,XGB,2,0.7623762376237624,0.752458176852168,0.6335612168230592
15,FST,EN,LR,2,0.7821782178217822,0.7732108614588167,0.6591177008839538
15,FST,EN,SVM_RBF,2,0.7425742574257426,0.730276774947986,0.6045469929197377
15,FST,EN,SVM_Lin,2,0.7524752475247525,0.7422839058099359,0.6115170074088341
15,FST,EN,GBM,2,0.7722772277227723,0.762367709639181,0.6477789116696576
15,FST,EN,RF,3,0.801980198019802,0.7884967638900139,0.6907455215912391
15,FST,EN,XGB,3,0.8415841584158416,0.8305063417734179,0.7559500731534199
15,FST,EN,LR,3,0.8514851485148515,0.8397230899560544,0.7700195060425133
15,FST,EN,SVM_RBF,3,0.8316831683168316,0.8208437020172605,0.7381914028666207
15,FST,EN,SVM_Lin,3,0.8514851485148515,0.8445816010172447,0.7710963373505454
15,FST,EN,GBM,3,0.801980198019802,0.7789476467956596,0.695668276461081
15,FST,EN,RF,4,0.79,0.7830994677541991,0.6733031520539812
15,FST,EN,XGB,4,0.76,0.7531876967582743,0.6257764006691976
15,FST,EN,LR,4,0.76,0.7516444082233555,0.622879564294687
15,FST,EN,SVM_RBF,4,0.79,0.7821795241528479,0.6772686234028423
15,FST,EN,SVM_Lin,4,0.77,0.7670941323345818,0.6392636225032322
15,FST,EN,GBM,4,0.72,0.7262071881606766,0.5712087566615406
15,fst_stat,RF,RF,0,0.7524752475247525,0.7074216257384573,0.6328518640101908
15,fst_stat,RF,XGB,0,0.7425742574257426,0.7003734369763399,0.6119610439208517
15,fst_stat,RF,LR,0,0.7128712871287128,0.663075131042516,0.5587383586030682
15,fst_stat,RF,SVM_RBF,0,0.7623762376237624,0.7006694672465746,0.6463506948863484
15,fst_stat,RF,SVM_Lin,0,0.7524752475247525,0.6917695846690901,0.6310230148329526
15,fst_stat,RF,GBM,0,0.7326732673267327,0.6794264710752012,0.5920861484253489
15,fst_stat,RF,RF,1,0.7524752475247525,0.7540395972626182,0.6316247308130738
15,fst_stat,RF,XGB,1,0.7326732673267327,0.7339833108120554,0.601050037397248
15,fst_stat,RF,LR,1,0.7227722772277227,0.7253064936483912,0.5746695412940774
15,fst_stat,RF,SVM_RBF,1,0.7821782178217822,0.7794838426932124,0.6619247645223346
15,fst_stat,RF,SVM_Lin,1,0.7227722772277227,0.7288800308602289,0.5805589631614092
15,fst_stat,RF,GBM,1,0.7425742574257426,0.7452797074964559,0.610757297490014
15,fst_stat,RF,RF,2,0.7722772277227723,0.7550437970626331,0.6497355595505178
15,fst_stat,RF,XGB,2,0.7128712871287128,0.6986685695596586,0.5629365412047411
15,fst_stat,RF,LR,2,0.7524752475247525,0.7359140970276804,0.6198022821314133
15,fst_stat,RF,SVM_RBF,2,0.7128712871287128,0.6892231875155801,0.5584936458135722
15,fst_stat,RF,SVM_Lin,2,0.7326732673267327,0.7173270122043259,0.578815061813653
15,fst_stat,RF,GBM,2,0.7524752475247525,0.7402201758637402,0.6205916841784275
15,fst_stat,RF,RF,3,0.8118811881188119,0.8140882007008702,0.709318294050424
15,fst_stat,RF,XGB,3,0.8118811881188119,0.811387738743091,0.7094503579544597
15,fst_stat,RF,LR,3,0.7821782178217822,0.7804901459587477,0.6626384093019051
15,fst_stat,RF,SVM_RBF,3,0.7920792079207921,0.792722499581579,0.6773889902163532
15,fst_stat,RF,SVM_Lin,3,0.7821782178217822,0.7852283157592599,0.6638164249653369
15,fst_stat,RF,GBM,3,0.8118811881188119,0.8180316427848215,0.7127485256639599
15,fst_stat,RF,RF,4,0.82,0.8204049861068231,0.7200097284596234
15,fst_stat,RF,XGB,4,0.79,0.7896468198155963,0.6719800050799566
15,fst_stat,RF,LR,4,0.79,0.7972370392568174,0.6836427192626883
15,fst_stat,RF,SVM_RBF,4,0.78,0.7934336086448763,0.6797712033880836
15,fst_stat,RF,SVM_Lin,4,0.72,0.7383670995670997,0.5970853183547181
15,fst_stat,RF,GBM,4,0.73,0.7300439787250932,0.5769787001436957
15,fst_stat,LR,RF,0,0.5841584158415841,0.5796504806405797,0.34337810701702404
15,fst_stat,LR,XGB,0,0.6039603960396039,0.5955189189805057,0.3727059990867918
15,fst_stat,LR,LR,0,0.6138613861386139,0.6151542317612984,0.3965669367003648
15,fst_stat,LR,SVM_RBF,0,0.6237623762376238,0.6227141997656035,0.4091984564261954
15,fst_stat,LR,SVM_Lin,0,0.6138613861386139,0.617999293822885,0.40248495024716635
15,fst_stat,LR,GBM,0,0.6039603960396039,0.5977032066140977,0.37502863023723254
15,fst_stat,LR,RF,1,0.7029702970297029,0.7010641722221576,0.5324296343369239
15,fst_stat,LR,XGB,1,0.6732673267326733,0.6696261190001874,0.4862765002995067
15,fst_stat,LR,LR,1,0.7128712871287128,0.7109312670397474,0.5475831763754444
15,fst_stat,LR,SVM_RBF,1,0.6831683168316832,0.679300509236444,0.4987015981038418
15,fst_stat,LR,SVM_Lin,1,0.6732673267326733,0.6699599811180632,0.48499505088303585
15,fst_stat,LR,GBM,1,0.6831683168316832,0.6821667050425974,0.5038552009704635
15,fst_stat,LR,RF,2,0.7326732673267327,0.7359182520607912,0.5913438519632342
15,fst_stat,LR,XGB,2,0.7227722772277227,0.7247946071202865,0.5767910610720783
15,fst_stat,LR,LR,2,0.7623762376237624,0.7617508467544691,0.6308726006446473
15,fst_stat,LR,SVM_RBF,2,0.7227722772277227,0.7204927699977205,0.5649690513798945
15,fst_stat,LR,SVM_Lin,2,0.7227722772277227,0.722300253281142,0.5659532794305207
15,fst_stat,LR,GBM,2,0.7029702970297029,0.7050987192652729,0.5499845365854741
15,fst_stat,LR,RF,3,0.7326732673267327,0.7056074028455477,0.590935217238759
15,fst_stat,LR,XGB,3,0.7326732673267327,0.7077283463743983,0.5886948636956751
15,fst_stat,LR,LR,3,0.7623762376237624,0.7337046204620462,0.6356227858607146
15,fst_stat,LR,SVM_RBF,3,0.7227722772277227,0.6895410269771916,0.5763129207176004
15,fst_stat,LR,SVM_Lin,3,0.7722772277227723,0.7339559762298317,0.6557954747399359
15,fst_stat,LR,GBM,3,0.7425742574257426,0.7236526079524664,0.6054293605903286
15,fst_stat,LR,RF,4,0.66,0.6494963835336506,0.4698658072047546
15,fst_stat,LR,XGB,4,0.66,0.6657106162365971,0.47427048483563305
15,fst_stat,LR,LR,4,0.67,0.6622079065300897,0.4828839659379243
15,fst_stat,LR,SVM_RBF,4,0.67,0.6444085427598271,0.4870646894740378
15,fst_stat,LR,SVM_Lin,4,0.65,0.6333780475959204,0.45077103956035297
15,fst_stat,LR,GBM,4,0.66,0.6628787878787878,0.4702496555357898
15,fst_stat,EN,RF,0,0.6435643564356436,0.6239025509916785,0.43397881691227735
15,fst_stat,EN,XGB,0,0.6534653465346535,0.6519727922159305,0.46622792668319446
15,fst_stat,EN,LR,0,0.7227722772277227,0.7196453944616666,0.5670083765691744
15,fst_stat,EN,SVM_RBF,0,0.7128712871287128,0.7058271718644732,0.547632592320392
15,fst_stat,EN,SVM_Lin,0,0.7029702970297029,0.7010396417793039,0.5351050648114718
15,fst_stat,EN,GBM,0,0.6336633663366337,0.6331425032783541,0.4326157476966971
15,fst_stat,EN,RF,1,0.7722772277227723,0.7710840314800711,0.6440085018954544
15,fst_stat,EN,XGB,1,0.7227722772277227,0.7210056207591871,0.5677801590168816
15,fst_stat,EN,LR,1,0.7920792079207921,0.7897765923857099,0.673703528208969
15,fst_stat,EN,SVM_RBF,1,0.7623762376237624,0.7568884125426948,0.6262628547645108
15,fst_stat,EN,SVM_Lin,1,0.7623762376237624,0.7604259068440781,0.627609533050624
15,fst_stat,EN,GBM,1,0.7524752475247525,0.7523815990706922,0.6163709597985291
15,fst_stat,EN,RF,2,0.7128712871287128,0.7107220478145375,0.552204667775435
15,fst_stat,EN,XGB,2,0.7425742574257426,0.740556989205097,0.5980142488125347
15,fst_stat,EN,LR,2,0.7623762376237624,0.7598696578518612,0.6280305197438283
15,fst_stat,EN,SVM_RBF,2,0.7326732673267327,0.7270798145885067,0.5824438966303153
15,fst_stat,EN,SVM_Lin,2,0.7524752475247525,0.7489632421328899,0.6116192467086412
15,fst_stat,EN,GBM,2,0.7227722772277227,0.7183949973944764,0.5652919533190998
15,fst_stat,EN,RF,3,0.7623762376237624,0.7485948692240207,0.6285195510217471
15,fst_stat,EN,XGB,3,0.7425742574257426,0.7318822809727467,0.5976091274228336
15,fst_stat,EN,LR,3,0.7821782178217822,0.7692720884991724,0.6628025871389568
15,fst_stat,EN,SVM_RBF,3,0.7623762376237624,0.7488102505636436,0.6308426437400511
15,fst_stat,EN,SVM_Lin,3,0.7623762376237624,0.7508306573900634,0.6349365263826402
15,fst_stat,EN,GBM,3,0.7326732673267327,0.7190215193932321,0.5793964685990749
15,fst_stat,EN,RF,4,0.78,0.7766472359856214,0.6596228676411953
15,fst_stat,EN,XGB,4,0.79,0.7887684481068333,0.6759461259347165
15,fst_stat,EN,LR,4,0.81,0.8083123123123123,0.7042350538452087
15,fst_stat,EN,SVM_RBF,4,0.78,0.7775460829493087,0.6596617044113097
15,fst_stat,EN,SVM_Lin,4,0.8,0.7951609793715056,0.6876447906315404
15,fst_stat,EN,GBM,4,0.78,0.7766028985507247,0.6564817193895041
20,stat,RF,RF,0,0.7821782178217822,0.7637265752081585,0.6630144628321418
20,stat,RF,XGB,0,0.7425742574257426,0.7281617114365669,0.598758778003236
20,stat,RF,LR,0,0.7821782178217822,0.7618716873729022,0.6613088250180328
20,stat,RF,SVM_RBF,0,0.7722772277227723,0.754064839186922,0.6481304395880824
20,stat,RF,SVM_Lin,0,0.7524752475247525,0.7295980864451954,0.618902323546239
20,stat,RF,GBM,0,0.7722772277227723,0.7553290623179965,0.6455554301464728
20,stat,RF,RF,1,0.7326732673267327,0.7319443867245488,0.5824701101111601
20,stat,RF,XGB,1,0.7227722772277227,0.7250664090799324,0.5714814282232261
20,stat,RF,LR,1,0.7326732673267327,0.7284950394165488,0.5803810449804123
20,stat,RF,SVM_RBF,1,0.7227722772277227,0.712161455318124,0.562655344515601
20,stat,RF,SVM_Lin,1,0.7227722772277227,0.7173212816777172,0.5649690513798945
20,stat,RF,GBM,1,0.7227722772277227,0.7269806004990744,0.57285240440461
20,stat,RF,RF,2,0.8118811881188119,0.8031205743109429,0.710965411220825
20,stat,RF,XGB,2,0.7821782178217822,0.7742799306383591,0.664692363151682
20,stat,RF,LR,2,0.7821782178217822,0.7716257900299834,0.6627930141034525
20,stat,RF,SVM_RBF,2,0.7722772277227723,0.7582726947393535,0.6458387717267757
20,stat,RF,SVM_Lin,2,0.7722772277227723,0.7615281295571418,0.6485652670657989
20,stat,RF,GBM,2,0.801980198019802,0.7932663033745234,0.6953958476803094
20,stat,RF,RF,3,0.8415841584158416,0.8363128725767399,0.7531853269309823
20,stat,RF,XGB,3,0.8217821782178217,0.8128843521185165,0.7218052339316958
20,stat,RF,LR,3,0.8118811881188119,0.804170658853154,0.7053541998687181
20,stat,RF,SVM_RBF,3,0.8217821782178217,0.7971871948594648,0.7306575087912429
20,stat,RF,SVM_Lin,3,0.8415841584158416,0.8413505204247569,0.7537734498339692
20,stat,RF,GBM,3,0.8712871287128713,0.8697492774210173,0.8020620569881517
20,stat,RF,RF,4,0.8,0.8067607422715922,0.7026568181694965
20,stat,RF,XGB,4,0.81,0.8145740754688557,0.7103187904956335
20,stat,RF,LR,4,0.79,0.7996374543557642,0.6855268010552562
20,stat,RF,SVM_RBF,4,0.8,0.8094256251796491,0.7029865052036852
20,stat,RF,SVM_Lin,4,0.77,0.7835559728742827,0.6704804901855752
20,stat,RF,GBM,4,0.77,0.7780898670670524,0.6534728774407597
20,stat,LR,RF,0,0.693069306930693,0.6798172124904799,0.5153489251872536
20,stat,LR,XGB,0,0.7029702970297029,0.6993018532622494,0.5354711929943612
20,stat,LR,LR,0,0.693069306930693,0.6785915300390798,0.5152342923850223
20,stat,LR,SVM_RBF,0,0.7029702970297029,0.6744090333900683,0.5306639520071353
20,stat,LR,SVM_Lin,0,0.693069306930693,0.6776049033474775,0.5151429578974134
20,stat,LR,GBM,0,0.7128712871287128,0.7101888095786323,0.5504287598155063
20,stat,LR,RF,1,0.7623762376237624,0.7543649259820877,0.6276916391120949
20,stat,LR,XGB,1,0.7227722772277227,0.7170161223722001,0.5664135935977573
20,stat,LR,LR,1,0.7623762376237624,0.757008858780615,0.6277585696049084
20,stat,LR,SVM_RBF,1,0.7722772277227723,0.7639941209310804,0.6419261086501159
20,stat,LR,SVM_Lin,1,0.7524752475247525,0.7480694515410646,0.6124722458919454
20,stat,LR,GBM,1,0.693069306930693,0.6913054174615774,0.5237224042005874
20,stat,LR,RF,2,0.8415841584158416,0.8398815182537087,0.753827228099212
20,stat,LR,XGB,2,0.8514851485148515,0.8505163633748487,0.7686681538401544
20,stat,LR,LR,2,0.7821782178217822,0.7815176174667807,0.6638801283227864
20,stat,LR,SVM_RBF,2,0.8118811881188119,0.8118130229546191,0.7073990061981135
20,stat,LR,SVM_Lin,2,0.801980198019802,0.8015265009200864,0.6908402069134207
20,stat,LR,GBM,2,0.8514851485148515,0.8506070119207042,0.7682918654108948
20,stat,LR,RF,3,0.7920792079207921,0.776942670073459,0.6839677364713697
20,stat,LR,XGB,3,0.7722772277227723,0.7640437727983326,0.6444005241363158
20,stat,LR,LR,3,0.7722772277227723,0.7662005733435568,0.6475347714430201
20,stat,LR,SVM_RBF,3,0.7722772277227723,0.7595642217282954,0.6555906217218291
20,stat,LR,SVM_Lin,3,0.7722772277227723,0.7639761398820295,0.6537463505797512
20,stat,LR,GBM,3,0.7524752475247525,0.738637984137625,0.6136278434179785
20,stat,LR,RF,4,0.71,0.702173579109063,0.5465121839290953
20,stat,LR,XGB,4,0.64,0.6463673955705075,0.44024728819965286
20,stat,LR,LR,4,0.72,0.7191024448419797,0.5616657239225876
20,stat,LR,SVM_RBF,4,0.69,0.6825230414746544,0.5141837495056055
20,stat,LR,SVM_Lin,4,0.68,0.6728765487386177,0.4947464993639271
20,stat,LR,GBM,4,0.64,0.6378483616839781,0.4332586553486352
20,stat,EN,RF,0,0.8514851485148515,0.8398993745528399,0.7709013397722951
20,stat,EN,XGB,0,0.8415841584158416,0.8291942677413809,0.754395404969407
20,stat,EN,LR,0,0.8415841584158416,0.8249113800268916,0.7585100127170068
20,stat,EN,SVM_RBF,0,0.8217821782178217,0.797813338962144,0.7309426085376265
20,stat,EN,SVM_Lin,0,0.8118811881188119,0.7882883358289193,0.7143601279755645
20,stat,EN,GBM,0,0.8613861386138614,0.8542093449851316,0.7844544019483464
20,stat,EN,RF,1,0.8217821782178217,0.819850277710698,0.7227632960485815
20,stat,EN,XGB,1,0.8217821782178217,0.8207801292345895,0.7253533283783458
20,stat,EN,LR,1,0.8415841584158416,0.839270927726888,0.7534283109897598
20,stat,EN,SVM_RBF,1,0.8316831683168316,0.8274380711498622,0.7387751476074275
20,stat,EN,SVM_Lin,1,0.8316831683168316,0.8298364822580496,0.7375546059684694
20,stat,EN,GBM,1,0.8415841584158416,0.8397823928734337,0.7557470149855329
20,stat,EN,RF,2,0.8316831683168316,0.8255350599659448,0.73748691208364
20,stat,EN,XGB,2,0.8316831683168316,0.8253847071454132,0.7389777275414785
20,stat,EN,LR,2,0.8514851485148515,0.8484764755545322,0.7683412511033333
20,stat,EN,SVM_RBF,2,0.8316831683168316,0.8297390405913083,0.7383743054204986
20,stat,EN,SVM_Lin,2,0.8613861386138614,0.859311485999583,0.7846665127179888
20,stat,EN,GBM,2,0.8415841584158416,0.83631555926677,0.7548230421900108
20,stat,EN,RF,3,0.8118811881188119,0.8047165647901997,0.7148279391461296
20,stat,EN,XGB,3,0.7920792079207921,0.79109266302256,0.6792443529779268
20,stat,EN,LR,3,0.8118811881188119,0.8088827442178596,0.7119685187363008
20,stat,EN,SVM_RBF,3,0.7920792079207921,0.7859147216091472,0.6841568210918809
20,stat,EN,SVM_Lin,3,0.801980198019802,0.7951589753569951,0.6983762603360902
20,stat,EN,GBM,3,0.801980198019802,0.802537300694128,0.6971544359302557
20,stat,EN,RF,4,0.82,0.8133954714494186,0.7308859894878122
20,stat,EN,XGB,4,0.8,0.7964131482552534,0.6876447906315404
20,stat,EN,LR,4,0.83,0.8275,0.74540536568408
20,stat,EN,SVM_RBF,4,0.79,0.7809235983618134,0.6808024360738462
20,stat,EN,SVM_Lin,4,0.8,0.7923822698659058,0.699881519029426
20,stat,EN,GBM,4,0.79,0.7878907496012758,0.6702830200527202
20,FST,RF,RF,0,0.7623762376237624,0.7175902101644676,0.6504069418088806
20,FST,RF,XGB,0,0.7524752475247525,0.7180082395139742,0.6241451673287622
20,FST,RF,LR,0,0.7425742574257426,0.7019422216194222,0.6143723372512797
20,FST,RF,SVM_RBF,0,0.7722772277227723,0.7352502786358405,0.6640318656866528
20,FST,RF,SVM_Lin,0,0.7425742574257426,0.7089228890999649,0.6200604809210146
20,FST,RF,GBM,0,0.7722772277227723,0.7352502786358405,0.6640318656866528
20,FST,RF,RF,1,0.7227722772277227,0.70606098371479,0.5627820337438533
20,FST,RF,XGB,1,0.7128712871287128,0.6985160054466986,0.5464255377875288
20,FST,RF,LR,1,0.7227722772277227,0.7166994600890931,0.5643480356597738
20,FST,RF,SVM_RBF,1,0.7029702970297029,0.6780596473719689,0.5316542739911809
20,FST,RF,SVM_Lin,1,0.7227722772277227,0.7106713612537725,0.5626215235543748
20,FST,RF,GBM,1,0.6831683168316832,0.6619268678555777,0.5002484282271712
20,FST,RF,RF,2,0.7326732673267327,0.6793826441467676,0.5935196061956166
20,FST,RF,XGB,2,0.7425742574257426,0.6977786491520439,0.6079484163516119
20,FST,RF,LR,2,0.7326732673267327,0.6968469154607769,0.5883120874573353
20,FST,RF,SVM_RBF,2,0.7326732673267327,0.6863747143945164,0.5903279116959712
20,FST,RF,SVM_Lin,2,0.7128712871287128,0.6703407483605504,0.5549104116891633
20,FST,RF,GBM,2,0.7326732673267327,0.6991699169916992,0.586201773109731
20,FST,RF,RF,3,0.8217821782178217,0.814733900240282,0.722350685994203
20,FST,RF,XGB,3,0.8316831683168316,0.8261847753402792,0.7390045470105953
20,FST,RF,LR,3,0.8316831683168316,0.826968411126827,0.7381030975144488
20,FST,RF,SVM_RBF,3,0.8217821782178217,0.8153218247814454,0.722350685994203
20,FST,RF,SVM_Lin,3,0.801980198019802,0.7942530752012125,0.6903837437857975
20,FST,RF,GBM,3,0.8316831683168316,0.827320777190501,0.7387073344631512
20,FST,RF,RF,4,0.75,0.7526364931159994,0.6131321348568871
20,FST,RF,XGB,4,0.74,0.7370505398216242,0.5965863253663563
20,FST,RF,LR,4,0.75,0.7528420721146276,0.6110417757500697
20,FST,RF,SVM_RBF,4,0.75,0.7453401902334683,0.6198138786324595
20,FST,RF,SVM_Lin,4,0.75,0.753900016283993,0.6171659770050782
20,FST,RF,GBM,4,0.72,0.7184704184704185,0.5673000026428238
20,FST,LR,RF,0,0.6138613861386139,0.6031787389265242,0.3920185701194718
20,FST,LR,XGB,0,0.5841584158415841,0.581629899001378,0.3505379771635025
20,FST,LR,LR,0,0.6138613861386139,0.6087975105037055,0.3949934321485748
20,FST,LR,SVM_RBF,0,0.6237623762376238,0.6209759293388935,0.4120689041652481
20,FST,LR,SVM_Lin,0,0.594059405940594,0.5912248665261155,0.36558279810179223
20,FST,LR,GBM,0,0.5742574257425742,0.5642192699459183,0.3292415932379069
20,FST,LR,RF,1,0.6237623762376238,0.6034864124710343,0.4016491100196707
20,FST,LR,XGB,1,0.6435643564356436,0.644712860190474,0.44689799149301485
20,FST,LR,LR,1,0.693069306930693,0.6687586566875865,0.5190595675954931
20,FST,LR,SVM_RBF,1,0.7029702970297029,0.6826200428262004,0.5356655277878101
20,FST,LR,SVM_Lin,1,0.6732673267326733,0.6623471170646478,0.4856782121459559
20,FST,LR,GBM,1,0.6237623762376238,0.6238966494494033,0.4166436473070511
20,FST,LR,RF,2,0.7326732673267327,0.7113570253833731,0.5827193257981912
20,FST,LR,XGB,2,0.693069306930693,0.6824267346973578,0.5175566604767091
20,FST,LR,LR,2,0.7029702970297029,0.6768607414416817,0.5310722122526176
20,FST,LR,SVM_RBF,2,0.7128712871287128,0.6778677867786779,0.552465944571792
20,FST,LR,SVM_Lin,2,0.7227722772277227,0.6944419773346996,0.566613346088334
20,FST,LR,GBM,2,0.693069306930693,0.6885403322324435,0.5209177624743327
20,FST,LR,RF,3,0.6435643564356436,0.6440232407391799,0.4456279068850913
20,FST,LR,XGB,3,0.6435643564356436,0.6403045709976403,0.43900457398578785
20,FST,LR,LR,3,0.6633663366336634,0.6644082987187783,0.4788523961982543
20,FST,LR,SVM_RBF,3,0.6732673267326733,0.6737672856001763,0.494565917539994
20,FST,LR,SVM_Lin,3,0.6336633663366337,0.6367236280787337,0.4386288898235691
20,FST,LR,GBM,3,0.6534653465346535,0.6511924387598033,0.45666850161588585
20,FST,LR,RF,4,0.69,0.6831248422434247,0.5157912218050673
20,FST,LR,XGB,4,0.71,0.71795887203502,0.5605305576210801
20,FST,LR,LR,4,0.71,0.7056908593987246,0.5449133979844225
20,FST,LR,SVM_RBF,4,0.73,0.7254203182166257,0.5774290094251184
20,FST,LR,SVM_Lin,4,0.71,0.7046073344089304,0.5482284801206209
20,FST,LR,GBM,4,0.67,0.6742692750287687,0.4917552219025546
20,FST,EN,RF,0,0.7524752475247525,0.7349398544596548,0.6155440061694222
20,FST,EN,XGB,0,0.7524752475247525,0.7454465508415623,0.6126514149631831
20,FST,EN,LR,0,0.7128712871287128,0.7069456040814017,0.5487359887298449
20,FST,EN,SVM_RBF,0,0.7524752475247525,0.7369610248696101,0.6145312022105822
20,FST,EN,SVM_Lin,0,0.7326732673267327,0.7251592186245652,0.5796765555444418
20,FST,EN,GBM,0,0.7227722772277227,0.7041575473336807,0.5644436213088506
20,FST,EN,RF,1,0.801980198019802,0.7945017906045924,0.6934958036480371
20,FST,EN,XGB,1,0.7623762376237624,0.757920412537037,0.6273837004342622
20,FST,EN,LR,1,0.7722772277227723,0.7701191236752574,0.6456567693482189
20,FST,EN,SVM_RBF,1,0.7722772277227723,0.7676773640547877,0.642426094814758
20,FST,EN,SVM_Lin,1,0.7920792079207921,0.7931417126021932,0.6774224917013626
20,FST,EN,GBM,1,0.7623762376237624,0.760218217621848,0.6295918497317348
20,FST,EN,RF,2,0.7920792079207921,0.7802338697596645,0.6780042996954785
20,FST,EN,XGB,2,0.7524752475247525,0.7476007289112195,0.6122537516413538
20,FST,EN,LR,2,0.7920792079207921,0.7878754735319777,0.6741613575823808
20,FST,EN,SVM_RBF,2,0.801980198019802,0.7963087077938563,0.6903307329012013
20,FST,EN,SVM_Lin,2,0.7623762376237624,0.7603656311577103,0.6283799842328613
20,FST,EN,GBM,2,0.7425742574257426,0.7383992245378384,0.5963063732295363
20,FST,EN,RF,3,0.8514851485148515,0.8428075566177307,0.7690498604485051
20,FST,EN,XGB,3,0.8415841584158416,0.8364456934415245,0.7521561285885836
20,FST,EN,LR,3,0.8415841584158416,0.8358204655035559,0.7528950231846064
20,FST,EN,SVM_RBF,3,0.8217821782178217,0.8081294205369904,0.7238967745016587
20,FST,EN,SVM_Lin,3,0.8217821782178217,0.8142003440850413,0.7219468130956002
20,FST,EN,GBM,3,0.7920792079207921,0.7895096652522394,0.6750230751618451
20,FST,EN,RF,4,0.78,0.7794411923444181,0.6622707932159023
20,FST,EN,XGB,4,0.78,0.7781038877211566,0.6604113410090773
20,FST,EN,LR,4,0.78,0.7805278413424867,0.6650950760623878
20,FST,EN,SVM_RBF,4,0.74,0.7343497660961542,0.6084595877239777
20,FST,EN,SVM_Lin,4,0.75,0.7528114089980897,0.6177914833157219
20,FST,EN,GBM,4,0.75,0.7512530839136815,0.613810518708766
20,fst_stat,RF,RF,0,0.7821782178217822,0.7380169702363495,0.6712980861023171
20,fst_stat,RF,XGB,0,0.7326732673267327,0.6891585710295168,0.5842290327682886
20,fst_stat,RF,LR,0,0.7524752475247525,0.7237230953351176,0.6157399525032747
20,fst_stat,RF,SVM_RBF,0,0.7722772277227723,0.7193769376937694,0.6585495614085694
20,fst_stat,RF,SVM_Lin,0,0.7623762376237624,0.7271194264198126,0.645734530807436
20,fst_stat,RF,GBM,0,0.7326732673267327,0.6964512181555235,0.5862005982218237
20,fst_stat,RF,RF,1,0.7722772277227723,0.7775813295615275,0.656631167727188
20,fst_stat,RF,XGB,1,0.7326732673267327,0.7434975324157802,0.601825699908866
20,fst_stat,RF,LR,1,0.7920792079207921,0.7933719681858911,0.6774224917013626
20,fst_stat,RF,SVM_RBF,1,0.7623762376237624,0.7686999206249738,0.6398312234869675
20,fst_stat,RF,SVM_Lin,1,0.7326732673267327,0.7375433971968626,0.5957734040745649
20,fst_stat,RF,GBM,1,0.7821782178217822,0.7748937055867748,0.6590529329781951
20,fst_stat,RF,RF,2,0.7623762376237624,0.7453875749223366,0.6323105511353072
20,fst_stat,RF,XGB,2,0.7821782178217822,0.7715033572322749,0.6653573325493345
20,fst_stat,RF,LR,2,0.7623762376237624,0.7492261295095026,0.6335612168230592
20,fst_stat,RF,SVM_RBF,2,0.7425742574257426,0.7226438371339237,0.6002425794231977
20,fst_stat,RF,SVM_Lin,2,0.7326732673267327,0.7177288658590869,0.5869849916513394
20,fst_stat,RF,GBM,2,0.7722772277227723,0.7586601121234503,0.6487921879877927
20,fst_stat,RF,RF,3,0.8217821782178217,0.8096389385774021,0.7238967745016587
20,fst_stat,RF,XGB,3,0.8316831683168316,0.8185361057666486,0.7414167366346474
20,fst_stat,RF,LR,3,0.8118811881188119,0.796619284963689,0.7091603978881044
20,fst_stat,RF,SVM_RBF,3,0.8217821782178217,0.8053065137500666,0.726973945250235
20,fst_stat,RF,SVM_Lin,3,0.8118811881188119,0.7966570850633451,0.7118646085248461
20,fst_stat,RF,GBM,3,0.8118811881188119,0.8023537324643906,0.7085394997063176
20,fst_stat,RF,RF,4,0.82,0.817012987012987,0.7175865245442354
20,fst_stat,RF,XGB,4,0.84,0.8377002583979327,0.7485859545836322
20,fst_stat,RF,LR,4,0.79,0.7916389524535978,0.6813327488178172
20,fst_stat,RF,SVM_RBF,4,0.82,0.8170542635658914,0.7168258377154255
20,fst_stat,RF,SVM_Lin,4,0.8,0.7997123623011015,0.6864640571779796
20,fst_stat,RF,GBM,4,0.81,0.8076339752201821,0.7014208082241794
20,fst_stat,LR,RF,0,0.693069306930693,0.6858387849860473,0.5169971270546903
20,fst_stat,LR,XGB,0,0.6732673267326733,0.6656765676567656,0.48419318634673325
20,fst_stat,LR,LR,0,0.6633663366336634,0.6583199003820376,0.4694671856243816
20,fst_stat,LR,SVM_RBF,0,0.6435643564356436,0.6307841643892896,0.43494354568803417
20,fst_stat,LR,SVM_Lin,0,0.6633663366336634,0.6630529644002404,0.47410001330889956
20,fst_stat,LR,GBM,0,0.6633663366336634,0.6626741068836965,0.47157158272275146
20,fst_stat,LR,RF,1,0.7227722772277227,0.7205128205128206,0.5636185038725392
20,fst_stat,LR,XGB,1,0.7227722772277227,0.7189421573736321,0.5652919533190998
20,fst_stat,LR,LR,1,0.6831683168316832,0.6821020563594822,0.49945086732411603
20,fst_stat,LR,SVM_RBF,1,0.6831683168316832,0.6798873811104446,0.4988034458683249
20,fst_stat,LR,SVM_Lin,1,0.6732673267326733,0.6701149752984348,0.48284047120650586
20,fst_stat,LR,GBM,1,0.6534653465346535,0.6494258968253203,0.4568895073731162
20,fst_stat,LR,RF,2,0.8118811881188119,0.8133559628721375,0.7086857226911764
20,fst_stat,LR,XGB,2,0.7722772277227723,0.7736347495509044,0.6550366243274813
20,fst_stat,LR,LR,2,0.8316831683168316,0.8317555043175551,0.7409916764545967
20,fst_stat,LR,SVM_RBF,2,0.7425742574257426,0.7415955953963227,0.5957705020495458
20,fst_stat,LR,SVM_Lin,2,0.7623762376237624,0.7633162938400594,0.6302283383648192
20,fst_stat,LR,GBM,2,0.7326732673267327,0.7320566531538998,0.5933631956130749
20,fst_stat,LR,RF,3,0.7326732673267327,0.7117471747174717,0.5906976853400565
20,fst_stat,LR,XGB,3,0.7623762376237624,0.7387322427894963,0.6299761141633005
20,fst_stat,LR,LR,3,0.7722772277227723,0.7397508436917649,0.6499534295951852
20,fst_stat,LR,SVM_RBF,3,0.7128712871287128,0.6874222465551019,0.5511924110250426
20,fst_stat,LR,SVM_Lin,3,0.7623762376237624,0.7241803151194167,0.6388857624732182
20,fst_stat,LR,GBM,3,0.7326732673267327,0.707226092147802,0.581780703017968
20,fst_stat,LR,RF,4,0.69,0.6842999482401656,0.5189717032178336
20,fst_stat,LR,XGB,4,0.71,0.7126266753841124,0.5500138269774205
20,fst_stat,LR,LR,4,0.71,0.7076518306655292,0.5454188102095985
20,fst_stat,LR,SVM_RBF,4,0.7,0.6901949210706932,0.5269827882944135
20,fst_stat,LR,SVM_Lin,4,0.73,0.729021693679228,0.5774645687413023
20,fst_stat,LR,GBM,4,0.69,0.6882729468599034,0.51449125986098
20,fst_stat,EN,RF,0,0.7326732673267327,0.7268541893082998,0.5785124130327465
20,fst_stat,EN,XGB,0,0.7425742574257426,0.7359009174190693,0.5963303452459947
20,fst_stat,EN,LR,0,0.7722772277227723,0.7693060749463019,0.641919633560481
20,fst_stat,EN,SVM_RBF,0,0.7029702970297029,0.6930779493661313,0.531018688699087
20,fst_stat,EN,SVM_Lin,0,0.7821782178217822,0.7786508296464911,0.6577714386924146
20,fst_stat,EN,GBM,0,0.7326732673267327,0.7257268334146609,0.5800286825928238
20,fst_stat,EN,RF,1,0.801980198019802,0.797343970287961,0.6909519075333019
20,fst_stat,EN,XGB,1,0.7821782178217822,0.7780338732809375,0.6597137058050729
20,fst_stat,EN,LR,1,0.8415841584158416,0.8411136418689452,0.7532152311614411
20,fst_stat,EN,SVM_RBF,1,0.7524752475247525,0.7466227254002301,0.611543947488218
20,fst_stat,EN,SVM_Lin,1,0.7722772277227723,0.7714793100931716,0.6439430981140578
20,fst_stat,EN,GBM,1,0.7821782178217822,0.7800197741293117,0.6623951876023741
20,fst_stat,EN,RF,2,0.7920792079207921,0.7915537499695916,0.6750693258764506
20,fst_stat,EN,XGB,2,0.801980198019802,0.8007072135785006,0.6902302414646252
20,fst_stat,EN,LR,2,0.8217821782178217,0.822285633650538,0.722079774337986
20,fst_stat,EN,SVM_RBF,2,0.8118811881188119,0.8121183739995621,0.7061955536388435
20,fst_stat,EN,SVM_Lin,2,0.801980198019802,0.8017223343956018,0.690632439757647
20,fst_stat,EN,GBM,2,0.7722772277227723,0.7721520285891323,0.6443958797124519
20,fst_stat,EN,RF,3,0.8217821782178217,0.817606543263022,0.7258648571780697
20,fst_stat,EN,XGB,3,0.801980198019802,0.7965046504650464,0.6903018152352584
20,fst_stat,EN,LR,3,0.8415841584158416,0.8330743368454493,0.754105454454567
20,fst_stat,EN,SVM_RBF,3,0.8316831683168316,0.8283337819033495,0.7404439322590816
20,fst_stat,EN,SVM_Lin,3,0.8316831683168316,0.8214854396832088,0.7399234238275393
20,fst_stat,EN,GBM,3,0.7920792079207921,0.7823087069976223,0.6742877624621665
20,fst_stat,EN,RF,4,0.82,0.8145015983725662,0.7230271287364519
20,fst_stat,EN,XGB,4,0.82,0.8167259440736675,0.7184414585394069
20,fst_stat,EN,LR,4,0.8,0.7976371541501976,0.6889406424742757
20,fst_stat,EN,SVM_RBF,4,0.8,0.7976371541501976,0.6889406424742757
20,fst_stat,EN,SVM_Lin,4,0.78,0.7766028985507247,0.6564817193895041
20,fst_stat,EN,GBM,4,0.8,0.7987209302325582,0.6864640571779796
25,stat,RF,RF,0,0.7722772277227723,0.7561154991903685,0.6430082323949701
25,stat,RF,XGB,0,0.7821782178217822,0.7809775805166723,0.6592002557698937
25,stat,RF,LR,0,0.8118811881188119,0.7942203473458641,0.708736061895968
25,stat,RF,SVM_RBF,0,0.801980198019802,0.7843512763186988,0.6922263997282908
25,stat,RF,SVM_Lin,0,0.8217821782178217,0.8069048964449795,0.7246168868130985
25,stat,RF,GBM,0,0.7920792079207921,0.7918896121035813,0.6753587645130978
25,stat,RF,RF,1,0.7326732673267327,0.7257488297092258,0.5792644624651406
25,stat,RF,XGB,1,0.7623762376237624,0.7589122827437358,0.6273837004342622
25,stat,RF,LR,1,0.7722772277227723,0.7677737726077855,0.6427512703250242
25,stat,RF,SVM_RBF,1,0.7524752475247525,0.7385479012652711,0.61242901589302
25,stat,RF,SVM_Lin,1,0.7425742574257426,0.7323079366760206,0.5944383062413803
25,stat,RF,GBM,1,0.7623762376237624,0.7574968023118102,0.6268576898233073
25,stat,RF,RF,2,0.8415841584158416,0.8363477864413265,0.7539960220643875
25,stat,RF,XGB,2,0.8118811881188119,0.8074736091879737,0.710748361671601
25,stat,RF,LR,2,0.8316831683168316,0.8266373492291462,0.7387751476074275
25,stat,RF,SVM_RBF,2,0.801980198019802,0.7910166626418741,0.6906499140562381
25,stat,RF,SVM_Lin,2,0.8118811881188119,0.8055516719836298,0.7075222513107363
25,stat,RF,GBM,2,0.8217821782178217,0.8194260152050373,0.7291730580580381
25,stat,RF,RF,3,0.9108910891089109,0.9080282233310772,0.8620029102324288
25,stat,RF,XGB,3,0.8910891089108911,0.8855553658814158,0.8323667839498696
25,stat,RF,LR,3,0.8514851485148515,0.8444765271458021,0.7761556178857498
25,stat,RF,SVM_RBF,3,0.8415841584158416,0.8320514471292212,0.7621713339721274
25,stat,RF,SVM_Lin,3,0.8613861386138614,0.8567501722577696,0.789833719364573
25,stat,RF,GBM,3,0.900990099009901,0.8977647764776477,0.848111872588724
25,stat,RF,RF,4,0.82,0.8257971014492753,0.7276624182318825
25,stat,RF,XGB,4,0.8,0.805952380952381,0.7015755233586126
25,stat,RF,LR,4,0.83,0.8357333333333333,0.7405628028532546
25,stat,RF,SVM_RBF,4,0.81,0.8128826291079813,0.7078139936761583
25,stat,RF,SVM_Lin,4,0.82,0.8231727287041412,0.7210544411371707
25,stat,RF,GBM,4,0.77,0.777628518567464,0.6543645035785689
25,stat,LR,RF,0,0.8118811881188119,0.801210247752886,0.7085529787790388
25,stat,LR,XGB,0,0.7326732673267327,0.7212557964657226,0.5785802005175691
25,stat,LR,LR,0,0.7722772277227723,0.7688954609746689,0.6436926884686792
25,stat,LR,SVM_RBF,0,0.8118811881188119,0.7975005937318297,0.7092929435652063
25,stat,LR,SVM_Lin,0,0.7227722772277227,0.7119863431577029,0.5639051608889375
25,stat,LR,GBM,0,0.7425742574257426,0.7299282723303386,0.5948755896277131
25,stat,LR,RF,1,0.801980198019802,0.7944861727552065,0.6896185281827919
25,stat,LR,XGB,1,0.7623762376237624,0.7594751036285063,0.6315790135130882
25,stat,LR,LR,1,0.7425742574257426,0.7395708137131116,0.5962380854213054
25,stat,LR,SVM_RBF,1,0.7722772277227723,0.7672737578733797,0.6420025728591696
25,stat,LR,SVM_Lin,1,0.7524752475247525,0.7488371673486814,0.6108383396156926
25,stat,LR,GBM,1,0.7227722772277227,0.716904129437334,0.5677099976184482
25,stat,LR,RF,2,0.8712871287128713,0.8696914767117342,0.8001859961353518
25,stat,LR,XGB,2,0.8514851485148515,0.848551074619657,0.7692792855776215
25,stat,LR,LR,2,0.8217821782178217,0.8214661397292914,0.7228070932427565
25,stat,LR,SVM_RBF,2,0.8415841584158416,0.8405165411055873,0.754843709870232
25,stat,LR,SVM_Lin,2,0.8316831683168316,0.8312385455413012,0.7382151802873994
25,stat,LR,GBM,2,0.801980198019802,0.8026356481802027,0.6953074625912964
25,stat,LR,RF,3,0.801980198019802,0.7867560949643352,0.6955943379973492
25,stat,LR,XGB,3,0.8118811881188119,0.8064991892447672,0.706789489263805
25,stat,LR,LR,3,0.8217821782178217,0.8180503443602788,0.7225932834669585
25,stat,LR,SVM_RBF,3,0.8118811881188119,0.8023603602596284,0.7098187088551163
25,stat,LR,SVM_Lin,3,0.7722772277227723,0.7708816815811572,0.6490645432773328
25,stat,LR,GBM,3,0.7722772277227723,0.770323084940073,0.6440624766197641
25,stat,LR,RF,4,0.77,0.7568237221976726,0.6457581482573682
25,stat,LR,XGB,4,0.76,0.7551361719776043,0.6247942794276137
25,stat,LR,LR,4,0.78,0.7808746846760545,0.6577019438136773
25,stat,LR,SVM_RBF,4,0.8,0.7941947299077734,0.6889406424742757
25,stat,LR,SVM_Lin,4,0.79,0.7865191565191566,0.6726600839109637
25,stat,LR,GBM,4,0.74,0.7332142857142856,0.5897599336657254
25,stat,EN,RF,0,0.8613861386138614,0.8477722772277227,0.7877384274698477
25,stat,EN,XGB,0,0.8514851485148515,0.8441860465116279,0.7683412511033333
25,stat,EN,LR,0,0.8316831683168316,0.8265044225941581,0.7384934681077551
25,stat,EN,SVM_RBF,0,0.8514851485148515,0.8421204620462047,0.7716458746432995
25,stat,EN,SVM_Lin,0,0.8316831683168316,0.8277172612896965,0.739895702883133
25,stat,EN,GBM,0,0.8613861386138614,0.8538783290093716,0.7853390023634134
25,stat,EN,RF,1,0.8514851485148515,0.8497947355711181,0.7692792855776215
25,stat,EN,XGB,1,0.8514851485148515,0.8507935181703824,0.7702517969148749
25,stat,EN,LR,1,0.8514851485148515,0.8518018468513519,0.7712166571561666
25,stat,EN,SVM_RBF,1,0.8415841584158416,0.8376175460144478,0.7534283109897598
25,stat,EN,SVM_Lin,1,0.8217821782178217,0.8216148856264938,0.7213657327379229
25,stat,EN,GBM,1,0.8910891089108911,0.8899764320365348,0.8310918414927784
25,stat,EN,RF,2,0.8613861386138614,0.8537547917514312,0.785586042902025
25,stat,EN,XGB,2,0.8712871287128713,0.865204886501722,0.800338417484505
25,stat,EN,LR,2,0.8712871287128713,0.8688465110422012,0.7995577396555253
25,stat,EN,SVM_RBF,2,0.8514851485148515,0.8497700422181733,0.7686681538401544
25,stat,EN,SVM_Lin,2,0.8613861386138614,0.859274827190606,0.7836132582626575
25,stat,EN,GBM,2,0.8217821782178217,0.813558216286745,0.7210899015834814
25,stat,EN,RF,3,0.801980198019802,0.795411852380684,0.6951263966636848
25,stat,EN,XGB,3,0.8415841584158416,0.838037210314438,0.7564958232344866
25,stat,EN,LR,3,0.8316831683168316,0.828015497201894,0.7418231398456764
25,stat,EN,SVM_RBF,3,0.801980198019802,0.7906551783397824,0.696632285854371
25,stat,EN,SVM_Lin,3,0.8514851485148515,0.8484728499363413,0.7757598874587371
25,stat,EN,GBM,3,0.8316831683168316,0.8280654320258282,0.737745629829308
25,stat,EN,RF,4,0.83,0.8255199587568126,0.7451310359091817
25,stat,EN,XGB,4,0.85,0.8462222222222222,0.7673821545179896
25,stat,EN,LR,4,0.84,0.8371111111111111,0.7512233388827404
25,stat,EN,SVM_RBF,4,0.84,0.8327566256065695,0.7576149994504785
25,stat,EN,SVM_Lin,4,0.84,0.8351765905903353,0.7540721163414803
25,stat,EN,GBM,4,0.8,0.7936277056277057,0.6865880763417431
25,FST,RF,RF,0,0.7722772277227723,0.7586732414591552,0.6483329895839292
25,FST,RF,XGB,0,0.7524752475247525,0.7430234029095509,0.6116873117337502
25,FST,RF,LR,0,0.7821782178217822,0.7507616146230008,0.6654856732779296
25,FST,RF,SVM_RBF,0,0.7722772277227723,0.7496476938334228,0.6505769445272103
25,FST,RF,SVM_Lin,0,0.7821782178217822,0.7578292362787834,0.6619104216060004
25,FST,RF,GBM,0,0.7623762376237624,0.7453003528200921,0.6264035406813525
25,FST,RF,RF,1,0.8118811881188119,0.8102855593466723,0.7049000840755363
25,FST,RF,XGB,1,0.801980198019802,0.7979124167242978,0.6892376028955527
25,FST,RF,LR,1,0.7722772277227723,0.770736598204433,0.6456567693482189
25,FST,RF,SVM_RBF,1,0.7821782178217822,0.7801556217397801,0.6578167056297206
25,FST,RF,SVM_Lin,1,0.7326732673267327,0.7303141425253636,0.5841000463484579
25,FST,RF,GBM,1,0.7920792079207921,0.7909227057159497,0.6747177237993098
25,FST,RF,RF,2,0.8118811881188119,0.8013109003208013,0.7067653963480762
25,FST,RF,XGB,2,0.801980198019802,0.7920926271515603,0.6898194935504932
25,FST,RF,LR,2,0.7623762376237624,0.7500558298050157,0.6270680144351026
25,FST,RF,SVM_RBF,2,0.7524752475247525,0.7444696103597288,0.6113631277920795
25,FST,RF,SVM_Lin,2,0.7524752475247525,0.7421987026288835,0.6104871133379135
25,FST,RF,GBM,2,0.7920792079207921,0.7837469461231837,0.673866077932919
25,FST,RF,RF,3,0.8613861386138614,0.8561955765160446,0.7847479029209673
25,FST,RF,XGB,3,0.8811881188118812,0.8789287575374078,0.814603945265482
25,FST,RF,LR,3,0.8910891089108911,0.888391934236748,0.8310043858681851
25,FST,RF,SVM_RBF,3,0.8514851485148515,0.8483438705316314,0.7689249301020586
25,FST,RF,SVM_Lin,3,0.8712871287128713,0.8674301165056264,0.8004114161917841
25,FST,RF,GBM,3,0.9108910891089109,0.9101307347449704,0.8609960171991302
25,FST,RF,RF,4,0.79,0.793033620195066,0.6743494820224899
25,FST,RF,XGB,4,0.74,0.7449285714285715,0.600130545166229
25,FST,RF,LR,4,0.76,0.7592123248475336,0.6228398160599693
25,FST,RF,SVM_RBF,4,0.81,0.8097784038283422,0.704428474868201
25,FST,RF,SVM_Lin,4,0.76,0.7631945612559573,0.6284541801980794
25,FST,RF,GBM,4,0.79,0.794423344556678,0.6771191906507471
25,FST,LR,RF,0,0.6534653465346535,0.6440676696486672,0.4542718872222931
25,FST,LR,XGB,0,0.6336633663366337,0.6209047734041697,0.4230789150077822
25,FST,LR,LR,0,0.6732673267326733,0.6643456230345952,0.48516271218779194
25,FST,LR,SVM_RBF,0,0.6732673267326733,0.6647378245732273,0.4860389278437034
25,FST,LR,SVM_Lin,0,0.6039603960396039,0.5880909537982222,0.37359946587074794
25,FST,LR,GBM,0,0.6138613861386139,0.6012366296870651,0.3923894070086559
25,FST,LR,RF,1,0.7326732673267327,0.7206678004581324,0.57861831917742
25,FST,LR,XGB,1,0.7623762376237624,0.7602217870101788,0.6290201210558951
25,FST,LR,LR,1,0.693069306930693,0.6877187389203094,0.5175293965961979
25,FST,LR,SVM_RBF,1,0.7227722772277227,0.7139808808467053,0.5630082644309865
25,FST,LR,SVM_Lin,1,0.7227722772277227,0.7140659096160265,0.5626606079008127
25,FST,LR,GBM,1,0.7227722772277227,0.7254931695701216,0.5828047910637401
25,FST,LR,RF,2,0.693069306930693,0.6747558201766123,0.5165649579022032
25,FST,LR,XGB,2,0.693069306930693,0.6854173118496181,0.5164558730662
25,FST,LR,LR,2,0.7128712871287128,0.7105030773347606,0.5505644148268792
25,FST,LR,SVM_RBF,2,0.7425742574257426,0.7245493780147246,0.5955809002317368
25,FST,LR,SVM_Lin,2,0.7425742574257426,0.7339300974561274,0.5961013066996639
25,FST,LR,GBM,2,0.6633663366336634,0.6475862776151032,0.4677248612856121
25,FST,LR,RF,3,0.7029702970297029,0.6988103561881907,0.5378039559427059
25,FST,LR,XGB,3,0.6534653465346535,0.6564827911362565,0.4642218778777854
25,FST,LR,LR,3,0.6633663366336634,0.6565257718878382,0.4727508860271645
25,FST,LR,SVM_RBF,3,0.693069306930693,0.6937885198912256,0.5272487853957127
25,FST,LR,SVM_Lin,3,0.6435643564356436,0.6406901679178907,0.44381593092607624
25,FST,LR,GBM,3,0.7029702970297029,0.6976672787663999,0.5329477530291167
25,FST,LR,RF,4,0.68,0.6808363379285968,0.5058779813258452
25,FST,LR,XGB,4,0.66,0.6647847227782591,0.48267481725427613
25,FST,LR,LR,4,0.73,0.7343074581430745,0.5864598253522522
25,FST,LR,SVM_RBF,4,0.75,0.7485380116959064,0.6110212344663286
25,FST,LR,SVM_Lin,4,0.67,0.6828254938338972,0.5062194338356375
25,FST,LR,GBM,4,0.65,0.6589010518809058,0.4749806666671108
25,FST,EN,RF,0,0.7326732673267327,0.7104924620677665,0.5796557793862218
25,FST,EN,XGB,0,0.7029702970297029,0.6850357507660878,0.530436743909835
25,FST,EN,LR,0,0.7227722772277227,0.7184958578823919,0.5642325113292307
25,FST,EN,SVM_RBF,0,0.7821782178217822,0.7683284457478006,0.6597946658884788
25,FST,EN,SVM_Lin,0,0.7425742574257426,0.7331369845845342,0.5944166775507058
25,FST,EN,GBM,0,0.7029702970297029,0.6862100915973951,0.5308047408673693
25,FST,EN,RF,1,0.801980198019802,0.8003493797655628,0.6902829942539083
25,FST,EN,XGB,1,0.7524752475247525,0.757331956863681,0.6201922591622823
25,FST,EN,LR,1,0.7920792079207921,0.795955888271754,0.6799120528090666
25,FST,EN,SVM_RBF,1,0.801980198019802,0.8022597553873034,0.6916146816068947
25,FST,EN,SVM_Lin,1,0.7326732673267327,0.7364136413641365,0.5885755231243874
25,FST,EN,GBM,1,0.7425742574257426,0.7435091505788293,0.6005809916319134
25,FST,EN,RF,2,0.8118811881188119,0.8024623331898406,0.7068743653556284
25,FST,EN,XGB,2,0.7722772277227723,0.7657726271587659,0.6433064581165548
25,FST,EN,LR,2,0.7920792079207921,0.788785669814764,0.6741613575823808
25,FST,EN,SVM_RBF,2,0.7722772277227723,0.7667497518982668,0.6419088536264858
25,FST,EN,SVM_Lin,2,0.8217821782178217,0.8220559956687058,0.7226311858684074
25,FST,EN,GBM,2,0.7821782178217822,0.7774409019849353,0.6581695724504852
25,FST,EN,RF,3,0.8316831683168316,0.8255311245410255,0.7393147702938611
25,FST,EN,XGB,3,0.8217821782178217,0.8186909188656422,0.7212613042594681
25,FST,EN,LR,3,0.8415841584158416,0.8378875440551876,0.75241923456597
25,FST,EN,SVM_RBF,3,0.7524752475247525,0.743103448275862,0.6107575516950936
25,FST,EN,SVM_Lin,3,0.8415841584158416,0.8407777429326643,0.7523926682467358
25,FST,EN,GBM,3,0.7920792079207921,0.7783581299306401,0.6745351965148353
25,FST,EN,RF,4,0.77,0.7692190418496643,0.6447390272563341
25,FST,EN,XGB,4,0.79,0.7887728937728937,0.6709095399020997
25,FST,EN,LR,4,0.77,0.7736418402977628,0.6442065966237928
25,FST,EN,SVM_RBF,4,0.76,0.7579827351203997,0.6286205515749258
25,FST,EN,SVM_Lin,4,0.73,0.7359039145373524,0.5847352828479007
25,FST,EN,GBM,4,0.73,0.7350985011027922,0.5847352828479007
25,fst_stat,RF,RF,0,0.7326732673267327,0.6973374552645137,0.5831130942619622
25,fst_stat,RF,XGB,0,0.7425742574257426,0.7147307711066673,0.5984124054354036
25,fst_stat,RF,LR,0,0.7920792079207921,0.7829832672708263,0.6751782286980139
25,fst_stat,RF,SVM_RBF,0,0.8118811881188119,0.7906823655338506,0.7219979676404064
25,fst_stat,RF,SVM_Lin,0,0.7920792079207921,0.7829832672708263,0.6751782286980139
25,fst_stat,RF,GBM,0,0.7425742574257426,0.7075707570757076,0.6030696873787005
25,fst_stat,RF,RF,1,0.8316831683168316,0.8270562350352682,0.7373466542536964
25,fst_stat,RF,XGB,1,0.8316831683168316,0.8297336062720196,0.7415612365727635
25,fst_stat,RF,LR,1,0.8316831683168316,0.8292079207920792,0.7392252230016113
25,fst_stat,RF,SVM_RBF,1,0.8217821782178217,0.8189688481043227,0.7248874703406668
25,fst_stat,RF,SVM_Lin,1,0.8118811881188119,0.8094542381067374,0.7072579662055681
25,fst_stat,RF,GBM,1,0.8118811881188119,0.8082691946492961,0.7072741852939759
25,fst_stat,RF,RF,2,0.7623762376237624,0.746143714501576,0.6312678457010655
25,fst_stat,RF,XGB,2,0.7623762376237624,0.7506853682889135,0.6265796494489098
25,fst_stat,RF,LR,2,0.7524752475247525,0.7432765319308011,0.6105048706261911
25,fst_stat,RF,SVM_RBF,2,0.7722772277227723,0.7503123305578869,0.6468355643672841
25,fst_stat,RF,SVM_Lin,2,0.7425742574257426,0.7359144566609132,0.597237302348615
25,fst_stat,RF,GBM,2,0.7821782178217822,0.773519124064305,0.6577625856832526
25,fst_stat,RF,RF,3,0.8316831683168316,0.824311152045437,0.7368555114632941
25,fst_stat,RF,XGB,3,0.7722772277227723,0.7663214013709062,0.6454404770910518
25,fst_stat,RF,LR,3,0.7821782178217822,0.7706353968730206,0.6589034280179066
25,fst_stat,RF,SVM_RBF,3,0.7920792079207921,0.7780261897157458,0.6793240674698521
25,fst_stat,RF,SVM_Lin,3,0.7623762376237624,0.7527569136223968,0.6265867825704348
25,fst_stat,RF,GBM,3,0.801980198019802,0.7999626438493581,0.6904673073170748
25,fst_stat,RF,RF,4,0.81,0.8075124609276,0.7024369707127326
25,fst_stat,RF,XGB,4,0.83,0.8264532019704433,0.7329272779693955
25,fst_stat,RF,LR,4,0.79,0.790796992481203,0.6799703460960386
25,fst_stat,RF,SVM_RBF,4,0.82,0.8170542635658914,0.7168258377154255
25,fst_stat,RF,SVM_Lin,4,0.79,0.788873710370988,0.6703727452937497
25,fst_stat,RF,GBM,4,0.83,0.8264532019704433,0.7329272779693955
25,fst_stat,LR,RF,0,0.7227722772277227,0.7202677896318277,0.5653184319582646
25,fst_stat,LR,XGB,0,0.7227722772277227,0.7213101542712411,0.5659532794305207
25,fst_stat,LR,LR,0,0.693069306930693,0.6898545395639505,0.5173796465167109
25,fst_stat,LR,SVM_RBF,0,0.7029702970297029,0.6985910906315187,0.5331558447445435
25,fst_stat,LR,SVM_Lin,0,0.6831683168316832,0.6847385874571419,0.5052385740054648
25,fst_stat,LR,GBM,0,0.6732673267326733,0.675731098084852,0.49253333631866186
25,fst_stat,LR,RF,1,0.7524752475247525,0.7464992023499024,0.6110130870336424
25,fst_stat,LR,XGB,1,0.7128712871287128,0.7093694354420427,0.5492884044468445
25,fst_stat,LR,LR,1,0.7326732673267327,0.7326732673267327,0.5837912087912088
25,fst_stat,LR,SVM_RBF,1,0.7029702970297029,0.699311866670538,0.5310542432760927
25,fst_stat,LR,SVM_Lin,1,0.693069306930693,0.6872033617023942,0.5155310183717132
25,fst_stat,LR,GBM,1,0.7029702970297029,0.7001302761855133,0.5340586451761955
25,fst_stat,LR,RF,2,0.7920792079207921,0.792322048776879,0.6760082897706219
25,fst_stat,LR,XGB,2,0.8118811881188119,0.816439454939078,0.7192699159171798
25,fst_stat,LR,LR,2,0.8415841584158416,0.8423137542852064,0.7539466321934815
25,fst_stat,LR,SVM_RBF,2,0.7821782178217822,0.7810260198010601,0.6585293154472188
25,fst_stat,LR,SVM_Lin,2,0.8217821782178217,0.8217821782178217,0.7225274725274725
25,fst_stat,LR,GBM,2,0.8217821782178217,0.8259768888932529,0.7368314302349358
25,fst_stat,LR,RF,3,0.7920792079207921,0.7851148226777137,0.6790678957343544
25,fst_stat,LR,XGB,3,0.7722772277227723,0.7629193535937577,0.6427113932007709
25,fst_stat,LR,LR,3,0.8118811881188119,0.8006975256225539,0.7068091602470898
25,fst_stat,LR,SVM_RBF,3,0.7920792079207921,0.7810675435713927,0.6764762969535114
25,fst_stat,LR,SVM_Lin,3,0.8118811881188119,0.8090629846117142,0.7056529041082313
25,fst_stat,LR,GBM,3,0.7524752475247525,0.7437140225650472,0.610849320296661
25,fst_stat,LR,RF,4,0.72,0.721684434968017,0.5726653440215674
25,fst_stat,LR,XGB,4,0.74,0.7464037433155081,0.6047614811287365
25,fst_stat,LR,LR,4,0.73,0.7316728062352166,0.5800250078149422
25,fst_stat,LR,SVM_RBF,4,0.72,0.7154677419354839,0.5593853704271999
25,fst_stat,LR,SVM_Lin,4,0.75,0.7516754385964911,0.6110212344663286
25,fst_stat,LR,GBM,4,0.73,0.7343525590719431,0.5806206237668393
25,fst_stat,EN,RF,0,0.7722772277227723,0.7657443163671206,0.6437021130619306
25,fst_stat,EN,XGB,0,0.7821782178217822,0.77686294945284,0.6589918777478128
25,fst_stat,EN,LR,0,0.7623762376237624,0.762046204620462,0.6264924447978101
25,fst_stat,EN,SVM_RBF,0,0.7227722772277227,0.7145791502227146,0.5624595236435835
25,fst_stat,EN,SVM_Lin,0,0.7326732673267327,0.7312458372643043,0.5788496535908219
25,fst_stat,EN,GBM,0,0.7425742574257426,0.7391787342703389,0.5960001458445268
25,fst_stat,EN,RF,1,0.8217821782178217,0.8192852391373509,0.7213801628551257
25,fst_stat,EN,XGB,1,0.7425742574257426,0.7373915169294707,0.5996125640137732
25,fst_stat,EN,LR,1,0.8316831683168316,0.8297029702970298,0.7403846153846154
25,fst_stat,EN,SVM_RBF,1,0.7623762376237624,0.7539368541316606,0.6328292133259736
25,fst_stat,EN,SVM_Lin,1,0.801980198019802,0.8006659297453967,0.6914035404465879
25,fst_stat,EN,GBM,1,0.7623762376237624,0.7604621221615833,0.6348958610840506
25,fst_stat,EN,RF,2,0.8217821782178217,0.8210428208258129,0.7224159183363563
25,fst_stat,EN,XGB,2,0.801980198019802,0.8002031648867751,0.6897147510292136
25,fst_stat,EN,LR,2,0.8514851485148515,0.8520265602927357,0.7689615390884936
25,fst_stat,EN,SVM_RBF,2,0.8118811881188119,0.8117782547485518,0.7055545219398971
25,fst_stat,EN,SVM_Lin,2,0.8415841584158416,0.8427775772918481,0.7544187564872284
25,fst_stat,EN,GBM,2,0.801980198019802,0.8016421154310553,0.6908155591894101
25,fst_stat,EN,RF,3,0.8613861386138614,0.8583144028688583,0.7869871208788876
25,fst_stat,EN,XGB,3,0.8613861386138614,0.858063155092858,0.7836736038532839
25,fst_stat,EN,LR,3,0.8712871287128713,0.8708565243829702,0.7993004377127145
25,fst_stat,EN,SVM_RBF,3,0.8613861386138614,0.8612272992005083,0.7838599746164286
25,fst_stat,EN,SVM_Lin,3,0.8118811881188119,0.808938090971773,0.7053427583751894
25,fst_stat,EN,GBM,3,0.8613861386138614,0.8571472817294824,0.7844217219166318
25,fst_stat,EN,RF,4,0.8,0.7999006140249252,0.692462364596026
25,fst_stat,EN,XGB,4,0.82,0.8205106738223017,0.7189510008541439
25,fst_stat,EN,LR,4,0.78,0.7797018753781003,0.6555413698534311
25,fst_stat,EN,SVM_RBF,4,0.79,0.7899361449361451,0.6747646165999346
25,fst_stat,EN,SVM_Lin,4,0.78,0.778205243445693,0.6552133136834526
25,fst_stat,EN,GBM,4,0.8,0.8019696969696969,0.6907283955726637
30,stat,RF,RF,0,0.801980198019802,0.7931745637830854,0.6894750489562819
30,stat,RF,XGB,0,0.8217821782178217,0.819317216274473,0.7237554246071956
30,stat,RF,LR,0,0.8514851485148515,0.8492295178917327,0.7675389679925675
30,stat,RF,SVM_RBF,0,0.7920792079207921,0.7797437971645265,0.6744420810069536
30,stat,RF,SVM_Lin,0,0.8514851485148515,0.8458636144944418,0.7709309978664952
30,stat,RF,GBM,0,0.8415841584158416,0.8401229236601638,0.7532152311614411
30,stat,RF,RF,1,0.8217821782178217,0.8150750558926861,0.7241648771946718
30,stat,RF,XGB,1,0.801980198019802,0.800273130761352,0.6897030694048056
30,stat,RF,LR,1,0.7821782178217822,0.7771462860571772,0.6579937659293684
30,stat,RF,SVM_RBF,1,0.801980198019802,0.7966118862525638,0.6909720424500688
30,stat,RF,SVM_Lin,1,0.801980198019802,0.7956184758747368,0.6899757553512647
30,stat,RF,GBM,1,0.8118811881188119,0.8093214040097295,0.7049809616031799
30,stat,RF,RF,2,0.8217821782178217,0.8159391773835571,0.7211545049902748
30,stat,RF,XGB,2,0.8316831683168316,0.8265350390930036,0.7369384367070086
30,stat,RF,LR,2,0.8217821782178217,0.8185833968012187,0.7209882163378024
30,stat,RF,SVM_RBF,2,0.8217821782178217,0.8152804847097872,0.7209437219446044
30,stat,RF,SVM_Lin,2,0.8217821782178217,0.8178133634802897,0.7209512172567671
30,stat,RF,GBM,2,0.8316831683168316,0.8269110260587889,0.7369384367070086
30,stat,RF,RF,3,0.8811881188118812,0.8745054252260669,0.8200566704569425
30,stat,RF,XGB,3,0.8910891089108911,0.8869781715013605,0.8343818997756286
30,stat,RF,LR,3,0.8811881188118812,0.8757365102508365,0.821871151354863
30,stat,RF,SVM_RBF,3,0.8910891089108911,0.8843235971948843,0.8371494507601357
30,stat,RF,SVM_Lin,3,0.8811881188118812,0.8753868024373594,0.8235944040983273
30,stat,RF,GBM,3,0.8910891089108911,0.8904431212352005,0.8324140508098433
30,stat,RF,RF,4,0.8,0.8018160264393139,0.6892691117432995
30,stat,RF,XGB,4,0.78,0.7842108303925548,0.6609662563816546
30,stat,RF,LR,4,0.88,0.8810368515205724,0.8133221670130777
30,stat,RF,SVM_RBF,4,0.8,0.798671497584541,0.6912371642479499
30,stat,RF,SVM_Lin,4,0.85,0.8515549686900027,0.7684326140360344
30,stat,RF,GBM,4,0.78,0.7844372294372295,0.6629057067944957
30,stat,LR,RF,0,0.8415841584158416,0.8321832183218322,0.7545330374150193
30,stat,LR,XGB,0,0.7920792079207921,0.7854979954564641,0.6735368071794702
30,stat,LR,LR,0,0.8118811881188119,0.807309619850874,0.7082001876709806
30,stat,LR,SVM_RBF,0,0.8118811881188119,0.8025564232547219,0.7050527754561098
30,stat,LR,SVM_Lin,0,0.7920792079207921,0.7926831091666009,0.6778255174882146
30,stat,LR,GBM,0,0.7425742574257426,0.7293322158614713,0.5957227541746141
30,stat,LR,RF,1,0.7821782178217822,0.7754575711217285,0.6597137058050729
30,stat,LR,XGB,1,0.7326732673267327,0.7292079207920793,0.5862332112332113
30,stat,LR,LR,1,0.8118811881188119,0.8103130483034062,0.7068564631253013
30,stat,LR,SVM_RBF,1,0.7821782178217822,0.7744928338987745,0.6576794189916706
30,stat,LR,SVM_Lin,1,0.7326732673267327,0.7294390574655082,0.5798712280263362
30,stat,LR,GBM,1,0.7425742574257426,0.7401776593491535,0.5986860043743082
30,stat,LR,RF,2,0.900990099009901,0.8988864281466712,0.8473422102247437
30,stat,LR,XGB,2,0.8712871287128713,0.8698642899520305,0.8021485034436112
30,stat,LR,LR,2,0.8613861386138614,0.8569276430214711,0.7846665127179888
30,stat,LR,SVM_RBF,2,0.8613861386138614,0.8576581042871426,0.7846665127179888
30,stat,LR,SVM_Lin,2,0.8514851485148515,0.8447433132662895,0.7680847120093889
30,stat,LR,GBM,2,0.8811881188118812,0.8804514289033103,0.8156389188140651
30,stat,LR,RF,3,0.8415841584158416,0.8353993274090218,0.759360400381006
30,stat,LR,XGB,3,0.8712871287128713,0.8709201689399709,0.801165651206872
30,stat,LR,LR,3,0.8415841584158416,0.8408274440690668,0.7547610444653905
30,stat,LR,SVM_RBF,3,0.7920792079207921,0.7838300313547837,0.6766176593669827
30,stat,LR,SVM_Lin,3,0.8217821782178217,0.8206059394178206,0.7252498576077255
30,stat,LR,GBM,3,0.8514851485148515,0.8494362594154152,0.7694304556871622
30,stat,LR,RF,4,0.81,0.8001593398776496,0.7197104283457427
30,stat,LR,XGB,4,0.8,0.8006471382075097,0.6869392474076724
30,stat,LR,LR,4,0.79,0.7899755595886268,0.6713375474402608
30,stat,LR,SVM_RBF,4,0.8,0.7945550940287782,0.6876447906315404
30,stat,LR,SVM_Lin,4,0.76,0.7615936100062376,0.6257191694152273
30,stat,LR,GBM,4,0.76,0.7546510246510246,0.6244407230571312
30,stat,EN,RF,0,0.8811881188118812,0.8735612801786508,0.8185577019837568
30,stat,EN,XGB,0,0.8910891089108911,0.8859618706653972,0.8314613306642131
30,stat,EN,LR,0,0.8415841584158416,0.8393837568874855,0.7518971116944962
30,stat,EN,SVM_RBF,0,0.8712871287128713,0.8657156678029758,0.8014866822473365
30,stat,EN,SVM_Lin,0,0.8613861386138614,0.8588370420053589,0.7835002946930487
30,stat,EN,GBM,0,0.8811881188118812,0.8753790481623457,0.8153586644243482
30,stat,EN,RF,1,0.8712871287128713,0.8703332528374789,0.8002899452636482
30,stat,EN,XGB,1,0.8712871287128713,0.87006854531607,0.7990618003255876
30,stat,EN,LR,1,0.8811881188118812,0.8807936676020542,0.814330382787148
30,stat,EN,SVM_RBF,1,0.8613861386138614,0.8592903895946674,0.7834293562139005
30,stat,EN,SVM_Lin,1,0.8811881188118812,0.8804002416156734,0.8144021251396641
30,stat,EN,GBM,1,0.8712871287128713,0.8692614389016343,0.7988054632664184
30,stat,EN,RF,2,0.8712871287128713,0.8660176784753315,0.8019861862642204
30,stat,EN,XGB,2,0.8712871287128713,0.8667941869262,0.8001787553756462
30,stat,EN,LR,2,0.8811881188118812,0.8786014728218704,0.8162159824623508
30,stat,EN,SVM_RBF,2,0.8613861386138614,0.8577963904374595,0.785089754699958
30,stat,EN,SVM_Lin,2,0.8613861386138614,0.8603676157089393,0.7834171029591975
30,stat,EN,GBM,2,0.8514851485148515,0.8456542350931789,0.7688174615095459
30,stat,EN,RF,3,0.8712871287128713,0.8703014691962424,0.7995290558142089
30,stat,EN,XGB,3,0.8811881188118812,0.8789211952869495,0.814655396221271
30,stat,EN,LR,3,0.8811881188118812,0.8782968697615334,0.8156366603840667
30,stat,EN,SVM_RBF,3,0.8811881188118812,0.877783124762842,0.8151726141623061
30,stat,EN,SVM_Lin,3,0.8613861386138614,0.8601644374963812,0.7868865558658004
30,stat,EN,GBM,3,0.8712871287128713,0.8711804978407248,0.7994854190699583
30,stat,EN,RF,4,0.79,0.7909850125617257,0.6851523652692847
30,stat,EN,XGB,4,0.78,0.7740885071439092,0.6623202961993371
30,stat,EN,LR,4,0.82,0.8202822822822823,0.72021860023298
30,stat,EN,SVM_RBF,4,0.82,0.8212691595705295,0.7211369017928387
30,stat,EN,SVM_Lin,4,0.78,0.7789669738863287,0.6596617044113097
30,stat,EN,GBM,4,0.77,0.7672780265269915,0.6384190194060356
30,FST,RF,RF,0,0.8217821782178217,0.810658643037462,0.7323187680493336
30,FST,RF,XGB,0,0.801980198019802,0.8004688239858867,0.6915897869263532
30,FST,RF,LR,0,0.8316831683168316,0.8227908084926139,0.7376138283329051
30,FST,RF,SVM_RBF,0,0.801980198019802,0.7919311080044175,0.6929580006196451
30,FST,RF,SVM_Lin,0,0.7920792079207921,0.7853703320996235,0.6757915073084416
30,FST,RF,GBM,0,0.8217821782178217,0.8162524709314873,0.7238260099118964
30,FST,RF,RF,1,0.8316831683168316,0.8299895779051589,0.7370751481050735
30,FST,RF,XGB,1,0.7623762376237624,0.7599064417160062,0.6272383475727558
30,FST,RF,LR,1,0.8118811881188119,0.8118811881188119,0.7071123321123322
30,FST,RF,SVM_RBF,1,0.801980198019802,0.8007259826993525,0.689204557512126
30,FST,RF,SVM_Lin,1,0.801980198019802,0.8016787579414291,0.693189156910636
30,FST,RF,GBM,1,0.7920792079207921,0.7910958573948923,0.674705341299477
30,FST,RF,RF,2,0.7920792079207921,0.7850802321611471,0.6737922452138162
30,FST,RF,XGB,2,0.7623762376237624,0.7611593912004441,0.6291728802199579
30,FST,RF,LR,2,0.801980198019802,0.796522856420009,0.690023332142828
30,FST,RF,SVM_RBF,2,0.7821782178217822,0.7747602880804579,0.65900752742903
30,FST,RF,SVM_Lin,2,0.7623762376237624,0.7589122827437358,0.6273837004342622
30,FST,RF,GBM,2,0.801980198019802,0.799590303857972,0.6897030694048056
30,FST,RF,RF,3,0.8811881188118812,0.8778455752551999,0.8156093809424397
30,FST,RF,XGB,3,0.900990099009901,0.8993170295681014,0.8460044505718751
30,FST,RF,LR,3,0.9108910891089109,0.9095249643316804,0.861535739291423
30,FST,RF,SVM_RBF,3,0.900990099009901,0.9000028207949,0.8459212426730577
30,FST,RF,SVM_Lin,3,0.900990099009901,0.897138033314462,0.8474751193806825
30,FST,RF,GBM,3,0.9306930693069307,0.9305050220469202,0.8929218478333234
30,FST,RF,RF,4,0.84,0.8412470588235295,0.7507462371732089
30,FST,RF,XGB,4,0.84,0.8412470588235295,0.7507462371732089
30,FST,RF,LR,4,0.83,0.8271891327063741,0.7332168557411413
30,FST,RF,SVM_RBF,4,0.86,0.859337863375015,0.7805514317840159
30,FST,RF,SVM_Lin,4,0.81,0.8115529411764706,0.7037462640613635
30,FST,RF,GBM,4,0.83,0.8314845668387838,0.7365875514292725
30,FST,LR,RF,0,0.7227722772277227,0.7204165244110619,0.56595204031785
30,FST,LR,XGB,0,0.6633663366336634,0.6692972868715443,0.4892723176824746
30,FST,LR,LR,0,0.6633663366336634,0.6632038731299289,0.47930363756237526
30,FST,LR,SVM_RBF,0,0.7227722772277227,0.7119693951377118,0.5649690513798945
30,FST,LR,SVM_Lin,0,0.6435643564356436,0.6353801219484674,0.4402839799284323
30,FST,LR,GBM,0,0.6732673267326733,0.6776139285443601,0.4996478976769114
30,FST,LR,RF,1,0.7920792079207921,0.7854554686237856,0.6734499843568554
30,FST,LR,XGB,1,0.7029702970297029,0.6995666050121496,0.5411649104035824
30,FST,LR,LR,1,0.6831683168316832,0.6755899544596558,0.5006339912682244
30,FST,LR,SVM_RBF,1,0.7326732673267327,0.7229920050828612,0.5785299148978775
30,FST,LR,SVM_Lin,1,0.6732673267326733,0.6663763435167045,0.483079566836861
30,FST,LR,GBM,1,0.7227722772277227,0.7229194396283197,0.5737586668439858
30,FST,LR,RF,2,0.7128712871287128,0.7093245900487115,0.5495805153023151
30,FST,LR,XGB,2,0.7128712871287128,0.7112658241351302,0.5508915823908807
30,FST,LR,LR,2,0.7227722772277227,0.7219483387658657,0.5670743392516171
30,FST,LR,SVM_RBF,2,0.7722772277227723,0.7615826223863497,0.642470217824696
30,FST,LR,SVM_Lin,2,0.7425742574257426,0.7379218718457906,0.596185856702633
30,FST,LR,GBM,2,0.7128712871287128,0.7153648404134719,0.554401392269295
30,FST,LR,RF,3,0.7029702970297029,0.6974915497688962,0.5392450135469111
30,FST,LR,XGB,3,0.6831683168316832,0.6817901570376818,0.506728785695948
30,FST,LR,LR,3,0.7128712871287128,0.7079056858967978,0.5506833567835416
30,FST,LR,SVM_RBF,3,0.7227722772277227,0.7217755887955303,0.5711744022697335
30,FST,LR,SVM_Lin,3,0.693069306930693,0.6937396621098105,0.5238462653287397
30,FST,LR,GBM,3,0.7029702970297029,0.6989866862723162,0.5338816880887322
30,FST,LR,RF,4,0.74,0.7393150355122186,0.5967967865120734
30,FST,LR,XGB,4,0.75,0.7543074581430745,0.6173830958691123
30,FST,LR,LR,4,0.78,0.7835833333333333,0.6633726003461403
30,FST,LR,SVM_RBF,4,0.78,0.7818812785388128,0.6598048193023349
30,FST,LR,SVM_Lin,4,0.74,0.7437251637251637,0.6020543788070375
30,FST,LR,GBM,4,0.73,0.7389619196661451,0.5931377443092648
30,FST,EN,RF,0,0.7623762376237624,0.7323332480523457,0.633273739745785
30,FST,EN,XGB,0,0.801980198019802,0.800063872484549,0.6910318655426158
30,FST,EN,LR,0,0.7722772277227723,0.769194928542628,0.6431726469318203
30,FST,EN,SVM_RBF,0,0.7920792079207921,0.7804944036743687,0.6743961671483341
30,FST,EN,SVM_Lin,0,0.7227722772277227,0.7195294506281027,0.5664135935977573
30,FST,EN,GBM,0,0.7821782178217822,0.7741000253871541,0.6586526756440357
30,FST,EN,RF,1,0.801980198019802,0.7952942750554864,0.6897932111241746
30,FST,EN,XGB,1,0.7821782178217822,0.786683053390318,0.6659924674309081
30,FST,EN,LR,1,0.7623762376237624,0.7642749989284642,0.6350499792970179
30,FST,EN,SVM_RBF,1,0.8514851485148515,0.8547701054709647,0.7717773500876118
30,FST,EN,SVM_Lin,1,0.7524752475247525,0.7506681437374507,0.6206384734432573
30,FST,EN,GBM,1,0.7524752475247525,0.754043481271204,0.6186749290669392
30,FST,EN,RF,2,0.8316831683168316,0.820351537416185,0.7377942946631203
30,FST,EN,XGB,2,0.8514851485148515,0.847188498290986,0.7678102553497861
30,FST,EN,LR,2,0.8316831683168316,0.8289518607033116,0.7364652153053776
30,FST,EN,SVM_RBF,2,0.801980198019802,0.7972428821829551,0.6894814550776633
30,FST,EN,SVM_Lin,2,0.8118811881188119,0.8100276306700437,0.7056739559656492
30,FST,EN,GBM,2,0.8217821782178217,0.8194335712641031,0.7211984755806634
30,FST,EN,RF,3,0.8415841584158416,0.8314372613731962,0.7554457121002094
30,FST,EN,XGB,3,0.8118811881188119,0.8093591878993674,0.7060475571023798
30,FST,EN,LR,3,0.8514851485148515,0.848393972668469,0.7685268799615786
30,FST,EN,SVM_RBF,3,0.8118811881188119,0.8023918568327421,0.706363299690728
30,FST,EN,SVM_Lin,3,0.7920792079207921,0.7880191560628569,0.6743073191166027
30,FST,EN,GBM,3,0.801980198019802,0.7894319178753318,0.6902577091744112
30,FST,EN,RF,4,0.8,0.8024719101123594,0.6904959572933217
30,FST,EN,XGB,4,0.83,0.832852076318743,0.7390130837632468
30,FST,EN,LR,4,0.79,0.794339826839827,0.6783765812938599
30,FST,EN,SVM_RBF,4,0.8,0.8035260391782131,0.6954343654361581
30,FST,EN,SVM_Lin,4,0.73,0.7356337898703926,0.586679450925703
30,FST,EN,GBM,4,0.78,0.7872370392568174,0.668214086465065
30,fst_stat,RF,RF,0,0.801980198019802,0.7944152676137178,0.69094524645761
30,fst_stat,RF,XGB,0,0.7821782178217822,0.7807042028244635,0.6600882102623883
30,fst_stat,RF,LR,0,0.8514851485148515,0.8475980802713476,0.7677898460601327
30,fst_stat,RF,SVM_RBF,0,0.7920792079207921,0.7767128119812668,0.677539890214278
30,fst_stat,RF,SVM_Lin,0,0.8217821782178217,0.8153846153846154,0.722023677408043
30,fst_stat,RF,GBM,0,0.7524752475247525,0.7482097612481533,0.6114486731561128
30,fst_stat,RF,RF,1,0.8613861386138614,0.8594535129188594,0.784498108442596
30,fst_stat,RF,XGB,1,0.8514851485148515,0.8495525228198495,0.7688174615095459
30,fst_stat,RF,LR,1,0.8415841584158416,0.8392167546961075,0.7539635269375651
30,fst_stat,RF,SVM_RBF,1,0.8613861386138614,0.8596143203436246,0.7831790151180729
30,fst_stat,RF,SVM_Lin,1,0.8316831683168316,0.8290111602575202,0.7368351519233249
30,fst_stat,RF,GBM,1,0.8712871287128713,0.8705575199267408,0.7988054632664184
30,fst_stat,RF,RF,2,0.7821782178217822,0.7735244454678026,0.658088102223679
30,fst_stat,RF,XGB,2,0.7920792079207921,0.7875822641244411,0.6740956501650992
30,fst_stat,RF,LR,2,0.8118811881188119,0.8065741537052002,0.7050527754561098
30,fst_stat,RF,SVM_RBF,2,0.7920792079207921,0.7847946956857847,0.6747335799112453
30,fst_stat,RF,SVM_Lin,2,0.8118811881188119,0.8057205720572057,0.7058507726382922
30,fst_stat,RF,GBM,2,0.7920792079207921,0.7884707145413337,0.6753215105609377
30,fst_stat,RF,RF,3,0.8316831683168316,0.827411280453888,0.7384316580202079
30,fst_stat,RF,XGB,3,0.801980198019802,0.7955579341717955,0.6905759894329627
30,fst_stat,RF,LR,3,0.8415841584158416,0.8377638342647025,0.7577962873742832
30,fst_stat,RF,SVM_RBF,3,0.8415841584158416,0.8356947419065502,0.7577962873742832
30,fst_stat,RF,SVM_Lin,3,0.8118811881188119,0.8046730819092096,0.7111581799370997
30,fst_stat,RF,GBM,3,0.8118811881188119,0.8066446630598137,0.707112574615187
30,fst_stat,RF,RF,4,0.83,0.8298517578312098,0.7366198636377327
30,fst_stat,RF,XGB,4,0.83,0.8296719946719946,0.7336847015303664
30,fst_stat,RF,LR,4,0.79,0.790827067669173,0.6719880070734705
30,fst_stat,RF,SVM_RBF,4,0.81,0.8079521986498732,0.7014774769605595
30,fst_stat,RF,SVM_Lin,4,0.78,0.7810651629072684,0.6563385425398545
30,fst_stat,RF,GBM,4,0.81,0.8121387559808614,0.7080502906477463
30,fst_stat,LR,RF,0,0.7425742574257426,0.7360295849763949,0.5975546054863902
30,fst_stat,LR,XGB,0,0.7227722772277227,0.7178853277475379,0.5644087410412346
30,fst_stat,LR,LR,0,0.7128712871287128,0.7061163259183062,0.5468875819045145
30,fst_stat,LR,SVM_RBF,0,0.7326732673267327,0.7280084575277805,0.5792304563364222
30,fst_stat,LR,SVM_Lin,0,0.7227722772277227,0.7203282490411205,0.5639210840401391
30,fst_stat,LR,GBM,0,0.693069306930693,0.6948810651195423,0.520763093620479
30,fst_stat,LR,RF,1,0.8217821782178217,0.822078361682322,0.7233928331948019
30,fst_stat,LR,XGB,1,0.7821782178217822,0.7810923949537811,0.6639472932747167
30,fst_stat,LR,LR,1,0.7722772277227723,0.771372413561208,0.6486877647343237
30,fst_stat,LR,SVM_RBF,1,0.7623762376237624,0.7626764209771348,0.6273837004342622
30,fst_stat,LR,SVM_Lin,1,0.7524752475247525,0.7513450949014018,0.6138955020067973
30,fst_stat,LR,GBM,1,0.801980198019802,0.8013424231728988,0.6924955529319872
30,fst_stat,LR,RF,2,0.801980198019802,0.8031076022011735,0.6930007683226146
30,fst_stat,LR,XGB,2,0.801980198019802,0.8051769882870641,0.6952719433353607
30,fst_stat,LR,LR,2,0.801980198019802,0.803392620792547,0.6920874852791503
30,fst_stat,LR,SVM_RBF,2,0.8316831683168316,0.8311595461605656,0.7395791666565789
30,fst_stat,LR,SVM_Lin,2,0.7920792079207921,0.7943317587572711,0.6788014211660083
30,fst_stat,LR,GBM,2,0.7821782178217822,0.7858102066364272,0.6656013560230121
30,fst_stat,LR,RF,3,0.7920792079207921,0.7802873511373949,0.6769040591415615
30,fst_stat,LR,XGB,3,0.7722772277227723,0.763643337074023,0.6424223155795549
30,fst_stat,LR,LR,3,0.8217821782178217,0.81534942967981,0.7235594306526961
30,fst_stat,LR,SVM_RBF,3,0.8316831683168316,0.8256658223961931,0.7372299824316378
30,fst_stat,LR,SVM_Lin,3,0.801980198019802,0.7963626562421224,0.6944089751601624
30,fst_stat,LR,GBM,3,0.7722772277227723,0.7646516204415473,0.6454779508615182
30,fst_stat,LR,RF,4,0.72,0.7186582551161718,0.5720598053652283
30,fst_stat,LR,XGB,4,0.74,0.7473998548898309,0.6011570024982887
30,fst_stat,LR,LR,4,0.74,0.7405071363498331,0.5926151836264787
30,fst_stat,LR,SVM_RBF,4,0.74,0.7325849462365592,0.5920597495409383
30,fst_stat,LR,SVM_Lin,4,0.73,0.732078728782954,0.5809371854886327
30,fst_stat,LR,GBM,4,0.72,0.7272207649845359,0.5677782801487952
30,fst_stat,EN,RF,0,0.8415841584158416,0.8385615937159326,0.7537338077670722
30,fst_stat,EN,XGB,0,0.8316831683168316,0.8280168787669843,0.7378841248660905
30,fst_stat,EN,LR,0,0.7722772277227723,0.7722678377490138,0.6428574484368702
30,fst_stat,EN,SVM_RBF,0,0.7920792079207921,0.791507304375134,0.6735368071794702
30,fst_stat,EN,SVM_Lin,0,0.7722772277227723,0.7739910340867066,0.6422991617988567
30,fst_stat,EN,GBM,0,0.8316831683168316,0.8296086242278158,0.7383104199575898
30,fst_stat,EN,RF,1,0.8316831683168316,0.8291962819749422,0.7364467840637129
30,fst_stat,EN,XGB,1,0.7722772277227723,0.7702505413920844,0.6485118283088965
30,fst_stat,EN,LR,1,0.7920792079207921,0.7887099980123237,0.681500334163693
30,fst_stat,EN,SVM_RBF,1,0.7623762376237624,0.7568449868242638,0.6319065996661071
30,fst_stat,EN,SVM_Lin,1,0.7722772277227723,0.7708707579618722,0.6469871005577311
30,fst_stat,EN,GBM,1,0.801980198019802,0.7996435822444032,0.6928400945647651
30,fst_stat,EN,RF,2,0.7920792079207921,0.7893863639564526,0.6747132061118218
30,fst_stat,EN,XGB,2,0.8415841584158416,0.8388221868783265,0.7521911544856715
30,fst_stat,EN,LR,2,0.8415841584158416,0.8412074655741436,0.7524484712219375
30,fst_stat,EN,SVM_RBF,2,0.8217821782178217,0.8216148856264938,0.7213657327379229
30,fst_stat,EN,SVM_Lin,2,0.8217821782178217,0.8212509213732931,0.7216732163558222
30,fst_stat,EN,GBM,2,0.8118811881188119,0.8073633618188074,0.7049480515284686
30,fst_stat,EN,RF,3,0.8910891089108911,0.8901681160172533,0.8330986739071541
30,fst_stat,EN,XGB,3,0.9108910891089109,0.9080631592571021,0.8627608935971811
30,fst_stat,EN,LR,3,0.8712871287128713,0.8707213578500707,0.799066433071959
30,fst_stat,EN,SVM_RBF,3,0.8712871287128713,0.8712164073550211,0.799066433071959
30,fst_stat,EN,SVM_Lin,3,0.9108910891089109,0.9108910891089109,0.8613906678865508
30,fst_stat,EN,GBM,3,0.8811881188118812,0.8809990020453705,0.8147510299058215
30,fst_stat,EN,RF,4,0.79,0.7895522774327123,0.6824273577746316
30,fst_stat,EN,XGB,4,0.82,0.8184825396825397,0.7195377831152691
30,fst_stat,EN,LR,4,0.81,0.8096409488139825,0.7030623872241136
30,fst_stat,EN,SVM_RBF,4,0.79,0.7893879940455283,0.6736018443364137
30,fst_stat,EN,SVM_Lin,4,0.78,0.7795495495495496,0.6562844146818944
30,fst_stat,EN,GBM,4,0.8,0.8000729255523775,0.6896247236022656
35,stat,RF,RF,0,0.8415841584158416,0.8321967490866735,0.7535222196764079
35,stat,RF,XGB,0,0.801980198019802,0.7977489020910377,0.6894203262279993
35,stat,RF,LR,0,0.8415841584158416,0.8360294257273828,0.7545063148829554
35,stat,RF,SVM_RBF,0,0.8316831683168316,0.8179869114731022,0.7447362847625852
35,stat,RF,SVM_Lin,0,0.8217821782178217,0.8150348733029985,0.7247182940843658
35,stat,RF,GBM,0,0.8118811881188119,0.8050557519018973,0.7053268540882155
35,stat,RF,RF,1,0.8514851485148515,0.850954326201851,0.7680733765479648
35,stat,RF,XGB,1,0.801980198019802,0.8007197919688261,0.6893422449060744
35,stat,RF,LR,1,0.8514851485148515,0.850277070147333,0.7676399792390922
35,stat,RF,SVM_RBF,1,0.8712871287128713,0.8711990567779878,0.7990856989249262
35,stat,RF,SVM_Lin,1,0.801980198019802,0.8018339131210419,0.6899648560745602
35,stat,RF,GBM,1,0.8415841584158416,0.8419410545705733,0.752247514810692
35,stat,RF,RF,2,0.8415841584158416,0.8379857587241579,0.7531128798203524
35,stat,RF,XGB,2,0.8415841584158416,0.8382543132362017,0.754670754649626
35,stat,RF,LR,2,0.8415841584158416,0.8367290945962067,0.7531128798203524
35,stat,RF,SVM_RBF,2,0.8217821782178217,0.8139012635440759,0.7211084938157996
35,stat,RF,SVM_Lin,2,0.8415841584158416,0.8408881060272455,0.7526842104668479
35,stat,RF,GBM,2,0.8217821782178217,0.8193069306930693,0.724969474969475
35,stat,RF,RF,3,0.8910891089108911,0.8843235971948843,0.8371494507601357
35,stat,RF,XGB,3,0.8910891089108911,0.8836544934390014,0.8364152905847416
35,stat,RF,LR,3,0.8811881188118812,0.8779572694111517,0.8185501184723525
35,stat,RF,SVM_RBF,3,0.8910891089108911,0.8843235971948843,0.8371494507601357
35,stat,RF,SVM_Lin,3,0.8613861386138614,0.8574343521308652,0.7896979878484964
35,stat,RF,GBM,3,0.8910891089108911,0.886963356969181,0.8364152905847416
35,stat,RF,RF,4,0.89,0.8904556563823351,0.8292993233085574
35,stat,RF,XGB,4,0.85,0.8516507936507937,0.7727748366491978
35,stat,RF,LR,4,0.89,0.8897967659129183,0.8288158427396843
35,stat,RF,SVM_RBF,4,0.89,0.8899925093632959,0.8306599166658766
35,stat,RF,SVM_Lin,4,0.9,0.8999712530712531,0.8457026992519318
35,stat,RF,GBM,4,0.85,0.8512464112464113,0.7706345597588171
35,stat,LR,RF,0,0.8316831683168316,0.815348455577265,0.7397517138198373
35,stat,LR,XGB,0,0.8415841584158416,0.8367290945962067,0.7531128798203524
35,stat,LR,LR,0,0.7920792079207921,0.7888918287046708,0.679853566217378
35,stat,LR,SVM_RBF,0,0.8514851485148515,0.8473514237780995,0.7675525669697273
35,stat,LR,SVM_Lin,0,0.8514851485148515,0.8495411736295582,0.7692792855776215
35,stat,LR,GBM,0,0.8316831683168316,0.8203823830658927,0.737097377089719
35,stat,LR,RF,1,0.7920792079207921,0.7880590395943196,0.674705341299477
35,stat,LR,XGB,1,0.8217821782178217,0.8191138787509985,0.7220377377859761
35,stat,LR,LR,1,0.8217821782178217,0.820947091727658,0.7245248967227034
35,stat,LR,SVM_RBF,1,0.801980198019802,0.7985254637075574,0.6897147510292136
35,stat,LR,SVM_Lin,1,0.7821782178217822,0.7828752076967597,0.6608573815749591
35,stat,LR,GBM,1,0.7821782178217822,0.7806465809960448,0.6638801283227864
35,stat,LR,RF,2,0.8712871287128713,0.8679889738338301,0.7988054632664184
35,stat,LR,XGB,2,0.8514851485148515,0.8493257726856697,0.7712141778048923
35,stat,LR,LR,2,0.8613861386138614,0.8580552499694413,0.7857627759975573
35,stat,LR,SVM_RBF,2,0.8712871287128713,0.8690748974572184,0.799048457078015
35,stat,LR,SVM_Lin,2,0.7821782178217822,0.778422448361611,0.6597632367090548
35,stat,LR,GBM,2,0.8613861386138614,0.8601664735785094,0.7847330734566386
35,stat,LR,RF,3,0.8415841584158416,0.8346469941111758,0.7554457121002094
35,stat,LR,XGB,3,0.8415841584158416,0.8382027676451855,0.7552229932592482
35,stat,LR,LR,3,0.8514851485148515,0.8501983855426176,0.7683685562435992
35,stat,LR,SVM_RBF,3,0.8217821782178217,0.8161663992486206,0.7259038983535159
35,stat,LR,SVM_Lin,3,0.8514851485148515,0.8486090766193548,0.768649371059155
35,stat,LR,GBM,3,0.8415841584158416,0.8395923802906606,0.7552229932592482
35,stat,LR,RF,4,0.83,0.8240422153902629,0.7428593998354976
35,stat,LR,XGB,4,0.79,0.7889367389367389,0.6726600839109637
35,stat,LR,LR,4,0.8,0.8003097479501975,0.6880187549105913
35,stat,LR,SVM_RBF,4,0.83,0.8235649122807017,0.7429677118749158
35,stat,LR,SVM_Lin,4,0.76,0.7607865497076024,0.6269166880164412
35,stat,LR,GBM,4,0.78,0.7753149770546517,0.6604762331335721
35,stat,EN,RF,0,0.8811881188118812,0.8764661081492765,0.8174120245868687
35,stat,EN,XGB,0,0.8712871287128713,0.8664013436973492,0.7990732434559981
35,stat,EN,LR,0,0.8415841584158416,0.8404325726690315,0.7522803121258865
35,stat,EN,SVM_RBF,0,0.8712871287128713,0.8645941517228646,0.8029693114844046
35,stat,EN,SVM_Lin,0,0.8712871287128713,0.8688817864477004,0.7996032727146776
35,stat,EN,GBM,0,0.8811881188118812,0.8779682141568892,0.8156731008471262
35,stat,EN,RF,1,0.8613861386138614,0.8587024491922876,0.78392511031943
35,stat,EN,XGB,1,0.8415841584158416,0.8406182827645544,0.7532152311614411
35,stat,EN,LR,1,0.8811881188118812,0.8813667249077849,0.8150300223176655
35,stat,EN,SVM_RBF,1,0.8415841584158416,0.8399808785988917,0.7521911544856715
35,stat,EN,SVM_Lin,1,0.8316831683168316,0.8323658292992681,0.738106368230679
35,stat,EN,GBM,1,0.8712871287128713,0.8704530560390564,0.7986845830055241
35,stat,EN,RF,2,0.8415841584158416,0.8322343390525666,0.7537847642114021
35,stat,EN,XGB,2,0.8811881188118812,0.8779852311290179,0.8169073883491554
35,stat,EN,LR,2,0.8910891089108911,0.8890168016344108,0.8305582906377375
35,stat,EN,SVM_RBF,2,0.8811881188118812,0.8780331486602113,0.8158594023086962
35,stat,EN,SVM_Lin,2,0.900990099009901,0.8995014351697597,0.8465447641714917
35,stat,EN,GBM,2,0.8712871287128713,0.8696914767117342,0.8001859961353518
35,stat,EN,RF,3,0.8613861386138614,0.8548587770169422,0.7853250209379778
35,stat,EN,XGB,3,0.8910891089108911,0.8883738299849854,0.8303949420757554
35,stat,EN,LR,3,0.9108910891089109,0.910018902724378,0.8611644539989828
35,stat,EN,SVM_RBF,3,0.8712871287128713,0.8690578421613036,0.7991759250835159
35,stat,EN,SVM_Lin,3,0.9108910891089109,0.910018902724378,0.8611644539989828
35,stat,EN,GBM,3,0.8811881188118812,0.8792079207920792,0.8146824167914238
35,stat,EN,RF,4,0.8,0.7994806376158712,0.7015710656112278
35,stat,EN,XGB,4,0.79,0.7880110554860243,0.6767441206491772
35,stat,EN,LR,4,0.78,0.7783562786816854,0.6604762331335721
35,stat,EN,SVM_RBF,4,0.78,0.7757565939215424,0.6661815135064322
35,stat,EN,SVM_Lin,4,0.78,0.7783717357910905,0.6596617044113097
35,stat,EN,GBM,4,0.78,0.7803518644180003,0.6604113410090773
35,FST,RF,RF,0,0.8316831683168316,0.8183619917291269,0.7408836093896929
35,FST,RF,XGB,0,0.7920792079207921,0.7841835234574508,0.6747335799112453
35,FST,RF,LR,0,0.8316831683168316,0.8282305153592282,0.7365513302189989
35,FST,RF,SVM_RBF,0,0.8118811881188119,0.803221304042549,0.705844525456432
35,FST,RF,SVM_Lin,0,0.8118811881188119,0.808150610238623,0.7049809616031799
35,FST,RF,GBM,0,0.8118811881188119,0.803221304042549,0.705844525456432
35,FST,RF,RF,1,0.8118811881188119,0.8048267326732673,0.7072756633371063
35,FST,RF,XGB,1,0.7821782178217822,0.7799274443180212,0.6578135043853053
35,FST,RF,LR,1,0.8118811881188119,0.8106752982990608,0.7060298212675077
35,FST,RF,SVM_RBF,1,0.8415841584158416,0.8397338931324914,0.7525201815787783
35,FST,RF,SVM_Lin,1,0.8118811881188119,0.8118909188216119,0.7061955536388435
35,FST,RF,GBM,1,0.801980198019802,0.8016466475192467,0.6908797844128206
35,FST,RF,RF,2,0.8118811881188119,0.8018696892313666,0.7059152684552166
35,FST,RF,XGB,2,0.8118811881188119,0.8086226344153403,0.7058218890032428
35,FST,RF,LR,2,0.7821782178217822,0.7739122668268574,0.6577788230411504
35,FST,RF,SVM_RBF,2,0.8316831683168316,0.8264039887134782,0.7367319517616914
35,FST,RF,SVM_Lin,2,0.7623762376237624,0.7565326030672566,0.6263958083638886
35,FST,RF,GBM,2,0.801980198019802,0.7988286892349712,0.6897030694048056
35,FST,RF,RF,3,0.8712871287128713,0.8672490778489614,0.8033127239710507
35,FST,RF,XGB,3,0.900990099009901,0.8987398739873989,0.848111872588724
35,FST,RF,LR,3,0.8910891089108911,0.8894600850046395,0.8320849106219985
35,FST,RF,SVM_RBF,3,0.8811881188118812,0.8810449081888354,0.8151726141623061
35,FST,RF,SVM_Lin,3,0.8811881188118812,0.8800065735472169,0.8173504114956582
35,FST,RF,GBM,3,0.900990099009901,0.9003677958218888,0.84884693631865
35,FST,RF,RF,4,0.85,0.8484757555990433,0.769739119931525
35,FST,RF,XGB,4,0.87,0.8717149236531259,0.8012284132166494
35,FST,RF,LR,4,0.87,0.867904761904762,0.7997180575876636
35,FST,RF,SVM_RBF,4,0.86,0.8616169590643276,0.7858712235175672
35,FST,RF,SVM_Lin,4,0.82,0.8201950256744778,0.7216704821339693
35,FST,RF,GBM,4,0.84,0.8394913817927516,0.7530103560157266
35,FST,LR,RF,0,0.693069306930693,0.6915250298309806,0.5197119523424194
35,FST,LR,XGB,0,0.6534653465346535,0.65347977394148,0.46409222814221834
35,FST,LR,LR,0,0.693069306930693,0.695525865839596,0.52513265984929
35,FST,LR,SVM_RBF,0,0.6831683168316832,0.6883674668836746,0.5112326936816303
35,FST,LR,SVM_Lin,0,0.6831683168316832,0.6876891510989973,0.5131046875617681
35,FST,LR,GBM,0,0.693069306930693,0.6876237623762375,0.5220499756871965
35,FST,LR,RF,1,0.7524752475247525,0.7431614091641722,0.6108367527038271
35,FST,LR,XGB,1,0.7227722772277227,0.7228771917750801,0.5800938081656187
35,FST,LR,LR,1,0.7524752475247525,0.7488214254726349,0.6124722458919454
35,FST,LR,SVM_RBF,1,0.7326732673267327,0.7307841620840071,0.5838450786333657
35,FST,LR,SVM_Lin,1,0.7326732673267327,0.7338705963619617,0.5849591047428052
35,FST,LR,GBM,1,0.7029702970297029,0.6951925737808448,0.5392739107957845
35,FST,LR,RF,2,0.7524752475247525,0.7350638289635415,0.6187566295708326
35,FST,LR,XGB,2,0.7029702970297029,0.6922347073526147,0.5322409992735149
35,FST,LR,LR,2,0.7128712871287128,0.7163986668937166,0.5556119699833517
35,FST,LR,SVM_RBF,2,0.7623762376237624,0.7506044316165881,0.6286361115149225
35,FST,LR,SVM_Lin,2,0.7029702970297029,0.7022462844561455,0.5360732522343433
35,FST,LR,GBM,2,0.6534653465346535,0.6537827258527236,0.4600925176212522
35,FST,LR,RF,3,0.7425742574257426,0.7350636347743924,0.5961629298417306
35,FST,LR,XGB,3,0.7326732673267327,0.7209114024745372,0.5791664989833715
35,FST,LR,LR,3,0.7623762376237624,0.7515283644659259,0.6265982859051432
35,FST,LR,SVM_RBF,3,0.7623762376237624,0.7524354159553885,0.6265867825704348
35,FST,LR,SVM_Lin,3,0.7524752475247525,0.7460246024602459,0.6113967865585256
35,FST,LR,GBM,3,0.7227722772277227,0.714689704264544,0.563639275744789
35,FST,LR,RF,4,0.71,0.7058735373462869,0.5482327584547569
35,FST,LR,XGB,4,0.75,0.7512102206736353,0.610834069826871
35,FST,LR,LR,4,0.75,0.7532910270876089,0.6138329300181623
35,FST,LR,SVM_RBF,4,0.73,0.7328546103372855,0.5818137059096239
35,FST,LR,SVM_Lin,4,0.75,0.7486213786213787,0.608134378273833
35,FST,LR,GBM,4,0.75,0.7520304177179703,0.6127702725315439
35,FST,EN,RF,0,0.7623762376237624,0.737956928458447,0.6305742893545999
35,FST,EN,XGB,0,0.7524752475247525,0.7421987026288835,0.6104871133379135
35,FST,EN,LR,0,0.7425742574257426,0.7390486880666386,0.6010753867919385
35,FST,EN,SVM_RBF,0,0.801980198019802,0.7946956857847947,0.6904142268442954
35,FST,EN,SVM_Lin,0,0.7722772277227723,0.7683229434054516,0.6461501170097192
35,FST,EN,GBM,0,0.7326732673267327,0.7173024994807173,0.5784935094996383
35,FST,EN,RF,1,0.8415841584158416,0.8378408445156692,0.7524120394399313
35,FST,EN,XGB,1,0.8118811881188119,0.8126024706701547,0.7081590917291423
35,FST,EN,LR,1,0.7821782178217822,0.7836450311697837,0.6650237327894635
35,FST,EN,SVM_RBF,1,0.8514851485148515,0.8525352535253524,0.7701012997816997
35,FST,EN,SVM_Lin,1,0.7623762376237624,0.7626257480297903,0.6317345992209504
35,FST,EN,GBM,1,0.801980198019802,0.8024554280567887,0.6946167283505661
35,FST,EN,RF,2,0.8217821782178217,0.8141421518843286,0.7208107595944295
35,FST,EN,XGB,2,0.8316831683168316,0.8292333079461791,0.7370404809535344
35,FST,EN,LR,2,0.801980198019802,0.7990976312821156,0.6902636151513599
35,FST,EN,SVM_RBF,2,0.8316831683168316,0.8246800289785077,0.7380879118067944
35,FST,EN,SVM_Lin,2,0.801980198019802,0.7956251281549959,0.6893899777433196
35,FST,EN,GBM,2,0.8118811881188119,0.8074432525636521,0.7050467743763449
35,FST,EN,RF,3,0.8415841584158416,0.8324490834176587,0.758074277350315
35,FST,EN,XGB,3,0.8415841584158416,0.8343014048240267,0.753635917016789
35,FST,EN,LR,3,0.8217821782178217,0.8167982338774419,0.720897085380767
35,FST,EN,SVM_RBF,3,0.8415841584158416,0.835068949489457,0.7537545816088163
35,FST,EN,SVM_Lin,3,0.801980198019802,0.7944735650035593,0.6916230296057542
35,FST,EN,GBM,3,0.8712871287128713,0.8676269304470056,0.7999334002432373
35,FST,EN,RF,4,0.82,0.8228931875525651,0.7225576261972927
35,FST,EN,XGB,4,0.83,0.8327518427518428,0.7392700614434905
35,FST,EN,LR,4,0.79,0.7920462547410733,0.6755258295958778
35,FST,EN,SVM_RBF,4,0.81,0.8115529411764706,0.7037462640613635
35,FST,EN,SVM_Lin,4,0.77,0.7734833333333333,0.6479345598447175
35,FST,EN,GBM,4,0.77,0.7746376489747575,0.6480457156141375
35,fst_stat,RF,RF,0,0.8217821782178217,0.8111426334180097,0.7216621666988478
35,fst_stat,RF,XGB,0,0.8415841584158416,0.8322635711847048,0.7529236600586947
35,fst_stat,RF,LR,0,0.8118811881188119,0.8013019023421328,0.7064677745573543
35,fst_stat,RF,SVM_RBF,0,0.801980198019802,0.7752602183295252,0.6987270446929004
35,fst_stat,RF,SVM_Lin,0,0.8118811881188119,0.8018186434028018,0.7067653963480762
35,fst_stat,RF,GBM,0,0.7821782178217822,0.7688067540931309,0.6577625856832526
35,fst_stat,RF,RF,1,0.8613861386138614,0.8568856885688569,0.7849722619577729
35,fst_stat,RF,XGB,1,0.8415841584158416,0.8398905680041688,0.7526918021765256
35,fst_stat,RF,LR,1,0.8613861386138614,0.8599175707044389,0.7834171029591975
35,fst_stat,RF,SVM_RBF,1,0.8613861386138614,0.8603187679836918,0.7838728616230956
35,fst_stat,RF,SVM_Lin,1,0.8316831683168316,0.8309102405757288,0.7364467840637129
35,fst_stat,RF,GBM,1,0.8415841584158416,0.8405656355109195,0.7521052203320194
35,fst_stat,RF,RF,2,0.8118811881188119,0.8114365653432813,0.7073990061981135
35,fst_stat,RF,XGB,2,0.801980198019802,0.8002561794641002,0.6973636702826318
35,fst_stat,RF,LR,2,0.8415841584158416,0.8415841584158416,0.7533577533577533
35,fst_stat,RF,SVM_RBF,2,0.8415841584158416,0.8435330211765584,0.7541916712379511
35,fst_stat,RF,SVM_Lin,2,0.7821782178217822,0.7830021444285085,0.6620541916874727
35,fst_stat,RF,GBM,2,0.7920792079207921,0.7889157208403768,0.6762473065195416
35,fst_stat,RF,RF,3,0.8910891089108911,0.8872860541868139,0.831360154838269
35,fst_stat,RF,XGB,3,0.9108910891089109,0.9081997668545979,0.8627464408065547
35,fst_stat,RF,LR,3,0.9108910891089109,0.9092024615995433,0.8614398077731559
35,fst_stat,RF,SVM_RBF,3,0.8613861386138614,0.8564627891360564,0.7869871208788876
35,fst_stat,RF,SVM_Lin,3,0.9108910891089109,0.906990699069907,0.8638928783240706
35,fst_stat,RF,GBM,3,0.9108910891089109,0.906823106066626,0.8648274312953399
35,fst_stat,RF,RF,4,0.83,0.8293475748105655,0.7426466082492093
35,fst_stat,RF,XGB,4,0.8,0.8001391941391941,0.693649402978597
35,fst_stat,RF,LR,4,0.82,0.8208470588235295,0.719412921765312
35,fst_stat,RF,SVM_RBF,4,0.85,0.8498347613219095,0.7653317108059645
35,fst_stat,RF,SVM_Lin,4,0.83,0.8309106738223017,0.7346795285472996
35,fst_stat,RF,GBM,4,0.79,0.7911428571428573,0.6778004609856338
35,fst_stat,LR,RF,0,0.7722772277227723,0.7694866453199637,0.642426094814758
35,fst_stat,LR,XGB,0,0.7821782178217822,0.7803391634844548,0.6585293154472188
35,fst_stat,LR,LR,0,0.7722772277227723,0.7713446926087958,0.6435758775055921
35,fst_stat,LR,SVM_RBF,0,0.8118811881188119,0.8094932286166016,0.7051554921275175
35,fst_stat,LR,SVM_Lin,0,0.7722772277227723,0.7687440554102616,0.6440946049409585
35,fst_stat,LR,GBM,0,0.7722772277227723,0.7699356360975464,0.6431726469318203
35,fst_stat,LR,RF,1,0.8217821782178217,0.8222595268869283,0.722079774337986
35,fst_stat,LR,XGB,1,0.7821782178217822,0.7810923949537811,0.6639472932747167
35,fst_stat,LR,LR,1,0.801980198019802,0.8008110334843008,0.694595682955131
35,fst_stat,LR,SVM_RBF,1,0.801980198019802,0.8023118101283813,0.6894814550776633
35,fst_stat,LR,SVM_Lin,1,0.7920792079207921,0.7926985524951348,0.6753483963700506
35,fst_stat,LR,GBM,1,0.7821782178217822,0.7814138556712813,0.6639472932747167
35,fst_stat,LR,RF,2,0.8712871287128713,0.8717102479478718,0.8018704660118534
35,fst_stat,LR,XGB,2,0.8217821782178217,0.821064482160083,0.722379547657417
35,fst_stat,LR,LR,2,0.8514851485148515,0.8514387229987889,0.7682474189150355
35,fst_stat,LR,SVM_RBF,2,0.8811881188118812,0.8804002416156734,0.8144021251396641
35,fst_stat,LR,SVM_Lin,2,0.8316831683168316,0.8317823927571523,0.7399759881887784
35,fst_stat,LR,GBM,2,0.8217821782178217,0.8211526416609647,0.722379547657417
35,fst_stat,LR,RF,3,0.8316831683168316,0.8232529635942317,0.7450793343232808
35,fst_stat,LR,XGB,3,0.801980198019802,0.7959058067968959,0.6895402354137311
35,fst_stat,LR,LR,3,0.801980198019802,0.7947298214141971,0.6897870675350242
35,fst_stat,LR,SVM_RBF,3,0.8415841584158416,0.8363128725767399,0.7531853269309823
35,fst_stat,LR,SVM_Lin,3,0.8217821782178217,0.8214081538254357,0.7233644771297214
35,fst_stat,LR,GBM,3,0.7920792079207921,0.7911551952537448,0.67488705753177
35,fst_stat,LR,RF,4,0.72,0.7094857142857143,0.5706222244101592
35,fst_stat,LR,XGB,4,0.77,0.7763027835414792,0.6465707142521528
35,fst_stat,LR,LR,4,0.77,0.7719366894366894,0.6428079688803071
35,fst_stat,LR,SVM_RBF,4,0.73,0.7185867895545315,0.5746399639932795
35,fst_stat,LR,SVM_Lin,4,0.75,0.753321054532322,0.6126563875355141
35,fst_stat,LR,GBM,4,0.77,0.7757374808530693,0.6481117155317998
35,fst_stat,EN,RF,0,0.8316831683168316,0.8294169429871235,0.7382480657956101
35,fst_stat,EN,XGB,0,0.8712871287128713,0.8705879114324777,0.7997877013760011
35,fst_stat,EN,LR,0,0.8118811881188119,0.8128337853230488,0.7049809616031799
35,fst_stat,EN,SVM_RBF,0,0.8415841584158416,0.8425468029428425,0.7520793974272166
35,fst_stat,EN,SVM_Lin,0,0.8415841584158416,0.8427936847738828,0.7529867420917707
35,fst_stat,EN,GBM,0,0.8415841584158416,0.8407312162860133,0.7519866637657672
35,fst_stat,EN,RF,1,0.8811881188118812,0.8789085574596439,0.814431911414764
35,fst_stat,EN,XGB,1,0.7821782178217822,0.7800197741293117,0.6623951876023741
35,fst_stat,EN,LR,1,0.7920792079207921,0.7901715841292696,0.6792484283366762
35,fst_stat,EN,SVM_RBF,1,0.7821782178217822,0.7771306542418949,0.6605920128183225
35,fst_stat,EN,SVM_Lin,1,0.7722772277227723,0.7701097332319637,0.645044772410448
35,fst_stat,EN,GBM,1,0.7920792079207921,0.7941527811317718,0.6799120528090666
35,fst_stat,EN,RF,2,0.8316831683168316,0.8289660566888291,0.7380206742532487
35,fst_stat,EN,XGB,2,0.8415841584158416,0.8391678986903216,0.7521144441001952
35,fst_stat,EN,LR,2,0.8514851485148515,0.8502170805315826,0.7677928297912019
35,fst_stat,EN,SVM_RBF,2,0.8316831683168316,0.8310499654616624,0.7367229951956777
35,fst_stat,EN,SVM_Lin,2,0.8613861386138614,0.8598865331179215,0.7831745450887072
35,fst_stat,EN,GBM,2,0.8316831683168316,0.8267611056369737,0.736299670673036
35,fst_stat,EN,RF,3,0.900990099009901,0.8977647764776477,0.848111872588724
35,fst_stat,EN,XGB,3,0.8910891089108911,0.8890302213589311,0.8302971431081763
35,fst_stat,EN,LR,3,0.900990099009901,0.9012054389604192,0.8460717895999003
35,fst_stat,EN,SVM_RBF,3,0.8910891089108911,0.8915735427363334,0.8311814854845467
35,fst_stat,EN,SVM_Lin,3,0.8811881188118812,0.8815439683503233,0.8158202174088031
35,fst_stat,EN,GBM,3,0.8910891089108911,0.8917860987858686,0.8324206750600268
35,fst_stat,EN,RF,4,0.81,0.8100603864734299,0.7073049737376745
35,fst_stat,EN,XGB,4,0.79,0.7874734110439888,0.6741237919132766
35,fst_stat,EN,LR,4,0.84,0.839950536661063,0.7513230454790744
35,fst_stat,EN,SVM_RBF,4,0.84,0.840358335863954,0.7516211357666662
35,fst_stat,EN,SVM_Lin,4,0.82,0.8192512077294686,0.7233727832273991
35,fst_stat,EN,GBM,4,0.78,0.7762463496036713,0.6604762331335721
40,stat,RF,RF,0,0.8613861386138614,0.8557372016271395,0.7840917009432838
40,stat,RF,XGB,0,0.8415841584158416,0.8383352454038003,0.7524967105588917
40,stat,RF,LR,0,0.8811881188118812,0.8785478547854786,0.8162247893992458
40,stat,RF,SVM_RBF,0,0.8712871287128713,0.8669715337546826,0.800338417484505
40,stat,RF,SVM_Lin,0,0.8514851485148515,0.8497417071007014,0.7687340746159501
40,stat,RF,GBM,0,0.8415841584158416,0.8404138725317184,0.754118505219327
40,stat,RF,RF,1,0.8712871287128713,0.8702970297029704,0.8004137606824595
40,stat,RF,XGB,1,0.8316831683168316,0.8313078412088313,0.7363689487943007
40,stat,RF,LR,1,0.8316831683168316,0.8310854454481476,0.7369384367070086
40,stat,RF,SVM_RBF,1,0.8514851485148515,0.8515135588164268,0.7681513732862073
40,stat,RF,SVM_Lin,1,0.8316831683168316,0.8319195314756941,0.7364652153053776
40,stat,RF,GBM,1,0.8316831683168316,0.8310933627325979,0.7377623084827278
40,stat,RF,RF,2,0.8613861386138614,0.8559958838261086,0.784950492024452
40,stat,RF,XGB,2,0.8811881188118812,0.8784955324800772,0.8157952751066614
40,stat,RF,LR,2,0.8217821782178217,0.8173028748657999,0.7219963321165865
40,stat,RF,SVM_RBF,2,0.8316831683168316,0.8292460015232292,0.7365513302189989
40,stat,RF,SVM_Lin,2,0.7920792079207921,0.7888186277792932,0.673703528208969
40,stat,RF,GBM,2,0.8811881188118812,0.8769671704012507,0.8151584184623343
40,stat,RF,RF,3,0.8613861386138614,0.849675290109656,0.7932159611623314
40,stat,RF,XGB,3,0.8910891089108911,0.8809997847610848,0.8394118745977092
40,stat,RF,LR,3,0.8910891089108911,0.8841259902387755,0.8385002248423127
40,stat,RF,SVM_RBF,3,0.8910891089108911,0.8831331617604605,0.8343119854126074
40,stat,RF,SVM_Lin,3,0.8811881188118812,0.8749567656256287,0.8240176262256586
40,stat,RF,GBM,3,0.8712871287128713,0.867086708670867,0.8007688553826843
40,stat,RF,RF,4,0.87,0.8700982352215229,0.8008205373500585
40,stat,RF,XGB,4,0.87,0.8701083206618597,0.7971272232504975
40,stat,RF,LR,4,0.91,0.9094920440636475,0.8599728951595462
40,stat,RF,SVM_RBF,4,0.9,0.9001712312455348,0.844025743499068
40,stat,RF,SVM_Lin,4,0.89,0.8902227466701151,0.830442995508463
40,stat,RF,GBM,4,0.85,0.8505195267037372,0.7671470354849521
40,stat,LR,RF,0,0.8514851485148515,0.8422540988276043,0.7686179249152096
40,stat,LR,XGB,0,0.8217821782178217,0.8189790883997322,0.7229213827417853
40,stat,LR,LR,0,0.8118811881188119,0.8120976654627488,0.7115631039935306
40,stat,LR,SVM_RBF,0,0.8712871287128713,0.8680382157008301,0.7991715321145404
40,stat,LR,SVM_Lin,0,0.8118811881188119,0.8120976654627488,0.7115631039935306
40,stat,LR,GBM,0,0.8514851485148515,0.8477995310843303,0.7676775579813917
40,stat,LR,RF,1,0.7920792079207921,0.786303334613338,0.6735090309487156
40,stat,LR,XGB,1,0.7623762376237624,0.7631548869172632,0.6332989035943024
40,stat,LR,LR,1,0.7623762376237624,0.7623381385757623,0.6332989035943024
40,stat,LR,SVM_RBF,1,0.7722772277227723,0.7701185244574877,0.6436926884686792
40,stat,LR,SVM_Lin,1,0.7227722772277227,0.723349303268797,0.5698443916041337
40,stat,LR,GBM,1,0.7821782178217822,0.7824389602075028,0.6624618780657932
40,stat,LR,RF,2,0.8811881188118812,0.8794856314899782,0.8157952751066614
40,stat,LR,XGB,2,0.8415841584158416,0.84049277609539,0.7571581540567336
40,stat,LR,LR,2,0.8613861386138614,0.8609322205886681,0.7844394414213284
40,stat,LR,SVM_RBF,2,0.8811881188118812,0.8798384220116267,0.8147298059664233
40,stat,LR,SVM_Lin,2,0.801980198019802,0.7970864628676753,0.6917110714127794
40,stat,LR,GBM,2,0.8415841584158416,0.8398526031464936,0.754670754649626
40,stat,LR,RF,3,0.8217821782178217,0.8097565228873117,0.7275757475656957
40,stat,LR,XGB,3,0.8514851485148515,0.8478153140499559,0.7686583725506191
40,stat,LR,LR,3,0.8613861386138614,0.8602302764213072,0.7835240322340035
40,stat,LR,SVM_RBF,3,0.8613861386138614,0.8602302764213072,0.7835240322340035
40,stat,LR,SVM_Lin,3,0.8514851485148515,0.8497319443034703,0.7685268799615786
40,stat,LR,GBM,3,0.8514851485148515,0.8502179165284949,0.7694304556871622
40,stat,LR,RF,4,0.81,0.8000621381160852,0.7141914716831569
40,stat,LR,XGB,4,0.82,0.8175727517799128,0.7218120246803487
40,stat,LR,LR,4,0.83,0.8308534785238959,0.7345222577875794
40,stat,LR,SVM_RBF,4,0.84,0.8327566256065695,0.7576149994504785
40,stat,LR,SVM_Lin,4,0.8,0.80107320787732,0.6891473670244749
40,stat,LR,GBM,4,0.79,0.7815846344878602,0.6742069309824713
40,stat,EN,RF,0,0.8811881188118812,0.8751586648026505,0.821999269230079
40,stat,EN,XGB,0,0.8910891089108911,0.8869302032778573,0.831116648562668
40,stat,EN,LR,0,0.8613861386138614,0.8589217149563059,0.7844544019483464
40,stat,EN,SVM_RBF,0,0.8811881188118812,0.8735612801786508,0.8185577019837568
40,stat,EN,SVM_Lin,0,0.8910891089108911,0.888956355260144,0.831116648562668
40,stat,EN,GBM,0,0.8811881188118812,0.8779682141568892,0.8156731008471262
40,stat,EN,RF,1,0.8712871287128713,0.8693312473045265,0.7997877013760011
40,stat,EN,XGB,1,0.8712871287128713,0.870833210687678,0.7998475284659713
40,stat,EN,LR,1,0.8712871287128713,0.8711835137002072,0.7988210736557348
40,stat,EN,SVM_RBF,1,0.8811881188118812,0.8812135059659812,0.8145671301686009
40,stat,EN,SVM_Lin,1,0.900990099009901,0.9014474420415014,0.8462635785696112
40,stat,EN,GBM,1,0.8613861386138614,0.8601907751750785,0.7847846154206348
40,stat,EN,RF,2,0.8910891089108911,0.8868946196945275,0.8313430504631357
40,stat,EN,XGB,2,0.8613861386138614,0.8553087016018674,0.7853392613266463
40,stat,EN,LR,2,0.9108910891089109,0.9090034795334737,0.8610562412685702
40,stat,EN,SVM_RBF,2,0.9108910891089109,0.909493697619697,0.8613681285742345
40,stat,EN,SVM_Lin,2,0.900990099009901,0.9001611789085885,0.8453946325007777
40,stat,EN,GBM,2,0.8514851485148515,0.8473750397354018,0.7675525669697273
40,stat,EN,RF,3,0.8712871287128713,0.8662944201396884,0.7998586070466106
40,stat,EN,XGB,3,0.8514851485148515,0.8494976792660905,0.7681132413451958
40,stat,EN,LR,3,0.8811881188118812,0.8808245573639372,0.815007924425509
40,stat,EN,SVM_RBF,3,0.8811881188118812,0.8807977114624685,0.8145013115831372
40,stat,EN,SVM_Lin,3,0.8613861386138614,0.8606199707968356,0.7835048411724752
40,stat,EN,GBM,3,0.900990099009901,0.8993562980023673,0.8456132990099077
40,stat,EN,RF,4,0.83,0.8298692810457517,0.7491246402018426
40,stat,EN,XGB,4,0.81,0.8062866589994249,0.7081520946973764
40,stat,EN,LR,4,0.81,0.8097826086956522,0.7073049737376745
40,stat,EN,SVM_RBF,4,0.85,0.84878286394963,0.770818574401435
40,stat,EN,SVM_Lin,4,0.81,0.8087529431910613,0.7102095430275797
40,stat,EN,GBM,4,0.76,0.757961365717525,0.6298586885959961
40,FST,RF,RF,0,0.8415841584158416,0.8300888710846336,0.7573874046133396
40,FST,RF,XGB,0,0.801980198019802,0.795187934008734,0.6893899777433196
40,FST,RF,LR,0,0.8712871287128713,0.8678456234973126,0.7996006802860284
40,FST,RF,SVM_RBF,0,0.8415841584158416,0.8359780774457537,0.7537338077670722
40,FST,RF,SVM_Lin,0,0.8316831683168316,0.8268316398252988,0.7367319517616914
40,FST,RF,GBM,0,0.8217821782178217,0.8159906724263158,0.7206585001613847
40,FST,RF,RF,1,0.8613861386138614,0.8603467723463747,0.7838426961477086
40,FST,RF,XGB,1,0.8514851485148515,0.8516117890858853,0.7677720344257063
40,FST,RF,LR,1,0.8910891089108911,0.8907817611029396,0.8320320422060407
40,FST,RF,SVM_RBF,1,0.8118811881188119,0.8075093223608075,0.7056107019400201
40,FST,RF,SVM_Lin,1,0.8316831683168316,0.8318444595452171,0.7372845341143895
40,FST,RF,GBM,1,0.8316831683168316,0.8313078412088313,0.7363689487943007
40,FST,RF,RF,2,0.8118811881188119,0.8040457494025265,0.7054448111517676
40,FST,RF,XGB,2,0.8217821782178217,0.8157311468482153,0.7221901092615309
40,FST,RF,LR,2,0.801980198019802,0.7930826866470431,0.6897932111241746
40,FST,RF,SVM_RBF,2,0.8316831683168316,0.8253328781153977,0.737097377089719
40,FST,RF,SVM_Lin,2,0.7722772277227723,0.7753967056689631,0.6470053734476833
40,FST,RF,GBM,2,0.801980198019802,0.7931726907630523,0.6917911056367317
40,FST,RF,RF,3,0.9108910891089109,0.9045203049716736,0.8655038155701915
40,FST,RF,XGB,3,0.9108910891089109,0.9063799984649628,0.8628617026299272
40,FST,RF,LR,3,0.9306930693069307,0.9289479743567991,0.8931657295593642
40,FST,RF,SVM_RBF,3,0.9504950495049505,0.9502262443438915,0.9236151701767078
40,FST,RF,SVM_Lin,3,0.9207920792079208,0.9179415045751679,0.8792545510183438
40,FST,RF,GBM,3,0.9306930693069307,0.9286054088034286,0.8933879083927436
40,FST,RF,RF,4,0.85,0.8505376344086022,0.772811224893524
40,FST,RF,XGB,4,0.87,0.8707962129195005,0.799754199496977
40,FST,RF,LR,4,0.88,0.8809489489489489,0.8161198785596085
40,FST,RF,SVM_RBF,4,0.88,0.8798663832371699,0.8152235166227412
40,FST,RF,SVM_Lin,4,0.85,0.8513963529726272,0.7684326140360344
40,FST,RF,GBM,4,0.83,0.8314979383197102,0.7367185152314105
40,FST,LR,RF,0,0.6831683168316832,0.6781061183041381,0.5026651029063699
40,FST,LR,XGB,0,0.6831683168316832,0.6797049572200197,0.5093547831314171
40,FST,LR,LR,0,0.7227722772277227,0.7221076668768427,0.5687262227963267
40,FST,LR,SVM_RBF,0,0.7227722772277227,0.7261172063152261,0.5709570093512266
40,FST,LR,SVM_Lin,0,0.6534653465346535,0.6507483306470182,0.45728164212542066
40,FST,LR,GBM,0,0.6435643564356436,0.6372762446507753,0.4462196156274937
40,FST,LR,RF,1,0.7227722772277227,0.7174643668244247,0.5672061603632081
40,FST,LR,XGB,1,0.7128712871287128,0.7134698065441973,0.5618349658248607
40,FST,LR,LR,1,0.7326732673267327,0.733093956020673,0.5904791242277898
40,FST,LR,SVM_RBF,1,0.7425742574257426,0.7412049221799817,0.6027189782731462
40,FST,LR,SVM_Lin,1,0.7524752475247525,0.7518577729955768,0.6177248799336778
40,FST,LR,GBM,1,0.6633663366336634,0.6614482075103366,0.4972452527170425
40,FST,LR,RF,2,0.7524752475247525,0.7449919343435364,0.6130425773904176
40,FST,LR,XGB,2,0.7524752475247525,0.7488310661640653,0.6124722458919454
40,FST,LR,LR,2,0.801980198019802,0.8033803380338034,0.6926463791703158
40,FST,LR,SVM_RBF,2,0.8217821782178217,0.8191066273983992,0.7211958709020818
40,FST,LR,SVM_Lin,2,0.7623762376237624,0.7629748803883695,0.6302283383648192
40,FST,LR,GBM,2,0.7326732673267327,0.7307438436151307,0.5819871825234011
40,FST,LR,RF,3,0.7722772277227723,0.7648236733785738,0.6432413613258352
40,FST,LR,XGB,3,0.7722772277227723,0.7691724728028358,0.6446345158177769
40,FST,LR,LR,3,0.801980198019802,0.7960573977808565,0.6903266071263079
40,FST,LR,SVM_RBF,3,0.7920792079207921,0.7842784278427843,0.6745208094999119
40,FST,LR,SVM_Lin,3,0.7623762376237624,0.7494325042260324,0.626608361430509
40,FST,LR,GBM,3,0.7227722772277227,0.7160125651119329,0.564262770518843
40,FST,LR,RF,4,0.73,0.7216666666666667,0.5804196716415656
40,FST,LR,XGB,4,0.77,0.77,0.6405126602063145
40,FST,LR,LR,4,0.76,0.7653246753246754,0.6318061066054943
40,FST,LR,SVM_RBF,4,0.79,0.7919307359307359,0.6785994972015623
40,FST,LR,SVM_Lin,4,0.79,0.7928377104377105,0.6771191906507471
40,FST,LR,GBM,4,0.75,0.7534498404012768,0.6149217653037795
40,FST,EN,RF,0,0.8316831683168316,0.8231440865605548,0.7384934681077551
40,FST,EN,XGB,0,0.8118811881188119,0.8048690583344049,0.7056107019400201
40,FST,EN,LR,0,0.801980198019802,0.7993117604443372,0.6917526363625548
40,FST,EN,SVM_RBF,0,0.8712871287128713,0.8678801970114077,0.7996006802860284
40,FST,EN,SVM_Lin,0,0.7326732673267327,0.7299354079127729,0.5795907629957352
40,FST,EN,GBM,0,0.8316831683168316,0.8281827380169798,0.7367319517616914
40,FST,EN,RF,1,0.8217821782178217,0.8186792363446872,0.7207933377048414
40,FST,EN,XGB,1,0.8316831683168316,0.832484467958991,0.740073001976812
40,FST,EN,LR,1,0.7821782178217822,0.7825520647302825,0.6639472932747167
40,FST,EN,SVM_RBF,1,0.8514851485148515,0.8515472646075782,0.7685814048638967
40,FST,EN,SVM_Lin,1,0.7722772277227723,0.7747462739827568,0.6477606172292767
40,FST,EN,GBM,1,0.8217821782178217,0.8221882414836594,0.7245248967227034
40,FST,EN,RF,2,0.8613861386138614,0.8566666832286498,0.7833777168925878
40,FST,EN,XGB,2,0.8811881188118812,0.8794744859101296,0.8145671301686009
40,FST,EN,LR,2,0.8415841584158416,0.8402612413140048,0.7569881541616099
40,FST,EN,SVM_RBF,2,0.8613861386138614,0.8597143016365426,0.7892979647593565
40,FST,EN,SVM_Lin,2,0.8415841584158416,0.8412545989175675,0.7526842104668479
40,FST,EN,GBM,2,0.8118811881188119,0.8097602360041263,0.7058218890032428
40,FST,EN,RF,3,0.8415841584158416,0.8312611007936237,0.7559500731534199
40,FST,EN,XGB,3,0.8811881188118812,0.8781183069416426,0.8151726141623061
40,FST,EN,LR,3,0.8910891089108911,0.8875587858732568,0.8308609590613901
40,FST,EN,SVM_RBF,3,0.8712871287128713,0.8648886406791391,0.8024475458109158
40,FST,EN,SVM_Lin,3,0.8514851485148515,0.8480855272168517,0.7679569080912765
40,FST,EN,GBM,3,0.9108910891089109,0.9092520006414767,0.8648274312953399
40,FST,EN,RF,4,0.87,0.8712247341699395,0.799754199496977
40,FST,EN,XGB,4,0.88,0.8805411764705883,0.8134128679890026
40,FST,EN,LR,4,0.85,0.8499928292686608,0.7694823714216987
40,FST,EN,SVM_RBF,4,0.88,0.8803379752777343,0.8125098626650044
40,FST,EN,SVM_Lin,4,0.82,0.8222719053098799,0.7237152322339483
40,FST,EN,GBM,4,0.84,0.8416081300813008,0.7513274669247969
40,fst_stat,RF,RF,0,0.8217821782178217,0.8095998168043198,0.7235887030057342
40,fst_stat,RF,XGB,0,0.8316831683168316,0.8280486276475749,0.7369384367070086
40,fst_stat,RF,LR,0,0.8712871287128713,0.8678801970114077,0.7996006802860284
40,fst_stat,RF,SVM_RBF,0,0.8514851485148515,0.8423457730388424,0.7709013397722951
40,fst_stat,RF,SVM_Lin,0,0.8514851485148515,0.8490786478326806,0.7683084113958654
40,fst_stat,RF,GBM,0,0.801980198019802,0.7943845748940864,0.6893672623104306
40,fst_stat,RF,RF,1,0.8415841584158416,0.8361605391308362,0.7548673539162405
40,fst_stat,RF,XGB,1,0.8514851485148515,0.8500346298540824,0.7681964457894251
40,fst_stat,RF,LR,1,0.8712871287128713,0.8713432549490573,0.7986845830055241
40,fst_stat,RF,SVM_RBF,1,0.8811881188118812,0.8810344449079054,0.8146648604745405
40,fst_stat,RF,SVM_Lin,1,0.8415841584158416,0.841215749481925,0.752247514810692
40,fst_stat,RF,GBM,1,0.8415841584158416,0.8410614817137824,0.7521144441001952
40,fst_stat,RF,RF,2,0.8316831683168316,0.8297390405913083,0.7383743054204986
40,fst_stat,RF,XGB,2,0.801980198019802,0.8006190862988738,0.6910035403048187
40,fst_stat,RF,LR,2,0.8415841584158416,0.8414515775901915,0.7528848952824327
40,fst_stat,RF,SVM_RBF,2,0.8415841584158416,0.8370591082794887,0.7524120394399313
40,fst_stat,RF,SVM_Lin,2,0.7920792079207921,0.7882419820929462,0.6738255137640743
40,fst_stat,RF,GBM,2,0.8118811881188119,0.8100715597956831,0.7074684600630721
40,fst_stat,RF,RF,3,0.8910891089108911,0.8830637475512257,0.8336757123942988
40,fst_stat,RF,XGB,3,0.9108910891089109,0.9075502287070811,0.8660454623821807
40,fst_stat,RF,LR,3,0.9207920792079208,0.9175797667207103,0.8776813352159468
40,fst_stat,RF,SVM_RBF,3,0.8613861386138614,0.8564627891360564,0.7869871208788876
40,fst_stat,RF,SVM_Lin,3,0.8514851485148515,0.8453049716736379,0.7700195060425133
40,fst_stat,RF,GBM,3,0.9207920792079208,0.9198574541245831,0.878218873282946
40,fst_stat,RF,RF,4,0.85,0.849830917874396,0.7715762116965726
40,fst_stat,RF,XGB,4,0.84,0.8406757398322519,0.7552070373726436
40,fst_stat,RF,LR,4,0.87,0.8699978566325316,0.7968997946716493
40,fst_stat,RF,SVM_RBF,4,0.88,0.8798078078078078,0.8161198785596085
40,fst_stat,RF,SVM_Lin,4,0.81,0.8125274725274724,0.7095551448492368
40,fst_stat,RF,GBM,4,0.84,0.8410936517913262,0.7514957570399482
40,fst_stat,LR,RF,0,0.801980198019802,0.8002273911601686,0.6894814550776633
40,fst_stat,LR,XGB,0,0.7821782178217822,0.7805373407884879,0.6616840767883173
40,fst_stat,LR,LR,0,0.7524752475247525,0.7497842091901499,0.6129978422094278
40,fst_stat,LR,SVM_RBF,0,0.7623762376237624,0.7588454174967911,0.6262628547645108
40,fst_stat,LR,SVM_Lin,0,0.7821782178217822,0.7763968704562765,0.6576794189916706
40,fst_stat,LR,GBM,0,0.7722772277227723,0.7697520806933015,0.6469871005577311
40,fst_stat,LR,RF,1,0.8415841584158416,0.8421784323611126,0.755634394810833
40,fst_stat,LR,XGB,1,0.7722772277227723,0.7693742618408999,0.6531442241872342
40,fst_stat,LR,LR,1,0.7524752475247525,0.7478680019031652,0.6249436619026766
40,fst_stat,LR,SVM_RBF,1,0.7920792079207921,0.7928927558634042,0.6741613575823808
40,fst_stat,LR,SVM_Lin,1,0.7722772277227723,0.7676437038139166,0.6553381840797251
40,fst_stat,LR,GBM,1,0.7920792079207921,0.7916325675716913,0.6774224917013626
40,fst_stat,LR,RF,2,0.8613861386138614,0.858558089094827,0.784651495284686
40,fst_stat,LR,XGB,2,0.8415841584158416,0.8382209202428066,0.7532405555210105
40,fst_stat,LR,LR,2,0.8514851485148515,0.8512809307022592,0.7700073540227429
40,fst_stat,LR,SVM_RBF,2,0.8514851485148515,0.8501141273059117,0.7675358283916017
40,fst_stat,LR,SVM_Lin,2,0.8415841584158416,0.841076093672085,0.7528342003896796
40,fst_stat,LR,GBM,2,0.8118811881188119,0.810844761557886,0.7067897326331865
40,fst_stat,LR,RF,3,0.8217821782178217,0.8125537828508126,0.7247771967849286
40,fst_stat,LR,XGB,3,0.8118811881188119,0.7965859239125205,0.7132438097785778
40,fst_stat,LR,LR,3,0.8217821782178217,0.8184167100920618,0.7209322202501344
40,fst_stat,LR,SVM_RBF,3,0.8415841584158416,0.8363128725767399,0.7531853269309823
40,fst_stat,LR,SVM_Lin,3,0.8316831683168316,0.8271726049009396,0.738397077670112
40,fst_stat,LR,GBM,3,0.7920792079207921,0.7791846373887108,0.6803978924830532
40,fst_stat,LR,RF,4,0.72,0.7031652661064425,0.5743506030607746
40,fst_stat,LR,XGB,4,0.78,0.7822496317505503,0.6604113410090773
40,fst_stat,LR,LR,4,0.81,0.8116028116028116,0.7067212643195622
40,fst_stat,LR,SVM_RBF,4,0.78,0.7708683596431023,0.6586050894606734
40,fst_stat,LR,SVM_Lin,4,0.85,0.8525980160604629,0.7682027263030711
40,fst_stat,LR,GBM,4,0.73,0.7361813578097799,0.58155993429783
40,fst_stat,EN,RF,0,0.8613861386138614,0.8574496363663516,0.785612833974976
40,fst_stat,EN,XGB,0,0.8514851485148515,0.8499050275741198,0.7686711536722353
40,fst_stat,EN,LR,0,0.8415841584158416,0.84214920230974,0.7521323861705106
40,fst_stat,EN,SVM_RBF,0,0.8613861386138614,0.8613449399582767,0.7835035903841061
40,fst_stat,EN,SVM_Lin,0,0.8316831683168316,0.8316145671862323,0.7365720536215571
40,fst_stat,EN,GBM,0,0.8217821782178217,0.8212225681992622,0.7206196783002853
40,fst_stat,EN,RF,1,0.8712871287128713,0.8697545430218697,0.7992107433259646
40,fst_stat,EN,XGB,1,0.8217821782178217,0.8208559516924699,0.7220377377859761
40,fst_stat,EN,LR,1,0.7920792079207921,0.7904040790000582,0.6765626147056455
40,fst_stat,EN,SVM_RBF,1,0.7821782178217822,0.7790694013757496,0.6636364520913988
40,fst_stat,EN,SVM_Lin,1,0.8613861386138614,0.8606209052961045,0.78374953043211
40,fst_stat,EN,GBM,1,0.8316831683168316,0.8321252590375317,0.738735444094766
40,fst_stat,EN,RF,2,0.8415841584158416,0.8356435643564357,0.7538197931343182
40,fst_stat,EN,XGB,2,0.8811881188118812,0.8772238851792155,0.8155926006231851
40,fst_stat,EN,LR,2,0.900990099009901,0.8999431450780033,0.8461598231462291
40,fst_stat,EN,SVM_RBF,2,0.8316831683168316,0.8307821448465822,0.7362583949973908
40,fst_stat,EN,SVM_Lin,2,0.8910891089108911,0.8910628463376842,0.8299895071065215
40,fst_stat,EN,GBM,2,0.8316831683168316,0.8300548887780025,0.7364652153053776
40,fst_stat,EN,RF,3,0.900990099009901,0.8999189392623472,0.8502136810789046
40,fst_stat,EN,XGB,3,0.9207920792079208,0.9179311535804743,0.8786124765257564
40,fst_stat,EN,LR,3,0.9207920792079208,0.92112292012555,0.8776086811783903
40,fst_stat,EN,SVM_RBF,3,0.8910891089108911,0.8911414797077709,0.8302016220989286
40,fst_stat,EN,SVM_Lin,3,0.900990099009901,0.9012864015899754,0.8465401649502033
40,fst_stat,EN,GBM,3,0.9207920792079208,0.920537210889502,0.8774303047407332
40,fst_stat,EN,RF,4,0.85,0.8495531400966183,0.7715762116965726
40,fst_stat,EN,XGB,4,0.83,0.8303802706816404,0.7370736289042827
40,fst_stat,EN,LR,4,0.85,0.8512464112464113,0.7706345597588171
40,fst_stat,EN,SVM_RBF,4,0.86,0.8598222222222222,0.7836820026931847
40,fst_stat,EN,SVM_Lin,4,0.86,0.8607267267267267,0.7841527857840658
40,fst_stat,EN,GBM,4,0.84,0.8409178743961353,0.7555084022068481
45,stat,RF,RF,0,0.8910891089108911,0.8869302032778573,0.831116648562668
45,stat,RF,XGB,0,0.8613861386138614,0.8588370420053589,0.7835002946930487
45,stat,RF,LR,0,0.9108910891089109,0.9094071497706622,0.861931600918095
45,stat,RF,SVM_RBF,0,0.8811881188118812,0.8777954718548779,0.8153850726435194
45,stat,RF,SVM_Lin,0,0.8910891089108911,0.8901617151603675,0.8300906951800235
45,stat,RF,GBM,0,0.8514851485148515,0.8502654013225641,0.7686681538401544
45,stat,RF,RF,1,0.8613861386138614,0.861057326889028,0.7831745450887072
45,stat,RF,XGB,1,0.8415841584158416,0.8383853769992385,0.7538197931343182
45,stat,RF,LR,1,0.8415841584158416,0.8409930265646317,0.7525522131152158
45,stat,RF,SVM_RBF,1,0.8613861386138614,0.861980927822512,0.7840111230448256
45,stat,RF,SVM_Lin,1,0.8316831683168316,0.8327409664043328,0.7390883597582122
45,stat,RF,GBM,1,0.8514851485148515,0.8510099157117348,0.7675389679925675
45,stat,RF,RF,2,0.8910891089108911,0.8865405494797846,0.8318342990999091
45,stat,RF,XGB,2,0.900990099009901,0.8990340497464382,0.8468059347926881
45,stat,RF,LR,2,0.8712871287128713,0.8685707032241685,0.7990618003255876
45,stat,RF,SVM_RBF,2,0.8910891089108911,0.887910369984367,0.8307750725337865
45,stat,RF,SVM_Lin,2,0.8811881188118812,0.8789092483909025,0.814366899624981
45,stat,RF,GBM,2,0.8613861386138614,0.8567135014242107,0.7834293562139005
45,stat,RF,RF,3,0.8613861386138614,0.849675290109656,0.7932159611623314
45,stat,RF,XGB,3,0.8514851485148515,0.8373089282612473,0.7831399372014405
45,stat,RF,LR,3,0.8613861386138614,0.8560653179070029,0.7917720701432132
45,stat,RF,SVM_RBF,3,0.900990099009901,0.8992224262554667,0.8490236370921864
45,stat,RF,SVM_Lin,3,0.8712871287128713,0.8695380701407391,0.80573485847949
45,stat,RF,GBM,3,0.8910891089108911,0.8863857814352865,0.8346594714639142
45,stat,RF,RF,4,0.91,0.9098601398601399,0.8592350247868996
45,stat,RF,XGB,4,0.88,0.8802064602064601,0.8121536535656996
45,stat,RF,LR,4,0.9,0.8998809437386569,0.8450955008953871
45,stat,RF,SVM_RBF,4,0.9,0.8998809437386569,0.8450955008953871
45,stat,RF,SVM_Lin,4,0.86,0.8609601644084403,0.7827905078069973
45,stat,RF,GBM,4,0.86,0.8609601644084403,0.7827905078069973
45,stat,LR,RF,0,0.900990099009901,0.9003377689685345,0.8455801905169709
45,stat,LR,XGB,0,0.8712871287128713,0.8703459464145289,0.8003357194348318
45,stat,LR,LR,0,0.8712871287128713,0.8709524997250155,0.7998475284659713
45,stat,LR,SVM_RBF,0,0.8811881188118812,0.879546400018153,0.814330382787148
45,stat,LR,SVM_Lin,0,0.8514851485148515,0.8518039340448165,0.7734946026166397
45,stat,LR,GBM,0,0.8613861386138614,0.8602508334457138,0.78374953043211
45,stat,LR,RF,1,0.8514851485148515,0.8482362355028102,0.7680549844107746
45,stat,LR,XGB,1,0.801980198019802,0.7997823038117766,0.6896749304601756
45,stat,LR,LR,1,0.8415841584158416,0.8408317754852408,0.7566134894107821
45,stat,LR,SVM_RBF,1,0.7920792079207921,0.7896293475501396,0.675019161581481
45,stat,LR,SVM_Lin,1,0.8217821782178217,0.8202479110787333,0.7294779046349438
45,stat,LR,GBM,1,0.7821782178217822,0.7823782378237824,0.6639472932747167
45,stat,LR,RF,2,0.8910891089108911,0.8869662120031027,0.830286658806244
45,stat,LR,XGB,2,0.8613861386138614,0.860444956315519,0.784929981362997
45,stat,LR,LR,2,0.8415841584158416,0.8386591610205706,0.7530436100293365
45,stat,LR,SVM_RBF,2,0.8811881188118812,0.8767560416172335,0.816086358292207
45,stat,LR,SVM_Lin,2,0.8514851485148515,0.8494244161258232,0.7677611616456085
45,stat,LR,GBM,2,0.8415841584158416,0.8398526031464936,0.754670754649626
45,stat,LR,RF,3,0.8415841584158416,0.8313765442478314,0.7568835550635592
45,stat,LR,XGB,3,0.8514851485148515,0.8450213513575833,0.7697082964297098
45,stat,LR,LR,3,0.8613861386138614,0.857932189615358,0.7836736038532839
45,stat,LR,SVM_RBF,3,0.8712871287128713,0.8652817777474822,0.800875004676925
45,stat,LR,SVM_Lin,3,0.8613861386138614,0.860978665434111,0.7849152702256533
45,stat,LR,GBM,3,0.8415841584158416,0.8346469941111758,0.7554457121002094
45,stat,LR,RF,4,0.82,0.8111389895838113,0.7263550807989392
45,stat,LR,XGB,4,0.79,0.789800307219662,0.6758259216230545
45,stat,LR,LR,4,0.83,0.8297298377028713,0.7349617695845544
45,stat,LR,SVM_RBF,4,0.83,0.8240422153902629,0.7428593998354976
45,stat,LR,SVM_Lin,4,0.83,0.8288749564611634,0.7332168557411413
45,stat,LR,GBM,4,0.82,0.8130635914506883,0.7230271287364519
45,stat,EN,RF,0,0.8910891089108911,0.8861522868511803,0.8340259137665242
45,stat,EN,XGB,0,0.9405940594059405,0.9400156179201173,0.9080794490777208
45,stat,EN,LR,0,0.900990099009901,0.9008185725831788,0.8456848077114552
45,stat,EN,SVM_RBF,0,0.9207920792079208,0.9189321529038869,0.8776172030248928
45,stat,EN,SVM_Lin,0,0.9108910891089109,0.9106644913908036,0.8613681285742345
45,stat,EN,GBM,0,0.8712871287128713,0.8687668766876688,0.8008445739613235
45,stat,EN,RF,1,0.8811881188118812,0.8805406776068134,0.8148747945977016
45,stat,EN,XGB,1,0.8811881188118812,0.8811881188118812,0.815018315018315
45,stat,EN,LR,1,0.8613861386138614,0.8615492137449039,0.7841761871399728
45,stat,EN,SVM_RBF,1,0.8811881188118812,0.8815795533041676,0.8143455932707492
45,stat,EN,SVM_Lin,1,0.8514851485148515,0.8516043052366907,0.7699113484856078
45,stat,EN,GBM,1,0.8712871287128713,0.8709617949746783,0.7998475284659713
45,stat,EN,RF,2,0.8910891089108911,0.8801234098064183,0.8378755012216553
45,stat,EN,XGB,2,0.8910891089108911,0.8871998820786803,0.8304642965828187
45,stat,EN,LR,2,0.8910891089108911,0.8901617151603675,0.8300906951800235
45,stat,EN,SVM_RBF,2,0.8910891089108911,0.8906917421487862,0.8309430686480508
45,stat,EN,SVM_Lin,2,0.8811881188118812,0.8804444882610593,0.8160624350483616
45,stat,EN,GBM,2,0.8712871287128713,0.8668214311778668,0.7992107433259646
45,stat,EN,RF,3,0.8910891089108911,0.8855553658814158,0.8323667839498696
45,stat,EN,XGB,3,0.8712871287128713,0.8703014691962424,0.7995290558142089
45,stat,EN,LR,3,0.8811881188118812,0.8808245573639372,0.815007924425509
45,stat,EN,SVM_RBF,3,0.900990099009901,0.9005780742213879,0.8455683217103587
45,stat,EN,SVM_Lin,3,0.8712871287128713,0.870892881143318,0.7990897142276373
45,stat,EN,GBM,3,0.8811881188118812,0.8792528647773666,0.8144563361028008
45,stat,EN,RF,4,0.89,0.8898107224583197,0.8378117596981638
45,stat,EN,XGB,4,0.84,0.839474666482339,0.7541512730979271
45,stat,EN,LR,4,0.86,0.8622469701932526,0.7873648742657999
45,stat,EN,SVM_RBF,4,0.89,0.8909974259974259,0.8305344714708743
45,stat,EN,SVM_Lin,4,0.85,0.8529446446118573,0.7717642229032915
45,stat,EN,GBM,4,0.8,0.8020493749010918,0.6920626362545296
45,FST,RF,RF,0,0.8415841584158416,0.8290208232292764,0.7568841113510196
45,FST,RF,XGB,0,0.8613861386138614,0.8539233335098216,0.7853390023634134
45,FST,RF,LR,0,0.8613861386138614,0.8559958838261086,0.784950492024452
45,FST,RF,SVM_RBF,0,0.8712871287128713,0.8665240473029541,0.8012688495697342
45,FST,RF,SVM_Lin,0,0.8514851485148515,0.8455359821696455,0.7690999499542224
45,FST,RF,GBM,0,0.8217821782178217,0.8138450939351114,0.7234041614267749
45,FST,RF,RF,1,0.8712871287128713,0.8687668766876688,0.8008445739613235
45,FST,RF,XGB,1,0.8613861386138614,0.8609396748693438,0.7832273612059495
45,FST,RF,LR,1,0.8712871287128713,0.8711835137002072,0.7988210736557348
45,FST,RF,SVM_RBF,1,0.8217821782178217,0.8150750558926861,0.7241648771946718
45,FST,RF,SVM_Lin,1,0.8712871287128713,0.8714318729170215,0.7995742369260219
45,FST,RF,GBM,1,0.8217821782178217,0.8217449416692938,0.7216732163558222
45,FST,RF,RF,2,0.8415841584158416,0.8316433938946263,0.753934687310654
45,FST,RF,XGB,2,0.801980198019802,0.7929968466074019,0.6892947913177899
45,FST,RF,LR,2,0.8316831683168316,0.8283679046637695,0.7365513302189989
45,FST,RF,SVM_RBF,2,0.8613861386138614,0.8588370420053589,0.7835002946930487
45,FST,RF,SVM_Lin,2,0.801980198019802,0.7929968466074019,0.6892947913177899
45,FST,RF,GBM,2,0.8118811881188119,0.8057205720572057,0.7058507726382922
45,FST,RF,RF,3,0.9207920792079208,0.9161004893592807,0.8798544765758931
45,FST,RF,XGB,3,0.9108910891089109,0.9082382265388822,0.8622376488595582
45,FST,RF,LR,3,0.9108910891089109,0.9093563828493018,0.8611243145141375
45,FST,RF,SVM_RBF,3,0.9504950495049505,0.9491296310082135,0.9238876244500542
45,FST,RF,SVM_Lin,3,0.9108910891089109,0.9042193012404689,0.864025245700552
45,FST,RF,GBM,3,0.9702970297029703,0.970049504950495,0.954145000004871
45,FST,RF,RF,4,0.88,0.8812543859649122,0.8176621306177925
45,FST,RF,XGB,4,0.87,0.8712470959370313,0.799781819041462
45,FST,RF,LR,4,0.88,0.8810526231759108,0.8155377834617881
45,FST,RF,SVM_RBF,4,0.9,0.9007050886502941,0.8486307186843904
45,FST,RF,SVM_Lin,4,0.84,0.8417770554953653,0.7553927967464803
45,FST,RF,GBM,4,0.86,0.8610936517913262,0.7828734504445389
45,FST,LR,RF,0,0.7722772277227723,0.7570493758236583,0.6424163874565529
45,FST,LR,XGB,0,0.7722772277227723,0.7719708679728732,0.6469871005577311
45,FST,LR,LR,0,0.7524752475247525,0.7539232345371717,0.6187594486399689
45,FST,LR,SVM_RBF,0,0.7722772277227723,0.7709317970124538,0.6446305452411731
45,FST,LR,SVM_Lin,0,0.693069306930693,0.696203252727221,0.5302394544125523
45,FST,LR,GBM,0,0.7128712871287128,0.7039422859613651,0.555029382300087
45,FST,LR,RF,1,0.7524752475247525,0.7443451662239395,0.6120843130871896
45,FST,LR,XGB,1,0.7524752475247525,0.7543931316208544,0.6206384734432573
45,FST,LR,LR,1,0.7623762376237624,0.7634700178878646,0.6348958610840506
45,FST,LR,SVM_RBF,1,0.7425742574257426,0.7444268236347444,0.6026505139138882
45,FST,LR,SVM_Lin,1,0.7623762376237624,0.7623218798182438,0.6331435282950066
45,FST,LR,GBM,1,0.693069306930693,0.6904872475990563,0.5267592965122013
45,FST,LR,RF,2,0.801980198019802,0.7935863385736343,0.6942225421988174
45,FST,LR,XGB,2,0.7623762376237624,0.7599009900990099,0.6324786324786325
45,FST,LR,LR,2,0.7821782178217822,0.789004754945349,0.6742628339915786
45,FST,LR,SVM_RBF,2,0.801980198019802,0.7997773461556681,0.6894814550776633
45,FST,LR,SVM_Lin,2,0.7524752475247525,0.7547600913937547,0.6253208838791676
45,FST,LR,GBM,2,0.7326732673267327,0.7278009379885357,0.580908607390552
45,FST,LR,RF,3,0.8118811881188119,0.805055505550555,0.7060828209706049
45,FST,LR,XGB,3,0.8217821782178217,0.8183211684093796,0.7211283826029173
45,FST,LR,LR,3,0.8415841584158416,0.8395917369514727,0.7531221622550938
45,FST,LR,SVM_RBF,3,0.8217821782178217,0.816396381017412,0.7215621678224816
45,FST,LR,SVM_Lin,3,0.7722772277227723,0.7570594738195434,0.6428078456768678
45,FST,LR,GBM,3,0.7623762376237624,0.7615050483127966,0.6294567021430547
45,FST,LR,RF,4,0.75,0.7492055859297807,0.6177914833157219
45,FST,LR,XGB,4,0.75,0.7527598912715192,0.6179525174358075
45,FST,LR,LR,4,0.8,0.8057476775546898,0.6990713520603116
45,FST,LR,SVM_RBF,4,0.78,0.7804545454545455,0.6592314327102532
45,FST,LR,SVM_Lin,4,0.74,0.7444126984126984,0.6037705850545464
45,FST,LR,GBM,4,0.71,0.7119333752064577,0.5542219711911998
45,FST,EN,RF,0,0.8514851485148515,0.845219001538163,0.7696733208710241
45,FST,EN,XGB,0,0.8217821782178217,0.8190379102730959,0.7221901092615309
45,FST,EN,LR,0,0.8217821782178217,0.819596715769138,0.7227632960485815
45,FST,EN,SVM_RBF,0,0.8712871287128713,0.8701406982803545,0.7995417643908821
45,FST,EN,SVM_Lin,0,0.801980198019802,0.8016734547809341,0.6919909191534706
45,FST,EN,GBM,0,0.8217821782178217,0.8183408347286805,0.7205956106389466
45,FST,EN,RF,1,0.8514851485148515,0.8492409240924091,0.7695258760441152
45,FST,EN,XGB,1,0.8118811881188119,0.810929169840061,0.7060298212675077
45,FST,EN,LR,1,0.7920792079207921,0.7913340833641799,0.6792484283366762
45,FST,EN,SVM_RBF,1,0.8712871287128713,0.8711835137002072,0.7988210736557348
45,FST,EN,SVM_Lin,1,0.7920792079207921,0.7919652407668447,0.6753587645130978
45,FST,EN,GBM,1,0.8217821782178217,0.8211612101976747,0.7219188703472491
45,FST,EN,RF,2,0.8811881188118812,0.8771765650332919,0.8152383865885755
45,FST,EN,XGB,2,0.8811881188118812,0.8796968585747463,0.816787811328188
45,FST,EN,LR,2,0.8613861386138614,0.8589471142236175,0.7847846154206348
45,FST,EN,SVM_RBF,2,0.8811881188118812,0.8800067676144308,0.8176156662629707
45,FST,EN,SVM_Lin,2,0.8316831683168316,0.8310082415370993,0.738712767147492
45,FST,EN,GBM,2,0.8514851485148515,0.8495411736295582,0.7692792855776215
45,FST,EN,RF,3,0.8910891089108911,0.8862415360479885,0.8343119854126074
45,FST,EN,XGB,3,0.900990099009901,0.8994896593906496,0.847808124087447
45,FST,EN,LR,3,0.900990099009901,0.8985817647485641,0.8459164411997997
45,FST,EN,SVM_RBF,3,0.8811881188118812,0.8786378637863785,0.8165498611180309
45,FST,EN,SVM_Lin,3,0.8613861386138614,0.8587598172757669,0.7834392488333062
45,FST,EN,GBM,3,0.900990099009901,0.8960719601371903,0.8511797358418921
45,FST,EN,RF,4,0.87,0.8715007049489807,0.7985439895499435
45,FST,EN,XGB,4,0.89,0.8905819721718089,0.8292993233085574
45,FST,EN,LR,4,0.9,0.9020779220779221,0.8495553687933
45,FST,EN,SVM_RBF,4,0.89,0.8904556563823351,0.8292993233085574
45,FST,EN,SVM_Lin,4,0.84,0.8488141473660065,0.7639374299430989
45,FST,EN,GBM,4,0.84,0.842366900616542,0.751953735542357
45,fst_stat,RF,RF,0,0.8415841584158416,0.8329883667099742,0.7537338077670722
45,fst_stat,RF,XGB,0,0.8415841584158416,0.8373434331384946,0.7531128798203524
45,fst_stat,RF,LR,0,0.8316831683168316,0.8258986515081268,0.7375835032730251
45,fst_stat,RF,SVM_RBF,0,0.8217821782178217,0.8136680166799383,0.7216621666988478
45,fst_stat,RF,SVM_Lin,0,0.8514851485148515,0.8490502896443491,0.7680733765479648
45,fst_stat,RF,GBM,0,0.8217821782178217,0.8119230022549767,0.7218547815591685
45,fst_stat,RF,RF,1,0.8514851485148515,0.8478025178083419,0.7696733208710241
45,fst_stat,RF,XGB,1,0.8118811881188119,0.8092215271656812,0.7053268540882155
45,fst_stat,RF,LR,1,0.8514851485148515,0.8519001146217355,0.7675389679925675
45,fst_stat,RF,SVM_RBF,1,0.8811881188118812,0.8812135059659812,0.8145671301686009
45,fst_stat,RF,SVM_Lin,1,0.8415841584158416,0.8414461655224756,0.7528342003896796
45,fst_stat,RF,GBM,1,0.8118811881188119,0.8128337853230488,0.7049809616031799
45,fst_stat,RF,RF,2,0.8316831683168316,0.8285798181300985,0.7375546059684694
45,fst_stat,RF,XGB,2,0.8217821782178217,0.8178349747033331,0.7209529527574426
45,fst_stat,RF,LR,2,0.8514851485148515,0.8508774325708434,0.7679898404639448
45,fst_stat,RF,SVM_RBF,2,0.8514851485148515,0.8493738370915961,0.7680549844107746
45,fst_stat,RF,SVM_Lin,2,0.8415841584158416,0.8389312615472074,0.7521052203320194
45,fst_stat,RF,GBM,2,0.8415841584158416,0.840655360095109,0.754118505219327
45,fst_stat,RF,RF,3,0.9108910891089109,0.907464679052175,0.8653520536127048
45,fst_stat,RF,XGB,3,0.9108910891089109,0.9091619688284618,0.8634564399877107
45,fst_stat,RF,LR,3,0.9108910891089109,0.9094345784072831,0.8625420376307833
45,fst_stat,RF,SVM_RBF,3,0.9108910891089109,0.9081063282730818,0.8678185750662644
45,fst_stat,RF,SVM_Lin,3,0.8712871287128713,0.8682547434141056,0.8001850712826445
45,fst_stat,RF,GBM,3,0.9306930693069307,0.9296078383848176,0.8931429392924838
45,fst_stat,RF,RF,4,0.9,0.8992574992574993,0.8494644070416829
45,fst_stat,RF,XGB,4,0.89,0.890909090909091,0.8324647284535113
45,fst_stat,RF,LR,4,0.9,0.9012230087257865,0.8467449323145954
45,fst_stat,RF,SVM_RBF,4,0.92,0.9205935600672445,0.8779149655260962
45,fst_stat,RF,SVM_Lin,4,0.87,0.8713989198347982,0.8036603831184945
45,fst_stat,RF,GBM,4,0.84,0.8399502923976608,0.754080316417342
45,fst_stat,LR,RF,0,0.8217821782178217,0.8178217821782178,0.7213586170985279
45,fst_stat,LR,XGB,0,0.801980198019802,0.8004905020118737,0.6910035403048187
45,fst_stat,LR,LR,0,0.7623762376237624,0.7598412094314103,0.6271268442626798
45,fst_stat,LR,SVM_RBF,0,0.7920792079207921,0.7918988072509043,0.6747791600496215
45,fst_stat,LR,SVM_Lin,0,0.7920792079207921,0.7871287128712872,0.673925530948169
45,fst_stat,LR,GBM,0,0.801980198019802,0.7999290821332828,0.6920155373843587
45,fst_stat,LR,RF,1,0.801980198019802,0.8015541657435967,0.6919909191534706
45,fst_stat,LR,XGB,1,0.801980198019802,0.80003351821788,0.6956476183159492
45,fst_stat,LR,LR,1,0.8118811881188119,0.8074986017546231,0.7207113691262517
45,fst_stat,LR,SVM_RBF,1,0.8118811881188119,0.8113078796816694,0.7050467743763449
45,fst_stat,LR,SVM_Lin,1,0.801980198019802,0.7951555975838177,0.7117383341304274
45,fst_stat,LR,GBM,1,0.7722772277227723,0.7696150384269196,0.6513285521790071
45,fst_stat,LR,RF,2,0.8712871287128713,0.870976962561121,0.7995742369260219
45,fst_stat,LR,XGB,2,0.7821782178217822,0.785297707852977,0.6644053488636079
45,fst_stat,LR,LR,2,0.8514851485148515,0.8513826019989568,0.7700073540227429
45,fst_stat,LR,SVM_RBF,2,0.8514851485148515,0.8502654013225641,0.7686681538401544
45,fst_stat,LR,SVM_Lin,2,0.8316831683168316,0.8315693898212445,0.7392800751779001
45,fst_stat,LR,GBM,2,0.801980198019802,0.8035002137019933,0.697023425184885
45,fst_stat,LR,RF,3,0.7821782178217822,0.7722828026045847,0.6676051912652926
45,fst_stat,LR,XGB,3,0.8415841584158416,0.8324279098885972,0.7564929212857265
45,fst_stat,LR,LR,3,0.8415841584158416,0.8404482700824604,0.7525083707618133
45,fst_stat,LR,SVM_RBF,3,0.8217821782178217,0.8159119308774679,0.7212900813287254
45,fst_stat,LR,SVM_Lin,3,0.8316831683168316,0.8301151382106536,0.736826986253102
45,fst_stat,LR,GBM,3,0.8118811881188119,0.7983620093758103,0.7111581799370997
45,fst_stat,LR,RF,4,0.73,0.7239601901366608,0.5885396623703607
45,fst_stat,LR,XGB,4,0.74,0.7458412698412699,0.5986551479326641
45,fst_stat,LR,LR,4,0.83,0.8316470287703165,0.7366198636377327
45,fst_stat,LR,SVM_RBF,4,0.8,0.7968950024192992,0.6894727762627704
45,fst_stat,LR,SVM_Lin,4,0.83,0.8337265208858986,0.7382415338638283
45,fst_stat,LR,GBM,4,0.75,0.7503150678150677,0.6108513211606796
45,fst_stat,EN,RF,0,0.8712871287128713,0.8657156678029758,0.8014866822473365
45,fst_stat,EN,XGB,0,0.8613861386138614,0.8568931968271901,0.784498108442596
45,fst_stat,EN,LR,0,0.8217821782178217,0.8203903401923205,0.7206585001613847
45,fst_stat,EN,SVM_RBF,0,0.8217821782178217,0.8212395060604168,0.7207611819569151
45,fst_stat,EN,SVM_Lin,0,0.8316831683168316,0.8311716396386932,0.7362911372023568
45,fst_stat,EN,GBM,0,0.8415841584158416,0.8399457667285716,0.7527814478820729
45,fst_stat,EN,RF,1,0.8910891089108911,0.8903835684306836,0.8304642965828187
45,fst_stat,EN,XGB,1,0.8217821782178217,0.8206713676031161,0.7209529527574426
45,fst_stat,EN,LR,1,0.7920792079207921,0.7911271896420412,0.675019161581481
45,fst_stat,EN,SVM_RBF,1,0.8415841584158416,0.8416798402529329,0.7522803121258865
45,fst_stat,EN,SVM_Lin,1,0.8118811881188119,0.8113603175811371,0.7055176997955148
45,fst_stat,EN,GBM,1,0.8415841584158416,0.8413175812354754,0.7528342003896796
45,fst_stat,EN,RF,2,0.8514851485148515,0.8460193185839945,0.7717227736164836
45,fst_stat,EN,XGB,2,0.8910891089108911,0.888384408452994,0.830286658806244
45,fst_stat,EN,LR,2,0.8910891089108911,0.8866298257732751,0.8313430504631357
45,fst_stat,EN,SVM_RBF,2,0.8811881188118812,0.8782265411478896,0.8153336838062597
45,fst_stat,EN,SVM_Lin,2,0.900990099009901,0.8995224915580721,0.8456848077114552
45,fst_stat,EN,GBM,2,0.8217821782178217,0.8187207861057598,0.7209882163378024
45,fst_stat,EN,RF,3,0.900990099009901,0.8976227369572402,0.8487032287803556
45,fst_stat,EN,XGB,3,0.9108910891089109,0.9088513163301111,0.8616139590679949
45,fst_stat,EN,LR,3,0.900990099009901,0.9012436086814256,0.8458656760062396
45,fst_stat,EN,SVM_RBF,3,0.8910891089108911,0.8898484292873731,0.8306133382817487
45,fst_stat,EN,SVM_Lin,3,0.9108910891089109,0.9108241708684532,0.8611028064851426
45,fst_stat,EN,GBM,3,0.900990099009901,0.9007177033492823,0.847785442604286
45,fst_stat,EN,RF,4,0.83,0.8306945520914069,0.7450574490566513
45,fst_stat,EN,XGB,4,0.83,0.8303802706816404,0.7370736289042827
45,fst_stat,EN,LR,4,0.84,0.8398206090947017,0.7580835582272033
45,fst_stat,EN,SVM_RBF,4,0.86,0.8605348894348894,0.7822234198935583
45,fst_stat,EN,SVM_Lin,4,0.85,0.8476126408010012,0.7743514457428086
45,fst_stat,EN,GBM,4,0.83,0.8315206452389551,0.7395331957230397
50,stat,RF,RF,0,0.8712871287128713,0.8616400101548616,0.8029693114844046
50,stat,RF,XGB,0,0.8712871287128713,0.8658194715150257,0.7996006802860284
50,stat,RF,LR,0,0.8910891089108911,0.888307196732745,0.8318342990999091
50,stat,RF,SVM_RBF,0,0.900990099009901,0.8968736114117742,0.8478003100808933
50,stat,RF,SVM_Lin,0,0.8415841584158416,0.8375895817429845,0.7527814478820729
50,stat,RF,GBM,0,0.8613861386138614,0.8569276430214711,0.7846665127179888
50,stat,RF,RF,1,0.8712871287128713,0.87005238985437,0.7996145072783345
50,stat,RF,XGB,1,0.8415841584158416,0.8379537953795378,0.7529806745321006
50,stat,RF,LR,1,0.8613861386138614,0.8617596605136932,0.7841986247640899
50,stat,RF,SVM_RBF,1,0.8613861386138614,0.862038357681922,0.783588913875869
50,stat,RF,SVM_Lin,1,0.8712871287128713,0.8721333671828722,0.8018704660118534
50,stat,RF,GBM,1,0.8811881188118812,0.881503887200972,0.8146917461160043
50,stat,RF,RF,2,0.8910891089108911,0.8889043261596795,0.8298301980184809
50,stat,RF,XGB,2,0.9207920792079208,0.9198034735600257,0.8766193551497666
50,stat,RF,LR,2,0.8613861386138614,0.8571651902032309,0.78392511031943
50,stat,RF,SVM_RBF,2,0.8811881188118812,0.8777954718548779,0.8153850726435194
50,stat,RF,SVM_Lin,2,0.8514851485148515,0.8482362355028102,0.7680549844107746
50,stat,RF,GBM,2,0.8712871287128713,0.8674662237465576,0.800338417484505
50,stat,RF,RF,3,0.8910891089108911,0.8835263273162759,0.8360833197828232
50,stat,RF,XGB,3,0.8712871287128713,0.8622739991390442,0.8070960372299301
50,stat,RF,LR,3,0.8910891089108911,0.8861709700381804,0.8352240652182783
50,stat,RF,SVM_RBF,3,0.8910891089108911,0.8882373951680882,0.8346594714639142
50,stat,RF,SVM_Lin,3,0.8514851485148515,0.8491367413201701,0.7722875929608772
50,stat,RF,GBM,3,0.8613861386138614,0.8550184430207727,0.7873570533474369
50,stat,RF,RF,4,0.89,0.8903654970760233,0.833557584167905
50,stat,RF,XGB,4,0.89,0.8911824025617129,0.830050953035836
50,stat,RF,LR,4,0.91,0.9104072595281306,0.8608916784822167
50,stat,RF,SVM_RBF,4,0.88,0.8800556563823352,0.8135031457217278
50,stat,RF,SVM_Lin,4,0.86,0.8606098361186945,0.7842896634383462
50,stat,RF,GBM,4,0.87,0.8703854517647622,0.7985439895499435
50,stat,LR,RF,0,0.8811881188118812,0.8793352629410653,0.8142573905120025
50,stat,LR,XGB,0,0.9108910891089109,0.9104185805843923,0.8614798766445432
50,stat,LR,LR,0,0.8514851485148515,0.8492764661081493,0.768051140639561
50,stat,LR,SVM_RBF,0,0.8811881188118812,0.8802631032334003,0.8148026706502578
50,stat,LR,SVM_Lin,0,0.8217821782178217,0.8201588763527514,0.7211984755806634
50,stat,LR,GBM,0,0.8712871287128713,0.8707046264006779,0.7998475284659713
50,stat,LR,RF,1,0.8811881188118812,0.8798339543741345,0.8156389188140651
50,stat,LR,XGB,1,0.8514851485148515,0.849133327966943,0.7701284196708411
50,stat,LR,LR,1,0.8613861386138614,0.8619478489202304,0.7958966456997973
50,stat,LR,SVM_RBF,1,0.8415841584158416,0.8396522579087178,0.7537739557346081
50,stat,LR,SVM_Lin,1,0.8118811881188119,0.8100970811366851,0.7174889313798111
50,stat,LR,GBM,1,0.801980198019802,0.7985752233759962,0.6917526363625548
50,stat,LR,RF,2,0.9207920792079208,0.9157954256964157,0.8784673341042589
50,stat,LR,XGB,2,0.8712871287128713,0.8696914767117342,0.8001859961353518
50,stat,LR,LR,2,0.8316831683168316,0.8294850868933725,0.7377623084827278
50,stat,LR,SVM_RBF,2,0.9108910891089109,0.9084491377836991,0.8609758130314377
50,stat,LR,SVM_Lin,2,0.8316831683168316,0.8316831683168316,0.737942612942613
50,stat,LR,GBM,2,0.8415841584158416,0.8393472680601393,0.7547377406669267
50,stat,LR,RF,3,0.8712871287128713,0.8628005657708627,0.8050430924815051
50,stat,LR,XGB,3,0.8613861386138614,0.8567937477372537,0.783610785314839
50,stat,LR,LR,3,0.8910891089108911,0.8881264156853226,0.8303949420757554
50,stat,LR,SVM_RBF,3,0.8811881188118812,0.8751651348779067,0.816375811219059
50,stat,LR,SVM_Lin,3,0.8415841584158416,0.8417736510493155,0.7537594583037375
50,stat,LR,GBM,3,0.801980198019802,0.7910542934621756,0.6909220072049954
50,stat,LR,RF,4,0.8,0.7839158710391587,0.7026176971626455
50,stat,LR,XGB,4,0.81,0.8058080458975599,0.7056424004715595
50,stat,LR,LR,4,0.79,0.7889367389367389,0.6726600839109637
50,stat,LR,SVM_RBF,4,0.81,0.8047916666666666,0.7124082268755771
50,stat,LR,SVM_Lin,4,0.76,0.7607851512840071,0.632619730551529
50,stat,LR,GBM,4,0.81,0.8052571428571429,0.7035017282207902
50,stat,EN,RF,0,0.8910891089108911,0.8895193692724007,0.8314613306642131
50,stat,EN,XGB,0,0.9207920792079208,0.9201364256565002,0.8769377040081464
50,stat,EN,LR,0,0.900990099009901,0.9014489999983899,0.8454030055249593
50,stat,EN,SVM_RBF,0,0.9108910891089109,0.9112850277070148,0.8611642710402361
50,stat,EN,SVM_Lin,0,0.8811881188118812,0.8809935047558809,0.8149211919588807
50,stat,EN,GBM,0,0.8712871287128713,0.8707519400588708,0.8011634850110447
50,stat,EN,RF,1,0.9108910891089109,0.9113702546725261,0.860867935783094
50,stat,EN,XGB,1,0.900990099009901,0.9006797608696935,0.8468255511348498
50,stat,EN,LR,1,0.9207920792079208,0.9207423674300731,0.8773250053176165
50,stat,EN,SVM_RBF,1,0.9306930693069307,0.9307707241312366,0.8921646102618974
50,stat,EN,SVM_Lin,1,0.900990099009901,0.9016997908774631,0.8469637257334525
50,stat,EN,GBM,1,0.9108910891089109,0.9109532129683556,0.8613107750842046
50,stat,EN,RF,2,0.9108910891089109,0.906049356572497,0.8626326168393075
50,stat,EN,XGB,2,0.9108910891089109,0.9079984204600113,0.8618553497096394
50,stat,EN,LR,2,0.900990099009901,0.899071486095978,0.8460408682135536
50,stat,EN,SVM_RBF,2,0.9306930693069307,0.9294472581498244,0.8936557530743188
50,stat,EN,SVM_Lin,2,0.900990099009901,0.9000016415852102,0.8498017200623932
50,stat,EN,GBM,2,0.8415841584158416,0.8377043052200899,0.7519261188213817
50,stat,EN,RF,3,0.900990099009901,0.8995372093600338,0.8458278536039312
50,stat,EN,XGB,3,0.8712871287128713,0.8698813577808209,0.7993763633987379
50,stat,EN,LR,3,0.8811881188118812,0.8802502172598675,0.8144563361028008
50,stat,EN,SVM_RBF,3,0.900990099009901,0.8995372093600338,0.8458278536039312
50,stat,EN,SVM_Lin,3,0.8613861386138614,0.8599223602983472,0.783344350495243
50,stat,EN,GBM,3,0.8712871287128713,0.8676489293401968,0.7991759250835159
50,stat,EN,RF,4,0.87,0.8710897164445552,0.8069767203570317
50,stat,EN,XGB,4,0.85,0.8512377372552514,0.7684326140360344
50,stat,EN,LR,4,0.86,0.8616060640775958,0.788774272458743
50,stat,EN,SVM_RBF,4,0.91,0.9106480217257572,0.8637712078548522
50,stat,EN,SVM_Lin,4,0.86,0.8624797770580704,0.7880682202784305
50,stat,EN,GBM,4,0.81,0.8120598542192319,0.7068737185307572
50,FST,RF,RF,0,0.8316831683168316,0.8197883271473215,0.7383983577508662
50,FST,RF,XGB,0,0.8910891089108911,0.8895647825897224,0.8315238153103323
50,FST,RF,LR,0,0.9108910891089109,0.9099270199658719,0.861404627522072
50,FST,RF,SVM_RBF,0,0.8910891089108911,0.8887750402947272,0.8313430504631357
50,FST,RF,SVM_Lin,0,0.8910891089108911,0.888977893928389,0.8306316405917967
50,FST,RF,GBM,0,0.8712871287128713,0.8694974881386627,0.7990732434559981
50,FST,RF,RF,1,0.8910891089108911,0.8904444498503905,0.8306316405917967
50,FST,RF,XGB,1,0.8712871287128713,0.871313984148267,0.7995867264349168
50,FST,RF,LR,1,0.900990099009901,0.9010743143279845,0.8456966866739813
50,FST,RF,SVM_RBF,1,0.8811881188118812,0.8811618562386743,0.8144021251396641
50,FST,RF,SVM_Lin,1,0.8910891089108911,0.8912788576154913,0.8307004646884149
50,FST,RF,GBM,1,0.8613861386138614,0.8617596605136932,0.7841986247640899
50,FST,RF,RF,2,0.8514851485148515,0.8342011978975675,0.7747960482791704
50,FST,RF,XGB,2,0.8316831683168316,0.8257236852461081,0.7368351519233249
50,FST,RF,LR,2,0.8712871287128713,0.8697618921556022,0.7988178651218326
50,FST,RF,SVM_RBF,2,0.8910891089108911,0.888990921389261,0.8300906951800235
50,FST,RF,SVM_Lin,2,0.8613861386138614,0.8594186341711093,0.7835564704825744
50,FST,RF,GBM,2,0.7920792079207921,0.7817653976350982,0.6742815674848444
50,FST,RF,RF,3,0.9108910891089109,0.9063524957146876,0.8637823142363465
50,FST,RF,XGB,3,0.9306930693069307,0.9285211791855876,0.8926637161116051
50,FST,RF,LR,3,0.9108910891089109,0.9094058698019094,0.8620409642386122
50,FST,RF,SVM_RBF,3,0.9306930693069307,0.9304674057149304,0.892574707640283
50,FST,RF,SVM_Lin,3,0.9504950495049505,0.9481338072465363,0.9249910284558943
50,FST,RF,GBM,3,0.9207920792079208,0.9175797667207103,0.8776813352159468
50,FST,RF,RF,4,0.88,0.8810440078780556,0.8206664589438206
50,FST,RF,XGB,4,0.89,0.8909362246352609,0.8355390179109774
50,FST,RF,LR,4,0.89,0.8901942971679813,0.830442995508463
50,FST,RF,SVM_RBF,4,0.93,0.930124603860559,0.8961419468652159
50,FST,RF,SVM_Lin,4,0.86,0.8611450489068369,0.788615435356872
50,FST,RF,GBM,4,0.86,0.859539183018635,0.7848838102386145
50,FST,LR,RF,0,0.7227722772277227,0.710282154976061,0.5669869250276912
50,FST,LR,XGB,0,0.7623762376237624,0.7639393061743579,0.6317345992209504
50,FST,LR,LR,0,0.7524752475247525,0.7565941199827979,0.6217269727670065
50,FST,LR,SVM_RBF,0,0.7821782178217822,0.7822525216874407,0.6616840767883173
50,FST,LR,SVM_Lin,0,0.7128712871287128,0.7143971141300176,0.554203836872413
50,FST,LR,GBM,0,0.7029702970297029,0.70076022730399,0.540317667932063
50,FST,LR,RF,1,0.7920792079207921,0.7828219530813841,0.6735990627163894
50,FST,LR,XGB,1,0.801980198019802,0.801164031191634,0.6920155373843587
50,FST,LR,LR,1,0.7623762376237624,0.7594840301946456,0.6280305197438283
50,FST,LR,SVM_RBF,1,0.7821782178217822,0.7812028589618543,0.6600882102623883
50,FST,LR,SVM_Lin,1,0.7524752475247525,0.7536487187525142,0.6159492916458031
50,FST,LR,GBM,1,0.7128712871287128,0.7131953888585265,0.5618349658248607
50,FST,LR,RF,2,0.801980198019802,0.7971410567386292,0.6918948341088382
50,FST,LR,XGB,2,0.8415841584158416,0.8355950979713357,0.7523028111827799
50,FST,LR,LR,2,0.7821782178217822,0.7808671901672927,0.6592002557698937
50,FST,LR,SVM_RBF,2,0.8415841584158416,0.8344624595286854,0.7559217517768058
50,FST,LR,SVM_Lin,2,0.7524752475247525,0.7524279852802865,0.6135759697775277
50,FST,LR,GBM,2,0.8118811881188119,0.8093049811310246,0.7107074013950708
50,FST,LR,RF,3,0.7623762376237624,0.7529134779702144,0.6387620595535163
50,FST,LR,XGB,3,0.7524752475247525,0.7501708927326173,0.612228429653675
50,FST,LR,LR,3,0.7821782178217822,0.7788496798397789,0.6593073828041559
50,FST,LR,SVM_RBF,3,0.8118811881188119,0.8107967939651108,0.7060339146393736
50,FST,LR,SVM_Lin,3,0.7722772277227723,0.76611933417373,0.6434363520463565
50,FST,LR,GBM,3,0.7722772277227723,0.7712807094232115,0.6449025541635718
50,FST,LR,RF,4,0.75,0.7436347585976069,0.6181131872997706
50,FST,LR,XGB,4,0.76,0.7574964963586432,0.6257191694152273
50,FST,LR,LR,4,0.77,0.7759649831649831,0.6461722440944973
50,FST,LR,SVM_RBF,4,0.76,0.7566560533135877,0.625516539124175
50,FST,LR,SVM_Lin,4,0.76,0.7676663708961846,0.642632732661916
50,FST,LR,GBM,4,0.72,0.7265352207617122,0.5736348353099608
50,FST,EN,RF,0,0.8415841584158416,0.833750108881856,0.7570489246950199
50,FST,EN,XGB,0,0.8316831683168316,0.8290742770337072,0.7384004130563687
50,FST,EN,LR,0,0.8217821782178217,0.8209258606166769,0.7253533283783458
50,FST,EN,SVM_RBF,0,0.900990099009901,0.8993276080361102,0.8459057596703584
50,FST,EN,SVM_Lin,0,0.7722772277227723,0.7709082495396571,0.6435887935957112
50,FST,EN,GBM,0,0.8415841584158416,0.8397350515494916,0.7524120394399313
50,FST,EN,RF,1,0.8811881188118812,0.8809935047558809,0.8149211919588807
50,FST,EN,XGB,1,0.801980198019802,0.8016566479541781,0.6914035404465879
50,FST,EN,LR,1,0.8613861386138614,0.8609273122434195,0.7847846154206348
50,FST,EN,SVM_RBF,1,0.8613861386138614,0.8604931081343428,0.7832406718625881
50,FST,EN,SVM_Lin,1,0.8217821782178217,0.8204437884013436,0.7261343189839172
50,FST,EN,GBM,1,0.8415841584158416,0.841215749481925,0.752247514810692
50,FST,EN,RF,2,0.8910891089108911,0.8886418621429535,0.8315238153103323
50,FST,EN,XGB,2,0.900990099009901,0.8995176440720996,0.8455777898546276
50,FST,EN,LR,2,0.9108910891089109,0.908789418377086,0.861404627522072
50,FST,EN,SVM_RBF,2,0.9108910891089109,0.9095490328686818,0.86290532410594
50,FST,EN,SVM_Lin,2,0.8712871287128713,0.8696687148389636,0.8010437497132716
50,FST,EN,GBM,2,0.8910891089108911,0.8881151414492701,0.8309042490797669
50,FST,EN,RF,3,0.900990099009901,0.8952943823794145,0.8495897639822452
50,FST,EN,XGB,3,0.8811881188118812,0.8740109012198,0.8183797656117616
50,FST,EN,LR,3,0.900990099009901,0.8983747579845425,0.8463244852489109
50,FST,EN,SVM_RBF,3,0.900990099009901,0.8987977476072679,0.8465493039604742
50,FST,EN,SVM_Lin,3,0.8811881188118812,0.8791697492483748,0.8149676352818749
50,FST,EN,GBM,3,0.9306930693069307,0.9277677767776777,0.8954548897947636
50,FST,EN,RF,4,0.9,0.9007490624595889,0.8462669855143408
50,FST,EN,XGB,4,0.9,0.9006845557543233,0.844779222399389
50,FST,EN,LR,4,0.92,0.91925,0.8755861206627071
50,FST,EN,SVM_RBF,4,0.92,0.9206194394752535,0.8762362777857002
50,FST,EN,SVM_Lin,4,0.9,0.9000072595281307,0.8450955008953871
50,FST,EN,GBM,4,0.87,0.8694422604422605,0.7980932397331516
50,fst_stat,RF,RF,0,0.8613861386138614,0.8580942493226305,0.7869227889497804
50,fst_stat,RF,XGB,0,0.8712871287128713,0.867392057170741,0.7995577396555253
50,fst_stat,RF,LR,0,0.8613861386138614,0.8570434419007511,0.785612833974976
50,fst_stat,RF,SVM_RBF,0,0.8613861386138614,0.8569990441697294,0.7853475129955569
50,fst_stat,RF,SVM_Lin,0,0.8613861386138614,0.8594059405940594,0.7856159088605935
50,fst_stat,RF,GBM,0,0.8613861386138614,0.856294468381801,0.7838426961477086
50,fst_stat,RF,RF,1,0.8613861386138614,0.8590864618008905,0.7845858797478837
50,fst_stat,RF,XGB,1,0.8613861386138614,0.8606014447598607,0.7838439419131497
50,fst_stat,RF,LR,1,0.8910891089108911,0.8918244609606849,0.8299895071065215
50,fst_stat,RF,SVM_RBF,1,0.9108910891089109,0.9107466208805753,0.860867935783094
50,fst_stat,RF,SVM_Lin,1,0.900990099009901,0.901207625016614,0.8456546309166502
50,fst_stat,RF,GBM,1,0.8415841584158416,0.8397338931324914,0.7525201815787783
50,fst_stat,RF,RF,2,0.8613861386138614,0.8596725057121097,0.7835564704825744
50,fst_stat,RF,XGB,2,0.8217821782178217,0.8170903711216617,0.7206732225246905
50,fst_stat,RF,LR,2,0.8316831683168316,0.8294744859101295,0.7370404809535344
50,fst_stat,RF,SVM_RBF,2,0.8712871287128713,0.8703855259475528,0.7988178651218326
50,fst_stat,RF,SVM_Lin,2,0.8217821782178217,0.8188809806570494,0.7206196783002853
50,fst_stat,RF,GBM,2,0.8118811881188119,0.8111979872686065,0.7073990061981135
50,fst_stat,RF,RF,3,0.8910891089108911,0.8847622965270023,0.8364152905847416
50,fst_stat,RF,XGB,3,0.9108910891089109,0.9031463585919033,0.8692558090387663
50,fst_stat,RF,LR,3,0.8910891089108911,0.8892800928444492,0.8358210704797971
50,fst_stat,RF,SVM_RBF,3,0.8910891089108911,0.8892800928444492,0.8358210704797971
50,fst_stat,RF,SVM_Lin,3,0.9207920792079208,0.9209942532714809,0.8792866502143002
50,fst_stat,RF,GBM,3,0.8910891089108911,0.8882506976566383,0.8320849106219985
50,fst_stat,RF,RF,4,0.94,0.9404380576748997,0.9095629455378517
50,fst_stat,RF,XGB,4,0.88,0.880909090909091,0.816716247022306
50,fst_stat,RF,LR,4,0.89,0.8914669111648109,0.8310905612235508
50,fst_stat,RF,SVM_RBF,4,0.94,0.9402292383292382,0.9091819786103054
50,fst_stat,RF,SVM_Lin,4,0.9,0.9008324213406292,0.8484954923120523
50,fst_stat,RF,GBM,4,0.86,0.8598947368421053,0.7858712235175672
50,fst_stat,LR,RF,0,0.801980198019802,0.7966118862525638,0.6909720424500688
50,fst_stat,LR,XGB,0,0.7920792079207921,0.7865856537959044,0.6741125641911245
50,fst_stat,LR,LR,0,0.8118811881188119,0.8086889723455105,0.7054448111517676
50,fst_stat,LR,SVM_RBF,0,0.8316831683168316,0.830962173140391,0.7378478187869496
50,fst_stat,LR,SVM_Lin,0,0.8316831683168316,0.8262401521050982,0.7383983577508662
50,fst_stat,LR,GBM,0,0.7722772277227723,0.7694801582887021,0.6420025728591696
50,fst_stat,LR,RF,1,0.8316831683168316,0.8318444595452171,0.7372845341143895
50,fst_stat,LR,XGB,1,0.8118811881188119,0.81093060593385,0.7068564631253013
50,fst_stat,LR,LR,1,0.7821782178217822,0.7766736909611814,0.6774867709368124
50,fst_stat,LR,SVM_RBF,1,0.801980198019802,0.80118274270866,0.6898619885754096
50,fst_stat,LR,SVM_Lin,1,0.7524752475247525,0.7482339080589981,0.6249436619026766
50,fst_stat,LR,GBM,1,0.7722772277227723,0.7696150384269196,0.6513285521790071
50,fst_stat,LR,RF,2,0.8316831683168316,0.8325294067868326,0.7390883597582122
50,fst_stat,LR,XGB,2,0.8316831683168316,0.8312664599793312,0.7405682674757523
50,fst_stat,LR,LR,2,0.8514851485148515,0.8512202390807643,0.7752781129035695
50,fst_stat,LR,SVM_RBF,2,0.8415841584158416,0.8406182827645544,0.7532152311614411
50,fst_stat,LR,SVM_Lin,2,0.8514851485148515,0.8498892196911998,0.7740888671220063
50,fst_stat,LR,GBM,2,0.7821782178217822,0.7820387491524226,0.6664349542121831
50,fst_stat,LR,RF,3,0.8316831683168316,0.8152839344084786,0.748284004426714
50,fst_stat,LR,XGB,3,0.8316831683168316,0.82218284994144,0.7387186666075327
50,fst_stat,LR,LR,3,0.8118811881188119,0.807767624457948,0.7053541998687181
50,fst_stat,LR,SVM_RBF,3,0.8118811881188119,0.8010980240160265,0.7067247468960296
50,fst_stat,LR,SVM_Lin,3,0.8217821782178217,0.8171565301445028,0.721368324452581
50,fst_stat,LR,GBM,3,0.8217821782178217,0.8165287636307772,0.7225932834669585
50,fst_stat,LR,RF,4,0.79,0.784587906716939,0.686620378770891
50,fst_stat,LR,XGB,4,0.8,0.8044858473945895,0.6938461747141674
50,fst_stat,LR,LR,4,0.83,0.8341074353095317,0.7405629201782747
50,fst_stat,LR,SVM_RBF,4,0.86,0.8601240786240786,0.7822234198935583
50,fst_stat,LR,SVM_Lin,4,0.83,0.8336949562065841,0.7426025461671857
50,fst_stat,LR,GBM,4,0.82,0.825297852474323,0.7280351767817492
50,fst_stat,EN,RF,0,0.8910891089108911,0.8877254536170991,0.8321412951436846
50,fst_stat,EN,XGB,0,0.8613861386138614,0.8588423406905256,0.784498108442596
50,fst_stat,EN,LR,0,0.8316831683168316,0.8330327636361237,0.7365720536215571
50,fst_stat,EN,SVM_RBF,0,0.8415841584158416,0.8417480501701582,0.7524967105588917
50,fst_stat,EN,SVM_Lin,0,0.8415841584158416,0.8422293801064236,0.7519661604860891
50,fst_stat,EN,GBM,0,0.8316831683168316,0.8313078412088313,0.7363689487943007
50,fst_stat,EN,RF,1,0.9207920792079208,0.9205311287431264,0.8763804534484093
50,fst_stat,EN,XGB,1,0.8613861386138614,0.8609909771464952,0.78374953043211
50,fst_stat,EN,LR,1,0.8118811881188119,0.8112310292942991,0.7079012910038222
50,fst_stat,EN,SVM_RBF,1,0.8613861386138614,0.8618603877194443,0.7833053474565173
50,fst_stat,EN,SVM_Lin,1,0.801980198019802,0.8005492856978006,0.6953074625912964
50,fst_stat,EN,GBM,1,0.8514851485148515,0.8513465563423812,0.7704678371596262
50,fst_stat,EN,RF,2,0.8613861386138614,0.8574982645150532,0.7863866263937329
50,fst_stat,EN,XGB,2,0.8811881188118812,0.8754136216764409,0.8153586644243482
50,fst_stat,EN,LR,2,0.8811881188118812,0.8776203482417207,0.8162287919345974
50,fst_stat,EN,SVM_RBF,2,0.8613861386138614,0.8590864618008905,0.7845858797478837
50,fst_stat,EN,SVM_Lin,2,0.8811881188118812,0.8782265411478896,0.8153336838062597
50,fst_stat,EN,GBM,2,0.8514851485148515,0.8494244161258232,0.7677611616456085
50,fst_stat,EN,RF,3,0.8613861386138614,0.8558985310295736,0.7873570533474369
50,fst_stat,EN,XGB,3,0.900990099009901,0.8987977476072679,0.8465493039604742
50,fst_stat,EN,LR,3,0.9207920792079208,0.920537210889502,0.8774303047407332
50,fst_stat,EN,SVM_RBF,3,0.9207920792079208,0.9204606860450543,0.8776074327530767
50,fst_stat,EN,SVM_Lin,3,0.8910891089108911,0.8910319762954936,0.8314196614284379
50,fst_stat,EN,GBM,3,0.9603960396039604,0.9601103478607509,0.9397513038819527
50,fst_stat,EN,RF,4,0.85,0.8497536301399731,0.7767930638516718
50,fst_stat,EN,XGB,4,0.84,0.839869820471369,0.7547027773200753
50,fst_stat,EN,LR,4,0.85,0.8512464112464113,0.7706345597588171
50,fst_stat,EN,SVM_RBF,4,0.88,0.8808903401008663,0.8146190055025853
50,fst_stat,EN,SVM_Lin,4,0.89,0.8893584793584793,0.8333912867570721
50,fst_stat,EN,GBM,4,0.84,0.8409178743961353,0.7555084022068481
55,stat,RF,RF,0,0.8613861386138614,0.8452507116505431,0.7928021545129138
55,stat,RF,XGB,0,0.8514851485148515,0.8466694888323335,0.7678102553497861
55,stat,RF,LR,0,0.8415841584158416,0.8375895817429845,0.7527814478820729
55,stat,RF,SVM_RBF,0,0.8910891089108911,0.8833806457568832,0.8350372831965142
55,stat,RF,SVM_Lin,0,0.8514851485148515,0.8483287242751425,0.7701740151192482
55,stat,RF,GBM,0,0.8316831683168316,0.8233732682461985,0.7375835032730251
55,stat,RF,RF,1,0.8613861386138614,0.8574680997511517,0.7861369897810672
55,stat,RF,XGB,1,0.8316831683168316,0.826330958887744,0.7377942946631203
55,stat,RF,LR,1,0.8415841584158416,0.8412753957308414,0.7538063769426977
55,stat,RF,SVM_RBF,1,0.8514851485148515,0.8524149058135042,0.768567272662023
55,stat,RF,SVM_Lin,1,0.8811881188118812,0.8818279125209818,0.8151373508072184
55,stat,RF,GBM,1,0.8514851485148515,0.8505311921153506,0.7677898460601327
55,stat,RF,RF,2,0.8811881188118812,0.8771765650332919,0.8152383865885755
55,stat,RF,XGB,2,0.8910891089108911,0.8882258235560655,0.8302880798183062
55,stat,RF,LR,2,0.8316831683168316,0.8259438851656602,0.7378092101256454
55,stat,RF,SVM_RBF,2,0.8811881188118812,0.8780093798853571,0.8151584184623343
55,stat,RF,SVM_Lin,2,0.7920792079207921,0.7850576645066747,0.6774196589092712
55,stat,RF,GBM,2,0.8316831683168316,0.8288483726421423,0.7392130896284107
55,stat,RF,RF,3,0.8910891089108911,0.8843235971948843,0.8371494507601357
55,stat,RF,XGB,3,0.8712871287128713,0.8652716203297348,0.8063298458455136
55,stat,RF,LR,3,0.8910891089108911,0.8861709700381804,0.8352240652182783
55,stat,RF,SVM_RBF,3,0.8613861386138614,0.8542424301220716,0.794038646082278
55,stat,RF,SVM_Lin,3,0.8712871287128713,0.8685905023139885,0.807535903168997
55,stat,RF,GBM,3,0.8415841584158416,0.8372555532013582,0.7563657626099795
55,stat,RF,RF,4,0.92,0.919644700880656,0.8788258974788162
55,stat,RF,XGB,4,0.9,0.9008281454979129,0.844779222399389
55,stat,RF,LR,4,0.89,0.8904069237777104,0.8311241118367599
55,stat,RF,SVM_RBF,4,0.9,0.8980170112728253,0.8438933870134591
55,stat,RF,SVM_Lin,4,0.9,0.8988444444444444,0.8478262222711004
55,stat,RF,GBM,4,0.87,0.8703854517647622,0.7985439895499435
55,stat,LR,RF,0,0.9306930693069307,0.9304970382260607,0.8918886758410828
55,stat,LR,XGB,0,0.8712871287128713,0.8718462434478742,0.7996031047288192
55,stat,LR,LR,0,0.8811881188118812,0.8814987381091051,0.8150300223176655
55,stat,LR,SVM_RBF,0,0.900990099009901,0.8985504980365808,0.845729411877129
55,stat,LR,SVM_Lin,0,0.8415841584158416,0.8407131482379007,0.7523751571014803
55,stat,LR,GBM,0,0.8118811881188119,0.8119217730054343,0.7063216493137437
55,stat,LR,RF,1,0.8910891089108911,0.8890168016344108,0.8305582906377375
55,stat,LR,XGB,1,0.8118811881188119,0.8099398877250686,0.7068564631253013
55,stat,LR,LR,1,0.8316831683168316,0.8302890439419882,0.7503007516466609
55,stat,LR,SVM_RBF,1,0.8514851485148515,0.8499262370952666,0.7685465461510167
55,stat,LR,SVM_Lin,1,0.8415841584158416,0.8406677440727186,0.754118505219327
55,stat,LR,GBM,1,0.8118811881188119,0.81098319134239,0.7056739559656492
55,stat,LR,RF,2,0.900990099009901,0.8969539454651613,0.8456848077114552
55,stat,LR,XGB,2,0.8910891089108911,0.8893634251448513,0.8302880798183062
55,stat,LR,LR,2,0.8712871287128713,0.8712871287128713,0.7996031746031746
55,stat,LR,SVM_RBF,2,0.8910891089108911,0.8875113380063875,0.8306316405917967
55,stat,LR,SVM_Lin,2,0.8613861386138614,0.8606209052961045,0.78374953043211
55,stat,LR,GBM,2,0.8712871287128713,0.8674053591545342,0.8001787553756462
55,stat,LR,RF,3,0.8712871287128713,0.8648886406791391,0.8024475458109158
55,stat,LR,XGB,3,0.8316831683168316,0.826983764499977,0.736730889666886
55,stat,LR,LR,3,0.8910891089108911,0.8881264156853226,0.8303949420757554
55,stat,LR,SVM_RBF,3,0.8910891089108911,0.8878973211551049,0.8315774518485721
55,stat,LR,SVM_Lin,3,0.8613861386138614,0.8619940941462567,0.7847334097425203
55,stat,LR,GBM,3,0.8514851485148515,0.8436678962013848,0.7714013827238231
55,stat,LR,RF,4,0.87,0.8678412939794014,0.8026601457242946
55,stat,LR,XGB,4,0.85,0.8505376344086022,0.772811224893524
55,stat,LR,LR,4,0.83,0.8285493871665465,0.7430228586846717
55,stat,LR,SVM_RBF,4,0.85,0.8455770201440831,0.7758680379086147
55,stat,LR,SVM_Lin,4,0.8,0.8019734860396219,0.692462364596026
55,stat,LR,GBM,4,0.88,0.8793333333333334,0.8157541124821426
55,stat,EN,RF,0,0.9207920792079208,0.9194402065689193,0.8777629864905447
55,stat,EN,XGB,0,0.9207920792079208,0.9201364256565002,0.8769377040081464
55,stat,EN,LR,0,0.9108910891089109,0.9102708076192265,0.861524860534473
55,stat,EN,SVM_RBF,0,0.9207920792079208,0.9205896246878826,0.8769629013739549
55,stat,EN,SVM_Lin,0,0.8910891089108911,0.8903835684306836,0.8304642965828187
55,stat,EN,GBM,0,0.8910891089108911,0.8894655028819007,0.8310640948978417
55,stat,EN,RF,1,0.9108910891089109,0.9113702546725261,0.860867935783094
55,stat,EN,XGB,1,0.900990099009901,0.9006900690069006,0.8478376313572022
55,stat,EN,LR,1,0.8910891089108911,0.8910697899058199,0.832854407672576
55,stat,EN,SVM_RBF,1,0.9207920792079208,0.9207920792079208,0.8766788766788767
55,stat,EN,SVM_Lin,1,0.900990099009901,0.9015092345323337,0.8467353525649781
55,stat,EN,GBM,1,0.9108910891089109,0.9108043334453927,0.8614798766445432
55,stat,EN,RF,2,0.9207920792079208,0.9186834359111586,0.8790305141261918
55,stat,EN,XGB,2,0.9108910891089109,0.9079984204600113,0.8618553497096394
55,stat,EN,LR,2,0.9306930693069307,0.9294472581498244,0.8936557530743188
55,stat,EN,SVM_RBF,2,0.9504950495049505,0.9507202484954379,0.9230184454395901
55,stat,EN,SVM_Lin,2,0.9108910891089109,0.9096419805480326,0.867227060779718
55,stat,EN,GBM,2,0.8811881188118812,0.8771817041405515,0.8146675579421295
55,stat,EN,RF,3,0.8910891089108911,0.8884414284125042,0.8336219547145807
55,stat,EN,XGB,3,0.8811881188118812,0.879581607565239,0.8151726141623061
55,stat,EN,LR,3,0.8811881188118812,0.879581607565239,0.8151726141623061
55,stat,EN,SVM_RBF,3,0.900990099009901,0.8995372093600338,0.8458278536039312
55,stat,EN,SVM_Lin,3,0.8910891089108911,0.8901977598316323,0.8302971431081763
55,stat,EN,GBM,3,0.8811881188118812,0.8731324772510892,0.8185793240295628
55,stat,EN,RF,4,0.86,0.8604130043418404,0.7877210657222531
55,stat,EN,XGB,4,0.84,0.8408347738403918,0.753771646392366
55,stat,EN,LR,4,0.92,0.920630328575534,0.8786721193210324
55,stat,EN,SVM_RBF,4,0.94,0.9404380576748997,0.9095629455378517
55,stat,EN,SVM_Lin,4,0.88,0.8808751384712772,0.8183514384907576
55,stat,EN,GBM,4,0.82,0.8219241417497232,0.7231250353088404
55,FST,RF,RF,0,0.8514851485148515,0.8380642527423777,0.7716417188458579
55,FST,RF,XGB,0,0.8811881188118812,0.8767560416172335,0.816086358292207
55,FST,RF,LR,0,0.900990099009901,0.8988546004603982,0.8471429161744467
55,FST,RF,SVM_RBF,0,0.900990099009901,0.8992817573248935,0.8481096347051742
55,FST,RF,SVM_Lin,0,0.8910891089108911,0.8872464169493872,0.8311556380087043
55,FST,RF,GBM,0,0.8811881188118812,0.8786443208885454,0.8158594023086962
55,FST,RF,RF,1,0.8910891089108911,0.8891504535068893,0.8311556380087043
55,FST,RF,XGB,1,0.8712871287128713,0.871313984148267,0.7995867264349168
55,FST,RF,LR,1,0.8910891089108911,0.8909732511712709,0.8304095490374522
55,FST,RF,SVM_RBF,1,0.8910891089108911,0.8909732511712709,0.8304095490374522
55,FST,RF,SVM_Lin,1,0.8811881188118812,0.8812727426588811,0.8175659925752637
55,FST,RF,GBM,1,0.8910891089108911,0.8902127054810745,0.8303849268999646
55,FST,RF,RF,2,0.8811881188118812,0.8697488116477066,0.8198792762649407
55,FST,RF,XGB,2,0.8613861386138614,0.855915068631046,0.7845904766768028
55,FST,RF,LR,2,0.8514851485148515,0.849133327966943,0.7701284196708411
55,FST,RF,SVM_RBF,2,0.8811881188118812,0.8789085574596439,0.814431911414764
55,FST,RF,SVM_Lin,2,0.8613861386138614,0.8582946233612156,0.7831790151180729
55,FST,RF,GBM,2,0.8415841584158416,0.8383533090151121,0.7526918021765256
55,FST,RF,RF,3,0.9207920792079208,0.9176147026467352,0.8785041366420439
55,FST,RF,XGB,3,0.9207920792079208,0.9194291651387362,0.8771080438977416
55,FST,RF,LR,3,0.9108910891089109,0.9094058698019094,0.8620409642386122
55,FST,RF,SVM_RBF,3,0.900990099009901,0.9011786892975012,0.8455826922882518
55,FST,RF,SVM_Lin,3,0.9306930693069307,0.929684239810822,0.8922363001216954
55,FST,RF,GBM,3,0.9108910891089109,0.9097015271624784,0.8622376488595582
55,FST,RF,RF,4,0.9,0.9008309679542557,0.8486307186843904
55,FST,RF,XGB,4,0.9,0.9007348377085219,0.8462669855143408
55,FST,RF,LR,4,0.93,0.9305141644321671,0.8952890092545295
55,FST,RF,SVM_RBF,4,0.93,0.930124603860559,0.8961419468652159
55,FST,RF,SVM_Lin,4,0.9,0.9008309679542557,0.8486307186843904
55,FST,RF,GBM,4,0.9,0.9001609474643183,0.8470247070507787
55,FST,LR,RF,0,0.7227722772277227,0.7035559252127743,0.5623521535805511
55,FST,LR,XGB,0,0.7326732673267327,0.7290336681982977,0.5825113126908545
55,FST,LR,LR,0,0.7425742574257426,0.7467283684890229,0.6057721402263062
55,FST,LR,SVM_RBF,0,0.8118811881188119,0.810714743561077,0.7093455265274545
55,FST,LR,SVM_Lin,0,0.7227722772277227,0.7200092278135377,0.5661301001421025
55,FST,LR,GBM,0,0.7029702970297029,0.6959249453965265,0.5335237423880689
55,FST,LR,RF,1,0.7722772277227723,0.7654172543213171,0.6421179778218951
55,FST,LR,XGB,1,0.7623762376237624,0.7594440213252094,0.6285031720524411
55,FST,LR,LR,1,0.7326732673267327,0.7363323288850625,0.590514537691928
55,FST,LR,SVM_RBF,1,0.7524752475247525,0.7519299262112097,0.6149504839302556
55,FST,LR,SVM_Lin,1,0.7029702970297029,0.7057144738864131,0.5408284148134833
55,FST,LR,GBM,1,0.6831683168316832,0.6804074399565128,0.5148231230857924
55,FST,LR,RF,2,0.8118811881188119,0.8063126138071306,0.7089653717160955
55,FST,LR,XGB,2,0.8316831683168316,0.8271581181804788,0.7366816283483493
55,FST,LR,LR,2,0.7920792079207921,0.7926728789438204,0.6774224917013626
55,FST,LR,SVM_RBF,2,0.8514851485148515,0.8490646361933492,0.7677898460601327
55,FST,LR,SVM_Lin,2,0.7227722772277227,0.7227722772277227,0.5683760683760684
55,FST,LR,GBM,2,0.801980198019802,0.7975840427275444,0.6902636151513599
55,FST,LR,RF,3,0.7524752475247525,0.7495471709333096,0.6134860399338915
55,FST,LR,XGB,3,0.7722772277227723,0.7683017415771178,0.6442645336456158
55,FST,LR,LR,3,0.7821782178217822,0.7796112944627795,0.6593073828041559
55,FST,LR,SVM_RBF,3,0.8118811881188119,0.8106691834529736,0.7060475571023798
55,FST,LR,SVM_Lin,3,0.7524752475247525,0.7512024032966055,0.6130242539138344
55,FST,LR,GBM,3,0.7821782178217822,0.7807934853380367,0.6618753498101665
55,FST,LR,RF,4,0.74,0.7337169973244485,0.596383600212109
55,FST,LR,XGB,4,0.73,0.7210662196723578,0.5762854068012461
55,FST,LR,LR,4,0.79,0.7900688468158347,0.6717748980001652
55,FST,LR,SVM_RBF,4,0.75,0.7466929016929016,0.6108513211606796
55,FST,LR,SVM_Lin,4,0.79,0.791539837398374,0.6732755796481714
55,FST,LR,GBM,4,0.72,0.7177270912926954,0.5645706221748726
55,FST,EN,RF,0,0.8316831683168316,0.824169373459085,0.7394203399542546
55,FST,EN,XGB,0,0.8613861386138614,0.8599253067104672,0.7842294275241182
55,FST,EN,LR,0,0.8514851485148515,0.8507935181703824,0.7702517969148749
55,FST,EN,SVM_RBF,0,0.8910891089108911,0.8893718055772214,0.8309042490797669
55,FST,EN,SVM_Lin,0,0.7821782178217822,0.7825520647302825,0.6639472932747167
55,FST,EN,GBM,0,0.8712871287128713,0.8672119385851628,0.8024490787437388
55,FST,EN,RF,1,0.8811881188118812,0.8795599816466636,0.8211410531178266
55,FST,EN,XGB,1,0.8514851485148515,0.8508663953166298,0.7689460254028483
55,FST,EN,LR,1,0.8712871287128713,0.8709622017054026,0.8010679710041608
55,FST,EN,SVM_RBF,1,0.9207920792079208,0.9210208371943264,0.8766175157172961
55,FST,EN,SVM_Lin,1,0.8613861386138614,0.8606252221860841,0.7833053474565173
55,FST,EN,GBM,1,0.8613861386138614,0.8608266980544208,0.783588913875869
55,FST,EN,RF,2,0.8811881188118812,0.8771765650332919,0.8152383865885755
55,FST,EN,XGB,2,0.900990099009901,0.8995669308816904,0.8454030055249593
55,FST,EN,LR,2,0.9108910891089109,0.909193226073384,0.8613112558598007
55,FST,EN,SVM_RBF,2,0.9207920792079208,0.9194606300296386,0.8775790706354156
55,FST,EN,SVM_Lin,2,0.8712871287128713,0.8701402266923525,0.7988037857437845
55,FST,EN,GBM,2,0.8811881188118812,0.8778348926414549,0.8144519784829181
55,FST,EN,RF,3,0.8910891089108911,0.8856409170328798,0.8336757123942988
55,FST,EN,XGB,3,0.8910891089108911,0.8870463229967186,0.8321897653681049
55,FST,EN,LR,3,0.9108910891089109,0.9080631592571021,0.8627608935971811
55,FST,EN,SVM_RBF,3,0.900990099009901,0.8987977476072679,0.8465493039604742
55,FST,EN,SVM_Lin,3,0.8811881188118812,0.879743265024177,0.8156093809424397
55,FST,EN,GBM,3,0.9207920792079208,0.9180211561095,0.8790018181127079
55,FST,EN,RF,4,0.91,0.9104312177345887,0.8629253022647975
55,FST,EN,XGB,4,0.89,0.8905819721718089,0.8292993233085574
55,FST,EN,LR,4,0.93,0.9307682849498121,0.8912996915939808
55,FST,EN,SVM_RBF,4,0.93,0.9301776573321289,0.8910918928934399
55,FST,EN,SVM_Lin,4,0.91,0.9105882352941177,0.8604128411008478
55,FST,EN,GBM,4,0.88,0.8798422604422603,0.813963059572745
55,fst_stat,RF,RF,0,0.8514851485148515,0.8435225146938656,0.773214240000347
55,fst_stat,RF,XGB,0,0.900990099009901,0.8988535695674831,0.8463917266052386
55,fst_stat,RF,LR,0,0.8613861386138614,0.8603035979273603,0.7835002946930487
55,fst_stat,RF,SVM_RBF,0,0.900990099009901,0.898515931907464,0.8468746327009877
55,fst_stat,RF,SVM_Lin,0,0.8613861386138614,0.8620676121666221,0.784497685100376
55,fst_stat,RF,GBM,0,0.8811881188118812,0.8758688020031432,0.8171901861439115
55,fst_stat,RF,RF,1,0.8415841584158416,0.8367706335850977,0.7554808677683147
55,fst_stat,RF,XGB,1,0.8613861386138614,0.8606014447598607,0.7838439419131497
55,fst_stat,RF,LR,1,0.9108910891089109,0.9115257679614116,0.8646525722654946
55,fst_stat,RF,SVM_RBF,1,0.9108910891089109,0.9112850277070148,0.8611642710402361
55,fst_stat,RF,SVM_Lin,1,0.900990099009901,0.9016501650165016,0.848203699591814
55,fst_stat,RF,GBM,1,0.8613861386138614,0.860731060028409,0.7879197817398964
55,fst_stat,RF,RF,2,0.8811881188118812,0.8811881188118812,0.815018315018315
55,fst_stat,RF,XGB,2,0.8415841584158416,0.8405774375346942,0.7528342003896796
55,fst_stat,RF,LR,2,0.8514851485148515,0.851856886445159,0.7696322917847017
55,fst_stat,RF,SVM_RBF,2,0.8910891089108911,0.8908845547395484,0.830020024563645
55,fst_stat,RF,SVM_Lin,2,0.8514851485148515,0.851764705882353,0.7687492695511264
55,fst_stat,RF,GBM,2,0.8217821782178217,0.8228038465455162,0.7285461634708397
55,fst_stat,RF,RF,3,0.9108910891089109,0.9069136944248768,0.8632384687466953
55,fst_stat,RF,XGB,3,0.900990099009901,0.8964153558212964,0.8505502549922563
55,fst_stat,RF,LR,3,0.8910891089108911,0.8863857814352865,0.8346594714639142
55,fst_stat,RF,SVM_RBF,3,0.8910891089108911,0.8892800928444492,0.8358210704797971
55,fst_stat,RF,SVM_Lin,3,0.8613861386138614,0.849675290109656,0.7932159611623314
55,fst_stat,RF,GBM,3,0.8910891089108911,0.8876288374410601,0.831339920524896
55,fst_stat,RF,RF,4,0.88,0.8797213387854006,0.822042259751826
55,fst_stat,RF,XGB,4,0.86,0.8607287829541351,0.7871119987933617
55,fst_stat,RF,LR,4,0.87,0.8711690760527969,0.7985622971468344
55,fst_stat,RF,SVM_RBF,4,0.91,0.9098161997614053,0.8645674457958343
55,fst_stat,RF,SVM_Lin,4,0.8,0.8017123282308265,0.6938461747141674
55,fst_stat,RF,GBM,4,0.86,0.8607575757575756,0.7852192841598955
55,fst_stat,LR,RF,0,0.7821782178217822,0.7795379537953796,0.6581145022313827
55,fst_stat,LR,XGB,0,0.7821782178217822,0.7790266522793063,0.6611096920269321
55,fst_stat,LR,LR,0,0.801980198019802,0.8003410641412507,0.6894203262279993
55,fst_stat,LR,SVM_RBF,0,0.8217821782178217,0.8200258286698235,0.7228034842536468
55,fst_stat,LR,SVM_Lin,0,0.8217821782178217,0.8181776438513417,0.7228034842536468
55,fst_stat,LR,GBM,0,0.7524752475247525,0.7488448844884488,0.6106814160810238
55,fst_stat,LR,RF,1,0.8217821782178217,0.8208315119872593,0.7229213827417853
55,fst_stat,LR,XGB,1,0.8217821782178217,0.8224243870170149,0.7244674914139382
55,fst_stat,LR,LR,1,0.801980198019802,0.8021268793546021,0.695603016655494
55,fst_stat,LR,SVM_RBF,1,0.801980198019802,0.80118274270866,0.6898619885754096
55,fst_stat,LR,SVM_Lin,1,0.7623762376237624,0.7605772846028517,0.6358464832394812
55,fst_stat,LR,GBM,1,0.801980198019802,0.800520597337241,0.697023425184885
55,fst_stat,LR,RF,2,0.8118811881188119,0.8123032709319262,0.7088725932118141
55,fst_stat,LR,XGB,2,0.8118811881188119,0.8116545063468344,0.7085527963330573
55,fst_stat,LR,LR,2,0.8316831683168316,0.8313660472278489,0.7392800751779001
55,fst_stat,LR,SVM_RBF,2,0.8514851485148515,0.8507086002717918,0.7676775579813917
55,fst_stat,LR,SVM_Lin,2,0.8514851485148515,0.8530950656041213,0.7716774657271722
55,fst_stat,LR,GBM,2,0.7920792079207921,0.7910394414968923,0.6778032746470171
55,fst_stat,LR,RF,3,0.8415841584158416,0.8321912454403334,0.7634505898285092
55,fst_stat,LR,XGB,3,0.8316831683168316,0.8235061385905883,0.7405084474259236
55,fst_stat,LR,LR,3,0.8118811881188119,0.8055241600109379,0.7061022611350056
55,fst_stat,LR,SVM_RBF,3,0.8316831683168316,0.8260498463639467,0.7373913986978228
55,fst_stat,LR,SVM_Lin,3,0.801980198019802,0.7955047228860818,0.6899037060717993
55,fst_stat,LR,GBM,3,0.8118811881188119,0.802688876482585,0.707870125175778
55,fst_stat,LR,RF,4,0.78,0.7758942577030811,0.6647968760653463
55,fst_stat,LR,XGB,4,0.78,0.7848485919641806,0.6639154637769058
55,fst_stat,LR,LR,4,0.83,0.8327685492801771,0.73875003607178
55,fst_stat,LR,SVM_RBF,4,0.86,0.8610458424932109,0.7829710254908299
55,fst_stat,LR,SVM_Lin,4,0.84,0.8453260869565217,0.7585479198546279
55,fst_stat,LR,GBM,4,0.83,0.8337167834593769,0.7399416015347856
55,fst_stat,EN,RF,0,0.8712871287128713,0.8687335803589002,0.8004376848798174
55,fst_stat,EN,XGB,0,0.8910891089108911,0.8900141311628845,0.8309042490797669
55,fst_stat,EN,LR,0,0.8514851485148515,0.8521417128450246,0.7676399792390922
55,fst_stat,EN,SVM_RBF,0,0.8415841584158416,0.8417480501701582,0.7524967105588917
55,fst_stat,EN,SVM_Lin,0,0.8415841584158416,0.8415689323381071,0.7519261188213817
55,fst_stat,EN,GBM,0,0.8118811881188119,0.8119649444333636,0.7049000840755363
55,fst_stat,EN,RF,1,0.9306930693069307,0.9310629338795949,0.8923207944000032
55,fst_stat,EN,XGB,1,0.8910891089108911,0.8910862740244503,0.8304798445550076
55,fst_stat,EN,LR,1,0.8811881188118812,0.8811106583980257,0.8152556155106143
55,fst_stat,EN,SVM_RBF,1,0.8712871287128713,0.8712871287128713,0.8020451770451771
55,fst_stat,EN,SVM_Lin,1,0.8712871287128713,0.8705844119884464,0.8021948284477951
55,fst_stat,EN,GBM,1,0.8910891089108911,0.8917341895802633,0.831508252827031
55,fst_stat,EN,RF,2,0.8811881188118812,0.8743067855172615,0.8207201941539615
55,fst_stat,EN,XGB,2,0.9108910891089109,0.9081100746839009,0.8613681285742345
55,fst_stat,EN,LR,2,0.8613861386138614,0.858320620364088,0.7838426961477086
55,fst_stat,EN,SVM_RBF,2,0.8514851485148515,0.8497535467832498,0.7690999499542224
55,fst_stat,EN,SVM_Lin,2,0.8910891089108911,0.8902601888095786,0.8298701128857634
55,fst_stat,EN,GBM,2,0.8316831683168316,0.8289799961503973,0.7375350856391728
55,fst_stat,EN,RF,3,0.8910891089108911,0.8876174372655481,0.8396529050276577
55,fst_stat,EN,XGB,3,0.9108910891089109,0.9080282233310772,0.8620029102324288
55,fst_stat,EN,LR,3,0.9108910891089109,0.9113724820757937,0.8629725512829034
55,fst_stat,EN,SVM_RBF,3,0.9306930693069307,0.9309348595711054,0.8928643253432761
55,fst_stat,EN,SVM_Lin,3,0.9108910891089109,0.9108241708684532,0.8611028064851426
55,fst_stat,EN,GBM,3,0.9405940594059405,0.9410193021571017,0.9090513959154426
55,fst_stat,EN,RF,4,0.84,0.8392631578947369,0.7613649290618081
55,fst_stat,EN,XGB,4,0.83,0.8288329737551229,0.7397649705407469
55,fst_stat,EN,LR,4,0.9,0.9000300300300301,0.8480869713351514
55,fst_stat,EN,SVM_RBF,4,0.88,0.8802530712530712,0.813963059572745
55,fst_stat,EN,SVM_Lin,4,0.89,0.8903938983391038,0.8338306369949325
55,fst_stat,EN,GBM,4,0.83,0.8300540357987165,0.7437281844981821
60,stat,RF,RF,0,0.8811881188118812,0.8737541627465913,0.8174918601828799
60,stat,RF,XGB,0,0.900990099009901,0.8988884282780761,0.8458463536701891
60,stat,RF,LR,0,0.9108910891089109,0.9102708076192265,0.861524860534473
60,stat,RF,SVM_RBF,0,0.9207920792079208,0.9188403446313937,0.8769377040081464
60,stat,RF,SVM_Lin,0,0.8910891089108911,0.8910628463376842,0.8299895071065215
60,stat,RF,GBM,0,0.8910891089108911,0.8905653631565247,0.8301225254957557
60,stat,RF,RF,1,0.8712871287128713,0.8708250825082509,0.8012039333012806
60,stat,RF,XGB,1,0.8712871287128713,0.8702197580827017,0.7996032727146776
60,stat,RF,LR,1,0.8910891089108911,0.8914415840659028,0.8310926810702906
60,stat,RF,SVM_RBF,1,0.8811881188118812,0.8815223060767616,0.8148026706502578
60,stat,RF,SVM_Lin,1,0.9108910891089109,0.9112167109340295,0.8643388484213048
60,stat,RF,GBM,1,0.8712871287128713,0.8715591214293843,0.7990725789479594
60,stat,RF,RF,2,0.8811881188118812,0.8767979977648004,0.8152383865885755
60,stat,RF,XGB,2,0.900990099009901,0.8964897799251771,0.8468746327009877
60,stat,RF,LR,2,0.8514851485148515,0.8469073638851238,0.7690474118538743
60,stat,RF,SVM_RBF,2,0.8811881188118812,0.8771127604052404,0.8148747945977016
60,stat,RF,SVM_Lin,2,0.8613861386138614,0.8578721931447759,0.7834293562139005
60,stat,RF,GBM,2,0.8415841584158416,0.8408382877643756,0.7552521755675461
60,stat,RF,RF,3,0.8910891089108911,0.886963356969181,0.8364152905847416
60,stat,RF,XGB,3,0.8811881188118812,0.876933782583171,0.8204308167249386
60,stat,RF,LR,3,0.9207920792079208,0.91995454371692,0.8792545510183438
60,stat,RF,SVM_RBF,3,0.8910891089108911,0.8890230145050364,0.8359749143644687
60,stat,RF,SVM_Lin,3,0.8811881188118812,0.8800065735472169,0.8173504114956582
60,stat,RF,GBM,3,0.8217821782178217,0.8086076280929396,0.729552984509761
60,stat,RF,RF,4,0.88,0.8801017226017226,0.8185695313382584
60,stat,RF,XGB,4,0.92,0.9206194394752535,0.8762362777857002
60,stat,RF,LR,4,0.91,0.909485211163977,0.8605044622288712
60,stat,RF,SVM_RBF,4,0.92,0.9189576922135062,0.8755413670252146
60,stat,RF,SVM_Lin,4,0.89,0.8893584793584793,0.8333912867570721
60,stat,RF,GBM,4,0.9,0.8975555555555556,0.8478262222711004
60,stat,LR,RF,0,0.900990099009901,0.8975526124040973,0.8484615099719752
60,stat,LR,XGB,0,0.8811881188118812,0.8801700338101035,0.814330382787148
60,stat,LR,LR,0,0.8811881188118812,0.8789092483909025,0.814366899624981
60,stat,LR,SVM_RBF,0,0.9306930693069307,0.9294472581498244,0.8936557530743188
60,stat,LR,SVM_Lin,0,0.9108910891089109,0.909193226073384,0.8613112558598007
60,stat,LR,GBM,0,0.8910891089108911,0.8897815458659999,0.8309430686480508
60,stat,LR,RF,1,0.8712871287128713,0.8691247405283515,0.7988037857437845
60,stat,LR,XGB,1,0.8118811881188119,0.8080504668407821,0.7053338518933281
60,stat,LR,LR,1,0.8514851485148515,0.8494942504707268,0.7764641395208006
60,stat,LR,SVM_RBF,1,0.8514851485148515,0.8499262370952666,0.7685465461510167
60,stat,LR,SVM_Lin,1,0.8316831683168316,0.8303791382361759,0.7438060478571016
60,stat,LR,GBM,1,0.801980198019802,0.8015171101041237,0.6908155591894101
60,stat,LR,RF,2,0.900990099009901,0.8955064737242955,0.849208140313144
60,stat,LR,XGB,2,0.8712871287128713,0.8663138017866594,0.7990732434559981
60,stat,LR,LR,2,0.8712871287128713,0.871301532444518,0.7995824918811705
60,stat,LR,SVM_RBF,2,0.900990099009901,0.8984266229208115,0.8498758744079351
60,stat,LR,SVM_Lin,2,0.8217821782178217,0.8236786605489816,0.7257947592681194
60,stat,LR,GBM,2,0.8415841584158416,0.8353240855632668,0.7528822694840165
60,stat,LR,RF,3,0.8811881188118812,0.8745054252260669,0.8200566704569425
60,stat,LR,XGB,3,0.8811881188118812,0.8766550063180462,0.8151726141623061
60,stat,LR,LR,3,0.9108910891089109,0.9094059405940593,0.8616098086924106
60,stat,LR,SVM_RBF,3,0.9207920792079208,0.9188559269460781,0.8770517619423804
60,stat,LR,SVM_Lin,3,0.8910891089108911,0.8908999921443804,0.8302016220989286
60,stat,LR,GBM,3,0.8613861386138614,0.8558985310295736,0.7873570533474369
60,stat,LR,RF,4,0.8,0.7967551020408163,0.7011355315769848
60,stat,LR,XGB,4,0.85,0.8493433208489388,0.7668611519449952
60,stat,LR,LR,4,0.87,0.8709231703613726,0.7993229214087225
60,stat,LR,SVM_RBF,4,0.89,0.8899925093632959,0.8306599166658766
60,stat,LR,SVM_Lin,4,0.84,0.8410584795321637,0.754080316417342
60,stat,LR,GBM,4,0.84,0.837938817938818,0.7530256853340179
60,stat,EN,RF,0,0.9306930693069307,0.9299964738501333,0.8926455619684454
60,stat,EN,XGB,0,0.9306930693069307,0.9307455944533446,0.8923390349739507
60,stat,EN,LR,0,0.900990099009901,0.901163631455648,0.8458463536701891
60,stat,EN,SVM_RBF,0,0.900990099009901,0.9007793420576162,0.8473422102247437
60,stat,EN,SVM_Lin,0,0.900990099009901,0.901163631455648,0.8458463536701891
60,stat,EN,GBM,0,0.900990099009901,0.9011559050641906,0.8460408682135536
60,stat,EN,RF,1,0.9405940594059405,0.9408340493720387,0.907580400517942
60,stat,EN,XGB,1,0.900990099009901,0.9001765561171502,0.8485725296400107
60,stat,EN,LR,1,0.900990099009901,0.9003300330033004,0.848499435985646
60,stat,EN,SVM_RBF,1,0.9108910891089109,0.9108043334453927,0.8614798766445432
60,stat,EN,SVM_Lin,1,0.8910891089108911,0.8912677150067948,0.8304569399065119
60,stat,EN,GBM,1,0.9207920792079208,0.9207920792079208,0.8766788766788767
60,stat,EN,RF,2,0.9207920792079208,0.9172392021810877,0.8820946732338308
60,stat,EN,XGB,2,0.9207920792079208,0.916202535181287,0.8788260201154741
60,stat,EN,LR,2,0.9405940594059405,0.9376237623762377,0.9110909616999636
60,stat,EN,SVM_RBF,2,0.9504950495049505,0.9502924775236145,0.9234035328840178
60,stat,EN,SVM_Lin,2,0.9108910891089109,0.9096419805480326,0.867227060779718
60,stat,EN,GBM,2,0.8910891089108911,0.8875113380063875,0.8306316405917967
60,stat,EN,RF,3,0.9207920792079208,0.9179311535804743,0.8786124765257564
60,stat,EN,XGB,3,0.8811881188118812,0.880444424532951,0.814655396221271
60,stat,EN,LR,3,0.8811881188118812,0.8802502172598675,0.8144563361028008
60,stat,EN,SVM_RBF,3,0.900990099009901,0.9002610482308644,0.8465493039604742
60,stat,EN,SVM_Lin,3,0.8613861386138614,0.8604408788492068,0.7837448023719669
60,stat,EN,GBM,3,0.9207920792079208,0.9185418541854187,0.8796738840594172
60,stat,EN,RF,4,0.89,0.8903527145780668,0.8346908018636838
60,stat,EN,XGB,4,0.87,0.8716616553252098,0.8025653382112291
60,stat,EN,LR,4,0.92,0.9198465767532733,0.8778136993151205
60,stat,EN,SVM_RBF,4,0.94,0.939382682539067,0.9082525789309159
60,stat,EN,SVM_Lin,4,0.9,0.9008324213406292,0.8484954923120523
60,stat,EN,GBM,4,0.85,0.850487012987013,0.7727622396439623
60,FST,RF,RF,0,0.8910891089108911,0.8848649403994818,0.8337823019904956
60,FST,RF,XGB,0,0.8811881188118812,0.8749564362120967,0.81659287865166
60,FST,RF,LR,0,0.9108910891089109,0.9076059752239134,0.8622803273877258
60,FST,RF,SVM_RBF,0,0.8910891089108911,0.8885243946081355,0.8336129628816097
60,FST,RF,SVM_Lin,0,0.9306930693069307,0.928916575868113,0.8930086921543207
60,FST,RF,GBM,0,0.8811881188118812,0.8789724503881142,0.8148747945977016
60,FST,RF,RF,1,0.8910891089108911,0.8908034745169021,0.8310640948978417
60,FST,RF,XGB,1,0.8910891089108911,0.8908034745169021,0.8310640948978417
60,FST,RF,LR,1,0.900990099009901,0.9011559050641906,0.8460408682135536
60,FST,RF,SVM_RBF,1,0.900990099009901,0.9014474420415014,0.8462635785696112
60,FST,RF,SVM_Lin,1,0.900990099009901,0.9013170993786844,0.8456546309166502
60,FST,RF,GBM,1,0.900990099009901,0.9007458044860018,0.8459057596703584
60,FST,RF,RF,2,0.9207920792079208,0.9196915105310823,0.8784684379871365
60,FST,RF,XGB,2,0.8712871287128713,0.8674053591545342,0.8001787553756462
60,FST,RF,LR,2,0.900990099009901,0.900290404274949,0.8465529336503368
60,FST,RF,SVM_RBF,2,0.9108910891089109,0.9102583126144165,0.8613856899124341
60,FST,RF,SVM_Lin,2,0.9108910891089109,0.9108910891089109,0.8612637362637363
60,FST,RF,GBM,2,0.8514851485148515,0.8483471900115512,0.7678102553497861
60,FST,RF,RF,3,0.9306930693069307,0.9273716325120884,0.8943632504215855
60,FST,RF,XGB,3,0.9207920792079208,0.9202555892445613,0.8768961929271807
60,FST,RF,LR,3,0.9207920792079208,0.9202440461940147,0.8771550373830463
60,FST,RF,SVM_RBF,3,0.9108910891089109,0.9113211773666055,0.8613524422021726
60,FST,RF,SVM_Lin,3,0.9108910891089109,0.9099038108939099,0.8614723976621328
60,FST,RF,GBM,3,0.900990099009901,0.8988677991750713,0.8470431806657254
60,FST,RF,RF,4,0.91,0.9107743654966259,0.8635749104499056
60,FST,RF,XGB,4,0.87,0.8713254288016578,0.8001888234092147
60,FST,RF,LR,4,0.92,0.9205292397660818,0.8812439448182429
60,FST,RF,SVM_RBF,4,0.94,0.9399104658197217,0.9082802112427057
60,FST,RF,SVM_Lin,4,0.86,0.860999662276258,0.7922532944045446
60,FST,RF,GBM,4,0.88,0.8801366535074401,0.8152235166227412
60,FST,LR,RF,0,0.7722772277227723,0.7627062706270626,0.6423034735145964
60,FST,LR,XGB,0,0.7326732673267327,0.7300124321375226,0.5856082239725791
60,FST,LR,LR,0,0.7227722772277227,0.733054486321813,0.5832598768871473
60,FST,LR,SVM_RBF,0,0.7920792079207921,0.7867118290776446,0.674608531819265
60,FST,LR,SVM_Lin,0,0.7029702970297029,0.7037859011454521,0.5391077915763539
60,FST,LR,GBM,0,0.7128712871287128,0.7064095883272539,0.5496752992476477
60,FST,LR,RF,1,0.7623762376237624,0.7617906022025912,0.628914437312129
60,FST,LR,XGB,1,0.7227722772277227,0.7191038334602692,0.5664818526803878
60,FST,LR,LR,1,0.7425742574257426,0.746842046523493,0.6052583846669813
60,FST,LR,SVM_RBF,1,0.7425742574257426,0.7456545654565456,0.6038651650574027
60,FST,LR,SVM_Lin,1,0.7128712871287128,0.7182595940753497,0.5594787315081956
60,FST,LR,GBM,1,0.7128712871287128,0.7102892277970762,0.5576461986589254
60,FST,LR,RF,2,0.8514851485148515,0.8498004811295838,0.7699113484856078
60,FST,LR,XGB,2,0.8316831683168316,0.8312286034916261,0.7372170476474884
60,FST,LR,LR,2,0.8118811881188119,0.8129734419225055,0.7091340428320422
60,FST,LR,SVM_RBF,2,0.8613861386138614,0.8612189318761712,0.7837288613153585
60,FST,LR,SVM_Lin,2,0.7128712871287128,0.7165083464868226,0.5594787315081956
60,FST,LR,GBM,2,0.8415841584158416,0.8404446747195728,0.7522803121258865
60,FST,LR,RF,3,0.7029702970297029,0.6853947088257212,0.5363242616548236
60,FST,LR,XGB,3,0.7920792079207921,0.785851257539547,0.6740744751964581
60,FST,LR,LR,3,0.8118811881188119,0.8116091325094227,0.7066859622456404
60,FST,LR,SVM_RBF,3,0.801980198019802,0.8003541083671313,0.6899431371745941
60,FST,LR,SVM_Lin,3,0.7920792079207921,0.7918974567546614,0.6761222268364305
60,FST,LR,GBM,3,0.7920792079207921,0.7862523414503614,0.6738618104302131
60,FST,LR,RF,4,0.73,0.7223715671835744,0.5866401632176262
60,FST,LR,XGB,4,0.75,0.7503007518796992,0.6093901489390066
60,FST,LR,LR,4,0.78,0.7837242869360381,0.6622452620164982
60,FST,LR,SVM_RBF,4,0.75,0.7486653762515831,0.609502208634589
60,FST,LR,SVM_Lin,4,0.79,0.7925131382673551,0.6743494820224899
60,FST,LR,GBM,4,0.69,0.687433552327795,0.514719823599044
60,FST,EN,RF,0,0.8811881188118812,0.8790931267039748,0.8183781976417572
60,FST,EN,XGB,0,0.8910891089108911,0.8895431001735592,0.830286658806244
60,FST,EN,LR,0,0.8910891089108911,0.8908154230057151,0.831959079755702
60,FST,EN,SVM_RBF,0,0.9108910891089109,0.909193226073384,0.8613112558598007
60,FST,EN,SVM_Lin,0,0.8316831683168316,0.8292079207920792,0.7392252230016113
60,FST,EN,GBM,0,0.8811881188118812,0.8775992983913776,0.8153850726435194
60,FST,EN,RF,1,0.8712871287128713,0.8693069306930693,0.8015139667237311
60,FST,EN,XGB,1,0.8514851485148515,0.8508663953166298,0.7689460254028483
60,FST,EN,LR,1,0.9108910891089109,0.9106626047220108,0.861083119697641
60,FST,EN,SVM_RBF,1,0.9108910891089109,0.9110530278278904,0.8609543502023639
60,FST,EN,SVM_Lin,1,0.8811881188118812,0.8810321440538836,0.8146917461160043
60,FST,EN,GBM,1,0.8613861386138614,0.861035833313061,0.7840111230448256
60,FST,EN,RF,2,0.9207920792079208,0.9188404451023271,0.87700684527134
60,FST,EN,XGB,2,0.900990099009901,0.8995669308816904,0.8454030055249593
60,FST,EN,LR,2,0.9207920792079208,0.9179812844847889,0.8788260201154741
60,FST,EN,SVM_RBF,2,0.9207920792079208,0.9194533995110657,0.877067099002778
60,FST,EN,SVM_Lin,2,0.8811881188118812,0.8792335916443675,0.8142573905120025
60,FST,EN,GBM,2,0.8811881188118812,0.8785044293903074,0.8151584184623343
60,FST,EN,RF,3,0.9207920792079208,0.9176147026467352,0.8785041366420439
60,FST,EN,XGB,3,0.900990099009901,0.8965120041415906,0.8470176505523184
60,FST,EN,LR,3,0.9207920792079208,0.9176147026467352,0.8785041366420439
60,FST,EN,SVM_RBF,3,0.9405940594059405,0.9394643787687039,0.9082756702808297
60,FST,EN,SVM_Lin,3,0.9108910891089109,0.9096137197185538,0.8620029102324288
60,FST,EN,GBM,3,0.900990099009901,0.8977008455259651,0.8490236370921864
60,FST,EN,RF,4,0.91,0.9104312177345887,0.8629253022647975
60,FST,EN,XGB,4,0.9,0.9006845557543233,0.844779222399389
60,FST,EN,LR,4,0.91,0.9100542005420054,0.8599293857105954
60,FST,EN,SVM_RBF,4,0.9,0.9,0.8437011566114411
60,FST,EN,SVM_Lin,4,0.91,0.9102174933500234,0.859421517553284
60,FST,EN,GBM,4,0.9,0.8999571603427173,0.8441993644339493
60,fst_stat,RF,RF,0,0.8712871287128713,0.8661539683380102,0.8012473937069161
60,fst_stat,RF,XGB,0,0.9108910891089109,0.908754559666493,0.8620083806766907
60,fst_stat,RF,LR,0,0.900990099009901,0.9014489999983899,0.8454030055249593
60,fst_stat,RF,SVM_RBF,0,0.9108910891089109,0.909590263636013,0.8618553497096394
60,fst_stat,RF,SVM_Lin,0,0.8514851485148515,0.8519362261477478,0.7682303842217828
60,fst_stat,RF,GBM,0,0.8811881188118812,0.8776203482417207,0.8162287919345974
60,fst_stat,RF,RF,1,0.8613861386138614,0.8562779682223542,0.7897389520774706
60,fst_stat,RF,XGB,1,0.8613861386138614,0.8606014447598607,0.7838439419131497
60,fst_stat,RF,LR,1,0.9108910891089109,0.9115257679614116,0.8646525722654946
60,fst_stat,RF,SVM_RBF,1,0.9108910891089109,0.9112850277070148,0.8611642710402361
60,fst_stat,RF,SVM_Lin,1,0.8910891089108911,0.8918475054439355,0.833926427921106
60,fst_stat,RF,GBM,1,0.8613861386138614,0.8616823220783616,0.7861749394484431
60,fst_stat,RF,RF,2,0.8811881188118812,0.8782265411478896,0.8153336838062597
60,fst_stat,RF,XGB,2,0.8514851485148515,0.8510305836896459,0.7681513732862073
60,fst_stat,RF,LR,2,0.8514851485148515,0.8496748409018118,0.7702517969148749
60,fst_stat,RF,SVM_RBF,2,0.9306930693069307,0.9306209410517964,0.8925786918958205
60,fst_stat,RF,SVM_Lin,2,0.8118811881188119,0.8097134607975565,0.708619448736303
60,fst_stat,RF,GBM,2,0.8217821782178217,0.8218155148848219,0.7252440726355452
60,fst_stat,RF,RF,3,0.900990099009901,0.8976227369572402,0.8487032287803556
60,fst_stat,RF,XGB,3,0.8712871287128713,0.867905169329132,0.801612254482726
60,fst_stat,RF,LR,3,0.8910891089108911,0.8885785849853043,0.833219842889033
60,fst_stat,RF,SVM_RBF,3,0.900990099009901,0.8985293266168721,0.8502136810789046
60,fst_stat,RF,SVM_Lin,3,0.8811881188118812,0.876515626246169,0.8170141248591667
60,fst_stat,RF,GBM,3,0.8712871287128713,0.8654365436543654,0.8007688553826843
60,fst_stat,RF,RF,4,0.92,0.9206270105722161,0.8805041729072783
60,fst_stat,RF,XGB,4,0.87,0.8709851932105453,0.8029715998168024
60,fst_stat,RF,LR,4,0.87,0.8709851932105453,0.8029715998168024
60,fst_stat,RF,SVM_RBF,4,0.9,0.8999235224235224,0.8505261790578859
60,fst_stat,RF,SVM_Lin,4,0.87,0.8709851932105453,0.8029715998168024
60,fst_stat,RF,GBM,4,0.84,0.8388091860857818,0.7599032211336363
60,fst_stat,LR,RF,0,0.801980198019802,0.7954028701249856,0.6928995196758609
60,fst_stat,LR,XGB,0,0.7920792079207921,0.7897771309263207,0.6759506177678747
60,fst_stat,LR,LR,0,0.8118811881188119,0.8114782408473405,0.7056739559656492
60,fst_stat,LR,SVM_RBF,0,0.8415841584158416,0.8402640264026402,0.7529806745321006
60,fst_stat,LR,SVM_Lin,0,0.8118811881188119,0.8077144793130998,0.7051554921275175
60,fst_stat,LR,GBM,0,0.7920792079207921,0.7893978645581345,0.6737938780796537
60,fst_stat,LR,RF,1,0.8514851485148515,0.8505204366590505,0.768051140639561
60,fst_stat,LR,XGB,1,0.801980198019802,0.800520597337241,0.697023425184885
60,fst_stat,LR,LR,1,0.8118811881188119,0.8119580250707997,0.7094199885670691
60,fst_stat,LR,SVM_RBF,1,0.8217821782178217,0.8214462441745882,0.7223093858040145
60,fst_stat,LR,SVM_Lin,1,0.7722772277227723,0.7729302008676935,0.649108075812477
60,fst_stat,LR,GBM,1,0.7920792079207921,0.7889321884133493,0.6861206038480804
60,fst_stat,LR,RF,2,0.8415841584158416,0.8425397912159205,0.7560788340344908
60,fst_stat,LR,XGB,2,0.801980198019802,0.8034470113678035,0.695603016655494
60,fst_stat,LR,LR,2,0.8316831683168316,0.8329760050944658,0.739928481526281
60,fst_stat,LR,SVM_RBF,2,0.8217821782178217,0.8209549982396791,0.7206732225246905
60,fst_stat,LR,SVM_Lin,2,0.7821782178217822,0.7858809136727627,0.6634191138880708
60,fst_stat,LR,GBM,2,0.7920792079207921,0.7920792079207921,0.6762820512820513
60,fst_stat,LR,RF,3,0.8316831683168316,0.8209487331711894,0.7450793343232808
60,fst_stat,LR,XGB,3,0.8118811881188119,0.8009317415258009,0.7087240176456132
60,fst_stat,LR,LR,3,0.8118811881188119,0.8044379631761626,0.7055918994804607
60,fst_stat,LR,SVM_RBF,3,0.7920792079207921,0.7851213268535822,0.6742877624621665
60,fst_stat,LR,SVM_Lin,3,0.801980198019802,0.7970491166763735,0.6895852201036909
60,fst_stat,LR,GBM,3,0.7920792079207921,0.7825577152309826,0.6821610873949535
60,fst_stat,LR,RF,4,0.78,0.7767349488998974,0.6661815135064322
60,fst_stat,LR,XGB,4,0.82,0.8234285714285715,0.7252876488174158
60,fst_stat,LR,LR,4,0.85,0.8529446446118573,0.7717642229032915
60,fst_stat,LR,SVM_RBF,4,0.87,0.8683697478991595,0.8009762434974421
60,fst_stat,LR,SVM_Lin,4,0.84,0.8436018826135105,0.7543750368347195
60,fst_stat,LR,GBM,4,0.81,0.815073587237389,0.713735609198418
60,fst_stat,EN,RF,0,0.8415841584158416,0.8367706335850977,0.7554808677683147
60,fst_stat,EN,XGB,0,0.8811881188118812,0.8806000366346274,0.8147298059664233
60,fst_stat,EN,LR,0,0.8712871287128713,0.8716820319047688,0.7990856989249262
60,fst_stat,EN,SVM_RBF,0,0.8514851485148515,0.8520758798568931,0.7677928297912019
60,fst_stat,EN,SVM_Lin,0,0.8811881188118812,0.8815795533041676,0.8143455932707492
60,fst_stat,EN,GBM,0,0.8316831683168316,0.8296764639362233,0.7365687437327493
60,fst_stat,EN,RF,1,0.9306930693069307,0.9310629338795949,0.8923207944000032
60,fst_stat,EN,XGB,1,0.9108910891089109,0.9107744262798374,0.8617565155763346
60,fst_stat,EN,LR,1,0.8811881188118812,0.8807546795955393,0.8157414575066668
60,fst_stat,EN,SVM_RBF,1,0.9108910891089109,0.9107205672353964,0.8621891905572712
60,fst_stat,EN,SVM_Lin,1,0.900990099009901,0.9013170993786844,0.8456546309166502
60,fst_stat,EN,GBM,1,0.9207920792079208,0.9209698012786635,0.8776649260221437
60,fst_stat,EN,RF,2,0.8712871287128713,0.861061882585774,0.8036624512104952
60,fst_stat,EN,XGB,2,0.8712871287128713,0.8672840968307357,0.7990730442727866
60,fst_stat,EN,LR,2,0.8811881188118812,0.8784463061690784,0.8174120245868687
60,fst_stat,EN,SVM_RBF,2,0.8712871287128713,0.87005238985437,0.7996145072783345
60,fst_stat,EN,SVM_Lin,2,0.8712871287128713,0.8690601234036447,0.8024490787437388
60,fst_stat,EN,GBM,2,0.8415841584158416,0.8375633378507861,0.7557571857149544
60,fst_stat,EN,RF,3,0.8712871287128713,0.8703629212092961,0.80745819169203
60,fst_stat,EN,XGB,3,0.9108910891089109,0.9086891884299735,0.8632384687466953
60,fst_stat,EN,LR,3,0.9108910891089109,0.9110265486970308,0.86261913599811
60,fst_stat,EN,SVM_RBF,3,0.9306930693069307,0.9307891202201114,0.8922960507338291
60,fst_stat,EN,SVM_Lin,3,0.8910891089108911,0.8903454146319609,0.8302210782149049
60,fst_stat,EN,GBM,3,0.9108910891089109,0.9113208541433683,0.8646490301402321
60,fst_stat,EN,RF,4,0.86,0.8602799227799227,0.7866128836186309
60,fst_stat,EN,XGB,4,0.87,0.8689170197464756,0.8046281858446265
60,fst_stat,EN,LR,4,0.91,0.9108641001744451,0.8615579165217284
60,fst_stat,EN,SVM_RBF,4,0.9,0.9007490624595889,0.8462669855143408
60,fst_stat,EN,SVM_Lin,4,0.92,0.9206194394752535,0.8762362777857002
60,fst_stat,EN,GBM,4,0.87,0.8707962129195005,0.799754199496977
65,stat,RF,RF,0,0.9108910891089109,0.9079984204600113,0.8618553497096394
65,stat,RF,XGB,0,0.9108910891089109,0.9094331203747187,0.8615641628810978
65,stat,RF,LR,0,0.8910891089108911,0.8905873392769141,0.8299300135061773
65,stat,RF,SVM_RBF,0,0.9306930693069307,0.9294505921180354,0.892182469030963
65,stat,RF,SVM_Lin,0,0.900990099009901,0.9007616146230009,0.8455777898546276
65,stat,RF,GBM,0,0.8811881188118812,0.8797156638740797,0.8145671301686009
65,stat,RF,RF,1,0.8712871287128713,0.8711405608081798,0.8035831493255843
65,stat,RF,XGB,1,0.8514851485148515,0.8495062989445012,0.7683084113958654
65,stat,RF,LR,1,0.8712871287128713,0.8718583266959887,0.7995824918811705
65,stat,RF,SVM_RBF,1,0.8910891089108911,0.8914415840659028,0.8310926810702906
65,stat,RF,SVM_Lin,1,0.8811881188118812,0.8818605549161664,0.8157289663057504
65,stat,RF,GBM,1,0.8514851485148515,0.8516043052366907,0.7699113484856078
65,stat,RF,RF,2,0.9306930693069307,0.9273465808119272,0.8942378994694439
65,stat,RF,XGB,2,0.9108910891089109,0.9090034795334737,0.8610562412685702
65,stat,RF,LR,2,0.8514851485148515,0.8456358707766201,0.7688425358691007
65,stat,RF,SVM_RBF,2,0.9108910891089109,0.909493697619697,0.8613681285742345
65,stat,RF,SVM_Lin,2,0.8415841584158416,0.8352333967573973,0.7527814478820729
65,stat,RF,GBM,2,0.8613861386138614,0.8567632755841762,0.785367226277983
65,stat,RF,RF,3,0.900990099009901,0.8933019884266908,0.8521099691087038
65,stat,RF,XGB,3,0.900990099009901,0.892590691653435,0.8513034950152587
65,stat,RF,LR,3,0.900990099009901,0.8988677991750713,0.8470431806657254
65,stat,RF,SVM_RBF,3,0.9108910891089109,0.9092520006414767,0.8648274312953399
65,stat,RF,SVM_Lin,3,0.8613861386138614,0.8554541168402554,0.7869871208788876
65,stat,RF,GBM,3,0.8712871287128713,0.8662484351883465,0.8007083221991873
65,stat,RF,RF,4,0.91,0.9098161997614053,0.8645674457958343
65,stat,RF,XGB,4,0.92,0.9206194394752535,0.8762362777857002
65,stat,RF,LR,4,0.91,0.9096059925093632,0.8625592990263173
65,stat,RF,SVM_RBF,4,0.93,0.9295532435740513,0.8915199566107401
65,stat,RF,SVM_Lin,4,0.86,0.8609871241104118,0.7848838102386145
65,stat,RF,GBM,4,0.89,0.8890798663832372,0.8311241118367599
65,stat,LR,RF,0,0.9207920792079208,0.917895635717418,0.8784673341042589
65,stat,LR,XGB,0,0.8910891089108911,0.8898961963663783,0.8298301980184809
65,stat,LR,LR,0,0.9108910891089109,0.9105234130840139,0.8611642710402361
65,stat,LR,SVM_RBF,0,0.9306930693069307,0.9303574544326106,0.8936557530743188
65,stat,LR,SVM_Lin,0,0.8910891089108911,0.888579291974956,0.8300583595631096
65,stat,LR,GBM,0,0.900990099009901,0.900656228413539,0.8453946325007777
65,stat,LR,RF,1,0.8514851485148515,0.8509119414523207,0.7690313543766853
65,stat,LR,XGB,1,0.8415841584158416,0.8405774375346942,0.7528342003896796
65,stat,LR,LR,1,0.8415841584158416,0.8405576343587535,0.7600113768140276
65,stat,LR,SVM_RBF,1,0.8217821782178217,0.8195965629289078,0.7229213827417853
65,stat,LR,SVM_Lin,1,0.8415841584158416,0.8399758668831263,0.7560899284061255
65,stat,LR,GBM,1,0.8415841584158416,0.8420137947238681,0.7530808613552598
65,stat,LR,RF,2,0.9108910891089109,0.9050163328353296,0.8668817443662068
65,stat,LR,XGB,2,0.900990099009901,0.899126300566189,0.8466212397546178
65,stat,LR,LR,2,0.8811881188118812,0.8795556168117503,0.8171250984534564
65,stat,LR,SVM_RBF,2,0.9108910891089109,0.909094920871888,0.8631788446938748
65,stat,LR,SVM_Lin,2,0.8712871287128713,0.8717102479478718,0.8018704660118534
65,stat,LR,GBM,2,0.8811881188118812,0.8792054881163792,0.8149211919588807
65,stat,LR,RF,3,0.9108910891089109,0.9080282233310772,0.8620029102324288
65,stat,LR,XGB,3,0.8811881188118812,0.8781183069416426,0.8151726141623061
65,stat,LR,LR,3,0.8910891089108911,0.889574596940695,0.8300621440208324
65,stat,LR,SVM_RBF,3,0.9405940594059405,0.9394599009212369,0.9077922929254743
65,stat,LR,SVM_Lin,3,0.9108910891089109,0.9101307347449704,0.8609960171991302
65,stat,LR,GBM,3,0.8712871287128713,0.8654365436543654,0.8007688553826843
65,stat,LR,RF,4,0.86,0.8546824080749821,0.7923385351460437
65,stat,LR,XGB,4,0.87,0.8703640243113927,0.7987950154967076
65,stat,LR,LR,4,0.9,0.9007348377085219,0.8462669855143408
65,stat,LR,SVM_RBF,4,0.89,0.8903444188289923,0.8288158427396843
65,stat,LR,SVM_Lin,4,0.88,0.8794573643410852,0.8121061883200457
65,stat,LR,GBM,4,0.88,0.881173213385552,0.8144732728977806
65,stat,EN,RF,0,0.9108910891089109,0.9067173268752977,0.8638449054075519
65,stat,EN,XGB,0,0.9306930693069307,0.9304660782820363,0.892182469030963
65,stat,EN,LR,0,0.9207920792079208,0.9208162279642598,0.8778165944787147
65,stat,EN,SVM_RBF,0,0.9207920792079208,0.9202116375906926,0.8784684379871365
65,stat,EN,SVM_Lin,0,0.9108910891089109,0.9110344518614757,0.8610562412685702
65,stat,EN,GBM,0,0.9108910891089109,0.910049219316101,0.862524917081006
65,stat,EN,RF,1,0.9207920792079208,0.9207513085803355,0.8764955205594013
65,stat,EN,XGB,1,0.9207920792079208,0.920492973047406,0.8775528299796925
65,stat,EN,LR,1,0.9207920792079208,0.920492973047406,0.8775528299796925
65,stat,EN,SVM_RBF,1,0.900990099009901,0.9005780895729959,0.8468255511348498
65,stat,EN,SVM_Lin,1,0.8712871287128713,0.8710873889294226,0.8003688918124814
65,stat,EN,GBM,1,0.900990099009901,0.900232706197449,0.847358548910912
65,stat,EN,RF,2,0.9207920792079208,0.9165270373191166,0.8810042560394192
65,stat,EN,XGB,2,0.9108910891089109,0.9041808934566751,0.8638449054075519
65,stat,EN,LR,2,0.9405940594059405,0.9391633217375791,0.9105414571347972
65,stat,EN,SVM_RBF,2,0.9405940594059405,0.9405940594059405,0.9075091575091575
65,stat,EN,SVM_Lin,2,0.9108910891089109,0.9096419805480326,0.867227060779718
65,stat,EN,GBM,2,0.8514851485148515,0.8470195646706401,0.7676821903291775
65,stat,EN,RF,3,0.900990099009901,0.8960719601371903,0.8511797358418921
65,stat,EN,XGB,3,0.8910891089108911,0.8895358314955447,0.831339920524896
65,stat,EN,LR,3,0.8811881188118812,0.8808245573639372,0.815007924425509
65,stat,EN,SVM_RBF,3,0.9207920792079208,0.9201456611826596,0.8770517619423804
65,stat,EN,SVM_Lin,3,0.8613861386138614,0.8604408788492068,0.7837448023719669
65,stat,EN,GBM,3,0.9108910891089109,0.9092520006414767,0.8648274312953399
65,stat,EN,RF,4,0.92,0.9193021047634119,0.8814958396088717
65,stat,EN,XGB,4,0.86,0.8609871241104118,0.7848838102386145
65,stat,EN,LR,4,0.9,0.9007348377085219,0.8462669855143408
65,stat,EN,SVM_RBF,4,0.94,0.939836236933798,0.9074312414780479
65,stat,EN,SVM_Lin,4,0.86,0.8603867623604465,0.781731503196878
65,stat,EN,GBM,4,0.83,0.8321982137712475,0.7379527241176049
65,FST,RF,RF,0,0.8316831683168316,0.8157720045508826,0.7422239771548431
65,FST,RF,XGB,0,0.8811881188118812,0.8727802191983904,0.8171557850504189
65,FST,RF,LR,0,0.9207920792079208,0.919053274267017,0.87700684527134
65,FST,RF,SVM_RBF,0,0.8910891089108911,0.8891504535068893,0.8311556380087043
65,FST,RF,SVM_Lin,0,0.900990099009901,0.9000364968489754,0.8466212397546178
65,FST,RF,GBM,0,0.8514851485148515,0.8484938338928558,0.7717538609613753
65,FST,RF,RF,1,0.8811881188118812,0.8797469634603909,0.8156731008471262
65,FST,RF,XGB,1,0.900990099009901,0.9011559050641906,0.8460408682135536
65,FST,RF,LR,1,0.8712871287128713,0.8719700217624204,0.8037818303657146
65,FST,RF,SVM_RBF,1,0.900990099009901,0.9016358558932818,0.8460164274246467
65,FST,RF,SVM_Lin,1,0.8811881188118812,0.8819937185752715,0.8160624350483616
65,FST,RF,GBM,1,0.8910891089108911,0.8913325089314739,0.8300906951800235
65,FST,RF,RF,2,0.900990099009901,0.894738559836557,0.8490328592922661
65,FST,RF,XGB,2,0.8613861386138614,0.8581552892131319,0.78392511031943
65,FST,RF,LR,2,0.9306930693069307,0.930303534555136,0.8918929711137247
65,FST,RF,SVM_RBF,2,0.9306930693069307,0.930303534555136,0.8918929711137247
65,FST,RF,SVM_Lin,2,0.9108910891089109,0.9102708076192265,0.861524860534473
65,FST,RF,GBM,2,0.8811881188118812,0.8799870745043088,0.8150553545160573
65,FST,RF,RF,3,0.9306930693069307,0.9273716325120884,0.8943632504215855
65,FST,RF,XGB,3,0.9207920792079208,0.9202498821310703,0.8765935317657803
65,FST,RF,LR,3,0.9108910891089109,0.9113211773666055,0.8613524422021726
65,FST,RF,SVM_RBF,3,0.9207920792079208,0.9209059311829083,0.8766803073179165
65,FST,RF,SVM_Lin,3,0.900990099009901,0.9007425742574259,0.8456741019499676
65,FST,RF,GBM,3,0.9207920792079208,0.9180211561095,0.8790018181127079
65,FST,RF,RF,4,0.9,0.9007125603864733,0.8519152591451954
65,FST,RF,XGB,4,0.91,0.9105799698903148,0.8615579165217284
65,FST,RF,LR,4,0.92,0.9205292397660818,0.8812439448182429
65,FST,RF,SVM_RBF,4,0.94,0.9404380576748997,0.9095629455378517
65,FST,RF,SVM_Lin,4,0.91,0.9102958396061845,0.8615579165217284
65,FST,RF,GBM,4,0.88,0.8801351464365164,0.8178077577290807
65,FST,LR,RF,0,0.7623762376237624,0.7459674356182421,0.6270048781169277
65,FST,LR,XGB,0,0.7326732673267327,0.731930577023947,0.5872920606842998
65,FST,LR,LR,0,0.7227722772277227,0.7306226863287834,0.5831158067851606
65,FST,LR,SVM_RBF,0,0.7821782178217822,0.7783339445055617,0.6616626346750346
65,FST,LR,SVM_Lin,0,0.7029702970297029,0.7122232971737923,0.5529255578523369
65,FST,LR,GBM,0,0.7326732673267327,0.724907535682965,0.5825106661239716
65,FST,LR,RF,1,0.7920792079207921,0.789018027793068,0.6741021229536972
65,FST,LR,XGB,1,0.7524752475247525,0.7497929467743522,0.6155517694586891
65,FST,LR,LR,1,0.7524752475247525,0.7617084868570018,0.628761355439363
65,FST,LR,SVM_RBF,1,0.7524752475247525,0.7559222588925558,0.6191548069904179
65,FST,LR,SVM_Lin,1,0.7227722772277227,0.732964511294202,0.582745306694228
65,FST,LR,GBM,1,0.6732673267326733,0.6724505783911724,0.4990144599974775
65,FST,LR,RF,2,0.8613861386138614,0.8561879030100045,0.7876883615180126
65,FST,LR,XGB,2,0.8514851485148515,0.8506385619009017,0.7686681538401544
65,FST,LR,LR,2,0.8316831683168316,0.8334168948809775,0.744324360118112
65,FST,LR,SVM_RBF,2,0.8514851485148515,0.8517802368472142,0.7687492695511264
65,FST,LR,SVM_Lin,2,0.7722772277227723,0.7769792280077669,0.6585923118180901
65,FST,LR,GBM,2,0.8712871287128713,0.8697739942061433,0.7988178651218326
65,FST,LR,RF,3,0.7425742574257426,0.7338460389654816,0.6055890950485887
65,FST,LR,XGB,3,0.7821782178217822,0.7714618520675597,0.6597116883585266
65,FST,LR,LR,3,0.8316831683168316,0.8318799177680247,0.7382151802873994
65,FST,LR,SVM_RBF,3,0.7821782178217822,0.7788918046093907,0.6584848641003194
65,FST,LR,SVM_Lin,3,0.8118811881188119,0.8141439927125242,0.7096490936104363
65,FST,LR,GBM,3,0.801980198019802,0.7962620045788362,0.6923784387540125
65,FST,LR,RF,4,0.74,0.7360914568592645,0.5998220788701696
65,FST,LR,XGB,4,0.76,0.7599371464487744,0.6259849834215853
65,FST,LR,LR,4,0.77,0.7711518661518661,0.6436174861435958
65,FST,LR,SVM_RBF,4,0.76,0.7575482153660014,0.6239490146797718
65,FST,LR,SVM_Lin,4,0.72,0.7240635685772387,0.5703698168865988
65,FST,LR,GBM,4,0.69,0.6897493734335839,0.5154933617373106
65,FST,EN,RF,0,0.900990099009901,0.8976186849454175,0.8487210191870289
65,FST,EN,XGB,0,0.9405940594059405,0.9400156179201173,0.9080794490777208
65,FST,EN,LR,0,0.9207920792079208,0.9210838021471524,0.8794843175404083
65,FST,EN,SVM_RBF,0,0.9405940594059405,0.9401117034780401,0.907599109226681
65,FST,EN,SVM_Lin,0,0.8811881188118812,0.8812500386999301,0.8157414575066668
65,FST,EN,GBM,0,0.9207920792079208,0.919940862864567,0.8766193551497666
65,FST,EN,RF,1,0.900990099009901,0.9002168556624002,0.8463420892247127
65,FST,EN,XGB,1,0.8712871287128713,0.8706103949178821,0.7998299768661568
65,FST,EN,LR,1,0.9108910891089109,0.9106950580280408,0.8609543502023639
65,FST,EN,SVM_RBF,1,0.9306930693069307,0.9308448917180875,0.8922960507338291
65,FST,EN,SVM_Lin,1,0.8811881188118812,0.8806698752688655,0.8146917461160043
65,FST,EN,GBM,1,0.8811881188118812,0.8801237905543685,0.8142573905120025
65,FST,EN,RF,2,0.9108910891089109,0.9079207610055798,0.8613112558598007
65,FST,EN,XGB,2,0.9108910891089109,0.9094203850093232,0.8611642710402361
65,FST,EN,LR,2,0.9306930693069307,0.9288911516634288,0.8934734351234607
65,FST,EN,SVM_RBF,2,0.9207920792079208,0.9199074949511759,0.8763804534484093
65,FST,EN,SVM_Lin,2,0.8910891089108911,0.8887780922245712,0.8300906951800235
65,FST,EN,GBM,2,0.9207920792079208,0.919077884285974,0.8776172030248928
65,FST,EN,RF,3,0.900990099009901,0.8971150563332195,0.8481960148252108
65,FST,EN,XGB,3,0.9108910891089109,0.9080282233310772,0.8620029102324288
65,FST,EN,LR,3,0.9207920792079208,0.9200189875713124,0.8766803073179165
65,FST,EN,SVM_RBF,3,0.9306930693069307,0.9303084754106034,0.8919924876097921
65,FST,EN,SVM_Lin,3,0.8910891089108911,0.8888232145949093,0.8306460602653929
65,FST,EN,GBM,3,0.9108910891089109,0.9081063282730818,0.8678185750662644
65,FST,EN,RF,4,0.92,0.9206194394752535,0.8762362777857002
65,FST,EN,XGB,4,0.92,0.9205935600672445,0.8779149655260962
65,FST,EN,LR,4,0.94,0.9398052580331062,0.906087866570253
65,FST,EN,SVM_RBF,4,0.94,0.9398052580331062,0.906087866570253
65,FST,EN,SVM_Lin,4,0.93,0.9302268815521828,0.8906959541454705
65,FST,EN,GBM,4,0.92,0.9201002457002457,0.8774423389311186
65,fst_stat,RF,RF,0,0.9306930693069307,0.9295803186150021,0.8927630622627019
65,fst_stat,RF,XGB,0,0.9207920792079208,0.9197863904945606,0.8774506095289183
65,fst_stat,RF,LR,0,0.8910891089108911,0.8918244609606849,0.8299895071065215
65,fst_stat,RF,SVM_RBF,0,0.9306930693069307,0.9304660782820363,0.892182469030963
65,fst_stat,RF,SVM_Lin,0,0.8613861386138614,0.862038357681922,0.783588913875869
65,fst_stat,RF,GBM,0,0.9207920792079208,0.9201364256565002,0.8769377040081464
65,fst_stat,RF,RF,1,0.8613861386138614,0.8555830738353339,0.787601923396435
65,fst_stat,RF,XGB,1,0.8910891089108911,0.8895431001735592,0.830286658806244
65,fst_stat,RF,LR,1,0.900990099009901,0.9011512779184896,0.8453946325007777
65,fst_stat,RF,SVM_RBF,1,0.9108910891089109,0.9112850277070148,0.8611642710402361
65,fst_stat,RF,SVM_Lin,1,0.900990099009901,0.9014474420415014,0.8462635785696112
65,fst_stat,RF,GBM,1,0.8712871287128713,0.8716022795913544,0.7988147431728069
65,fst_stat,RF,RF,2,0.900990099009901,0.8990991937390025,0.8455768890733788
65,fst_stat,RF,XGB,2,0.8316831683168316,0.8311035981646945,0.7372170476474884
65,fst_stat,RF,LR,2,0.8613861386138614,0.858668642582516,0.7842294275241182
65,fst_stat,RF,SVM_RBF,2,0.9306930693069307,0.9304684341067497,0.8922960507338291
65,fst_stat,RF,SVM_Lin,2,0.8514851485148515,0.8496931141077909,0.7676775579813917
65,fst_stat,RF,GBM,2,0.8217821782178217,0.8229488065085578,0.7233578101595699
65,fst_stat,RF,RF,3,0.9207920792079208,0.9180211561095,0.8790018181127079
65,fst_stat,RF,XGB,3,0.9108910891089109,0.9087687892740812,0.8627464408065547
65,fst_stat,RF,LR,3,0.9207920792079208,0.9191013838225928,0.8818772436854567
65,fst_stat,RF,SVM_RBF,3,0.900990099009901,0.8977647764776477,0.848111872588724
65,fst_stat,RF,SVM_Lin,3,0.8910891089108911,0.8895358314955447,0.831339920524896
65,fst_stat,RF,GBM,3,0.8712871287128713,0.8686147533672286,0.8028277971021819
65,fst_stat,RF,RF,4,0.88,0.8806374416713044,0.8237392713032833
65,fst_stat,RF,XGB,4,0.89,0.8903654970760233,0.833557584167905
65,fst_stat,RF,LR,4,0.87,0.8703713631905852,0.8058342116180812
65,fst_stat,RF,SVM_RBF,4,0.91,0.9100029239766081,0.8653484912681303
65,fst_stat,RF,SVM_Lin,4,0.87,0.8700580923850978,0.8046409471503463
65,fst_stat,RF,GBM,4,0.89,0.8896014492753623,0.8358474496554709
65,fst_stat,LR,RF,0,0.8316831683168316,0.8286106961211585,0.7461964062064954
65,fst_stat,LR,XGB,0,0.8217821782178217,0.8151024921613608,0.721665718770036
65,fst_stat,LR,LR,0,0.801980198019802,0.8022316025430944,0.6904105121516884
65,fst_stat,LR,SVM_RBF,0,0.8118811881188119,0.8109390597503773,0.7078436050957873
65,fst_stat,LR,SVM_Lin,0,0.8514851485148515,0.8507086002717918,0.7676775579813917
65,fst_stat,LR,GBM,0,0.7821782178217822,0.7792840822543792,0.6584314459554924
65,fst_stat,LR,RF,1,0.8316831683168316,0.8314700910550165,0.7372170476474884
65,fst_stat,LR,XGB,1,0.8118811881188119,0.8109453253017611,0.7106339692961678
65,fst_stat,LR,LR,1,0.7920792079207921,0.7909336899918885,0.6770898148601522
65,fst_stat,LR,SVM_RBF,1,0.8316831683168316,0.8315450149666129,0.7367229951956777
65,fst_stat,LR,SVM_Lin,1,0.7920792079207921,0.7916379515757265,0.6778255174882146
65,fst_stat,LR,GBM,1,0.7821782178217822,0.7799609350037922,0.6695169065885571
65,fst_stat,LR,RF,2,0.8613861386138614,0.8628866613369411,0.7884447030477867
65,fst_stat,LR,XGB,2,0.8316831683168316,0.8330394485231656,0.7398009399958342
65,fst_stat,LR,LR,2,0.8415841584158416,0.8425894103575126,0.7562321210037518
65,fst_stat,LR,SVM_RBF,2,0.8613861386138614,0.8609909771464952,0.78374953043211
65,fst_stat,LR,SVM_Lin,2,0.8316831683168316,0.8327528134926111,0.7388000044779928
65,fst_stat,LR,GBM,2,0.8118811881188119,0.8129378089830365,0.7070573290006504
65,fst_stat,LR,RF,3,0.8613861386138614,0.8585101367279584,0.7882259221326108
65,fst_stat,LR,XGB,3,0.8514851485148515,0.8486859853733288,0.7678575240645319
65,fst_stat,LR,LR,3,0.8613861386138614,0.86103026617711,0.7845708278409397
65,fst_stat,LR,SVM_RBF,3,0.8415841584158416,0.8394680614927438,0.7546687956322811
65,fst_stat,LR,SVM_Lin,3,0.8118811881188119,0.8091628727545154,0.712063451928925
65,fst_stat,LR,GBM,3,0.8811881188118812,0.8814358787795155,0.8149455047153854
65,fst_stat,LR,RF,4,0.81,0.8058864169867692,0.7130635887888246
65,fst_stat,LR,XGB,4,0.81,0.8105714285714286,0.7125281792823464
65,fst_stat,LR,LR,4,0.84,0.8412013448855555,0.7513230454790744
65,fst_stat,LR,SVM_RBF,4,0.85,0.84635342185904,0.7664260342730761
65,fst_stat,LR,SVM_Lin,4,0.88,0.8801591187270502,0.8126523029827554
65,fst_stat,LR,GBM,4,0.84,0.8405891472868217,0.7504080562404551
65,fst_stat,EN,RF,0,0.8811881188118812,0.87439551408557,0.8197229790245554
65,fst_stat,EN,XGB,0,0.8613861386138614,0.8565655299707186,0.7844544019483464
65,fst_stat,EN,LR,0,0.8613861386138614,0.8608867854114288,0.7831790151180729
65,fst_stat,EN,SVM_RBF,0,0.8613861386138614,0.8616725204337454,0.7831117754990458
65,fst_stat,EN,SVM_Lin,0,0.8712871287128713,0.8711557128563535,0.7988037857437845
65,fst_stat,EN,GBM,0,0.8415841584158416,0.8402728513130007,0.7519261188213817
65,fst_stat,EN,RF,1,0.9207920792079208,0.9212944267399712,0.877389806332004
65,fst_stat,EN,XGB,1,0.900990099009901,0.9009742150685657,0.8453554181177786
65,fst_stat,EN,LR,1,0.900990099009901,0.9010522228693457,0.8458838574953583
65,fst_stat,EN,SVM_RBF,1,0.900990099009901,0.9009033433463828,0.8460717895999003
65,fst_stat,EN,SVM_Lin,1,0.8910891089108911,0.8910116484970356,0.8306637025552572
65,fst_stat,EN,GBM,1,0.8910891089108911,0.891935347380892,0.8332615191386741
65,fst_stat,EN,RF,2,0.8910891089108911,0.8856054836252856,0.8333100824500064
65,fst_stat,EN,XGB,2,0.8712871287128713,0.8672840968307357,0.7990730442727866
65,fst_stat,EN,LR,2,0.900990099009901,0.8981661644425313,0.850236435437794
65,fst_stat,EN,SVM_RBF,2,0.9108910891089109,0.910049219316101,0.862524917081006
65,fst_stat,EN,SVM_Lin,2,0.900990099009901,0.8981661644425313,0.850236435437794
65,fst_stat,EN,GBM,2,0.8613861386138614,0.8554629656514039,0.788535088500865
65,fst_stat,EN,RF,3,0.9306930693069307,0.9304073523764096,0.8938395931546594
65,fst_stat,EN,XGB,3,0.9207920792079208,0.9201456611826596,0.8770517619423804
65,fst_stat,EN,LR,3,0.9405940594059405,0.9408062234794908,0.9076043712433087
65,fst_stat,EN,SVM_RBF,3,0.9306930693069307,0.9302348169759572,0.8935391083662786
65,fst_stat,EN,SVM_Lin,3,0.900990099009901,0.8995372093600338,0.8458278536039312
65,fst_stat,EN,GBM,3,0.9108910891089109,0.9105293382919254,0.8645951987301459
65,fst_stat,EN,RF,4,0.86,0.8593333866837388,0.7952705969498604
65,fst_stat,EN,XGB,4,0.87,0.8689704944178629,0.8089686061100757
65,fst_stat,EN,LR,4,0.93,0.9299305867665418,0.8944586813867581
65,fst_stat,EN,SVM_RBF,4,0.91,0.9094415814817944,0.8624818489794751
65,fst_stat,EN,SVM_Lin,4,0.91,0.9104312177345887,0.8629253022647975
65,fst_stat,EN,GBM,4,0.85,0.8506917293233083,0.777643845654962
70,stat,RF,RF,0,0.9207920792079208,0.9188403446313937,0.8769377040081464
70,stat,RF,XGB,0,0.9207920792079208,0.9197863904945606,0.8774506095289183
70,stat,RF,LR,0,0.9207920792079208,0.9198261289543589,0.8778165944787147
70,stat,RF,SVM_RBF,0,0.9306930693069307,0.9294505921180354,0.892182469030963
70,stat,RF,SVM_Lin,0,0.8613861386138614,0.8611740434023927,0.7836132582626575
70,stat,RF,GBM,0,0.9306930693069307,0.930303534555136,0.8918929711137247
70,stat,RF,RF,1,0.900990099009901,0.9011559050641906,0.8460408682135536
70,stat,RF,XGB,1,0.8415841584158416,0.8395993445498396,0.7523028111827799
70,stat,RF,LR,1,0.8910891089108911,0.891126042302939,0.830020024563645
70,stat,RF,SVM_RBF,1,0.8910891089108911,0.8914415840659028,0.8310926810702906
70,stat,RF,SVM_Lin,1,0.9108910891089109,0.9112624353154293,0.861584665915718
70,stat,RF,GBM,1,0.8910891089108911,0.8919356043619032,0.8310926810702906
70,stat,RF,RF,2,0.9108910891089109,0.9063245565062835,0.8636367871140299
70,stat,RF,XGB,2,0.9108910891089109,0.9090034795334737,0.8610562412685702
70,stat,RF,LR,2,0.8514851485148515,0.8454077115028575,0.7695888114866957
70,stat,RF,SVM_RBF,2,0.9108910891089109,0.909590263636013,0.8618553497096394
70,stat,RF,SVM_Lin,2,0.8514851485148515,0.8454077115028575,0.7695888114866957
70,stat,RF,GBM,2,0.8811881188118812,0.8756049134325198,0.8171557850504189
70,stat,RF,RF,3,0.900990099009901,0.8953637965886494,0.8502442052134532
70,stat,RF,XGB,3,0.8811881188118812,0.8762549105194237,0.8159484206486572
70,stat,RF,LR,3,0.900990099009901,0.8988677991750713,0.8470431806657254
70,stat,RF,SVM_RBF,3,0.9207920792079208,0.9194771882728934,0.8779259937586422
70,stat,RF,SVM_Lin,3,0.8811881188118812,0.8798274434651139,0.8155957043449692
70,stat,RF,GBM,3,0.8811881188118812,0.8782796272283288,0.815007924425509
70,stat,RF,RF,4,0.91,0.9098161997614053,0.8645674457958343
70,stat,RF,XGB,4,0.91,0.9100328640800509,0.8605044622288712
70,stat,RF,LR,4,0.9,0.9006006006006007,0.8480869713351514
70,stat,RF,SVM_RBF,4,0.92,0.9191307814992026,0.8772587744632989
70,stat,RF,SVM_Lin,4,0.89,0.8908200779433656,0.8338306369949325
70,stat,RF,GBM,4,0.92,0.9202522522522523,0.8800540641106942
70,stat,LR,RF,0,0.9108910891089109,0.9083229038485907,0.8613681285742345
70,stat,LR,XGB,0,0.8910891089108911,0.8898961963663783,0.8298301980184809
70,stat,LR,LR,0,0.9306930693069307,0.9299839798303438,0.8923390349739507
70,stat,LR,SVM_RBF,0,0.9207920792079208,0.9200019414157107,0.876548620537916
70,stat,LR,SVM_Lin,0,0.9108910891089109,0.9082485171594082,0.8626967687390741
70,stat,LR,GBM,0,0.8514851485148515,0.8514268652215031,0.768567272662023
70,stat,LR,RF,1,0.8514851485148515,0.8501266405710338,0.7677720344257063
70,stat,LR,XGB,1,0.8415841584158416,0.839558783376421,0.7519661604860891
70,stat,LR,LR,1,0.8514851485148515,0.8505326382369901,0.7706158149899675
70,stat,LR,SVM_RBF,1,0.8415841584158416,0.8404559060557218,0.752247514810692
70,stat,LR,SVM_Lin,1,0.8514851485148515,0.8519286145482019,0.7704678371596262
70,stat,LR,GBM,1,0.8514851485148515,0.8520592524368715,0.7694907119651582
70,stat,LR,RF,2,0.9306930693069307,0.9297461970729297,0.8958777011477386
70,stat,LR,XGB,2,0.8910891089108911,0.8909556729921433,0.8301731885163273
70,stat,LR,LR,2,0.900990099009901,0.8998539967794787,0.8474733748120371
70,stat,LR,SVM_RBF,2,0.9207920792079208,0.9200381204550042,0.8788843145757126
70,stat,LR,SVM_Lin,2,0.8811881188118812,0.8811109140418784,0.8163811569094046
70,stat,LR,GBM,2,0.8712871287128713,0.8679521798333679,0.7996145072783345
70,stat,LR,RF,3,0.9108910891089109,0.9069136944248768,0.8632384687466953
70,stat,LR,XGB,3,0.8910891089108911,0.8899529940793378,0.8299995467884682
70,stat,LR,LR,3,0.900990099009901,0.8995372093600338,0.8458278536039312
70,stat,LR,SVM_RBF,3,0.9405940594059405,0.9398514851485149,0.9076574722670553
70,stat,LR,SVM_Lin,3,0.8811881188118812,0.8802502172598675,0.8144563361028008
70,stat,LR,GBM,3,0.8712871287128713,0.8704954757855873,0.7999469265830311
70,stat,LR,RF,4,0.86,0.8583783783783784,0.7851719259032396
70,stat,LR,XGB,4,0.87,0.8696679151061173,0.7987605343054358
70,stat,LR,LR,4,0.86,0.8603146853146854,0.7807660727515663
70,stat,LR,SVM_RBF,4,0.9,0.8999738790436465,0.8438933870134591
70,stat,LR,SVM_Lin,4,0.85,0.8500582750582751,0.7650722823444996
70,stat,LR,GBM,4,0.83,0.8315206452389551,0.7395331957230397
70,stat,EN,RF,0,0.9108910891089109,0.9067173268752977,0.8638449054075519
70,stat,EN,XGB,0,0.9306930693069307,0.9304660782820363,0.892182469030963
70,stat,EN,LR,0,0.9306930693069307,0.9295803186150021,0.8927630622627019
70,stat,EN,SVM_RBF,0,0.900990099009901,0.8994065552062814,0.8473422102247437
70,stat,EN,SVM_Lin,0,0.9207920792079208,0.9194402065689193,0.8777629864905447
70,stat,EN,GBM,0,0.8910891089108911,0.8908034745169021,0.8310640948978417
70,stat,EN,RF,1,0.9108910891089109,0.9112850277070148,0.8611642710402361
70,stat,EN,XGB,1,0.9207920792079208,0.9210586443259711,0.8765884495406543
70,stat,EN,LR,1,0.9306930693069307,0.9309164285175551,0.8922915352698607
70,stat,EN,SVM_RBF,1,0.9207920792079208,0.9200235408156202,0.8792255430497536
70,stat,EN,SVM_Lin,1,0.900990099009901,0.900232706197449,0.847358548910912
70,stat,EN,GBM,1,0.9108910891089109,0.9112945153912809,0.8609543502023639
70,stat,EN,RF,2,0.9108910891089109,0.9067935364965066,0.8643338219755258
70,stat,EN,XGB,2,0.9306930693069307,0.9277227722772278,0.8952799329831773
70,stat,EN,LR,2,0.9504950495049505,0.950475621740501,0.9248807936826922
70,stat,EN,SVM_RBF,2,0.9603960396039604,0.9606754163788471,0.938644685252315
70,stat,EN,SVM_Lin,2,0.9306930693069307,0.9306639665131174,0.8958146817332038
70,stat,EN,GBM,2,0.8811881188118812,0.8775992983913776,0.8153850726435194
70,stat,EN,RF,3,0.8811881188118812,0.8771500679479712,0.8192683945946645
70,stat,EN,XGB,3,0.8910891089108911,0.8901977598316323,0.8302971431081763
70,stat,EN,LR,3,0.9108910891089109,0.9101067609090825,0.8627464408065547
70,stat,EN,SVM_RBF,3,0.9108910891089109,0.9101067609090825,0.8627464408065547
70,stat,EN,SVM_Lin,3,0.8811881188118812,0.8802880288028803,0.8165498611180309
70,stat,EN,GBM,3,0.900990099009901,0.8999189392623472,0.8502136810789046
70,stat,EN,RF,4,0.88,0.8805737930344776,0.825743765826919
70,stat,EN,XGB,4,0.92,0.9202272727272728,0.8797101727471272
70,stat,EN,LR,4,0.9,0.900627215250503,0.8471049513914102
70,stat,EN,SVM_RBF,4,0.93,0.9297356237155376,0.89262269459206
70,stat,EN,SVM_Lin,4,0.9,0.9001378446115288,0.8441321169432463
70,stat,EN,GBM,4,0.84,0.8399899035791811,0.7575683570261925
70,FST,RF,RF,0,0.900990099009901,0.8967995533730588,0.8478003100808933
70,FST,RF,XGB,0,0.8910891089108911,0.8898753730000626,0.8300583595631096
70,FST,RF,LR,0,0.900990099009901,0.9008920855787939,0.845729411877129
70,FST,RF,SVM_RBF,0,0.900990099009901,0.9003718471394652,0.8454931273873738
70,FST,RF,SVM_Lin,0,0.8811881188118812,0.881820363279742,0.8163811569094046
70,FST,RF,GBM,0,0.8811881188118812,0.8789724503881142,0.8148747945977016
70,FST,RF,RF,1,0.900990099009901,0.9011559050641906,0.8460408682135536
70,FST,RF,XGB,1,0.8910891089108911,0.8916019384315723,0.8309430686480508
70,FST,RF,LR,1,0.9207920792079208,0.92127269628965,0.8790246492914368
70,FST,RF,SVM_RBF,1,0.9108910891089109,0.9113702546725261,0.860867935783094
70,FST,RF,SVM_Lin,1,0.9108910891089109,0.9112850277070148,0.8611642710402361
70,FST,RF,GBM,1,0.9108910891089109,0.9110344518614757,0.8610562412685702
70,FST,RF,RF,2,0.9207920792079208,0.9198034735600257,0.8766193551497666
70,FST,RF,XGB,2,0.9108910891089109,0.9094071497706622,0.861931600918095
70,FST,RF,LR,2,0.9306930693069307,0.9298071601718123,0.892564152156492
70,FST,RF,SVM_RBF,2,0.9405940594059405,0.9403352806530334,0.9076942355508727
70,FST,RF,SVM_Lin,2,0.9207920792079208,0.9201364256565002,0.8769377040081464
70,FST,RF,GBM,2,0.8613861386138614,0.8585012347388585,0.7838439419131497
70,FST,RF,RF,3,0.9108910891089109,0.9068486595494993,0.8645477807409501
70,FST,RF,XGB,3,0.9306930693069307,0.9307331573493486,0.8924818879942835
70,FST,RF,LR,3,0.9207920792079208,0.9205497049092916,0.8775341685325931
70,FST,RF,SVM_RBF,3,0.900990099009901,0.9010671575718778,0.8462698051701235
70,FST,RF,SVM_Lin,3,0.9207920792079208,0.9205497049092916,0.8775341685325931
70,FST,RF,GBM,3,0.9306930693069307,0.929339718687619,0.8941529610882134
70,FST,RF,RF,4,0.92,0.9205110565110565,0.8774423389311186
70,FST,RF,XGB,4,0.93,0.9304851784634,0.892484033655876
70,FST,RF,LR,4,0.94,0.9402049206501261,0.9102392872506545
70,FST,RF,SVM_RBF,4,0.96,0.9601407588739289,0.938840548787531
70,FST,RF,SVM_Lin,4,0.9,0.9001634192331867,0.8456288372537205
70,FST,RF,GBM,4,0.92,0.9202388434946575,0.8770065306583112
70,FST,LR,RF,0,0.7821782178217822,0.7597506710524459,0.6620480425683093
70,FST,LR,XGB,0,0.7326732673267327,0.729493987983517,0.5864174077355427
70,FST,LR,LR,0,0.7425742574257426,0.7457021725564368,0.6087235686463116
70,FST,LR,SVM_RBF,0,0.7920792079207921,0.7884085969572566,0.6762473065195416
70,FST,LR,SVM_Lin,0,0.7425742574257426,0.7483073920104102,0.6078548410932151
70,FST,LR,GBM,0,0.7425742574257426,0.734645271597233,0.59714000099641
70,FST,LR,RF,1,0.8514851485148515,0.8491740420726424,0.7676399792390922
70,FST,LR,XGB,1,0.7425742574257426,0.7344354546742433,0.595709329525874
70,FST,LR,LR,1,0.801980198019802,0.8098359440933698,0.704597153026389
70,FST,LR,SVM_RBF,1,0.7920792079207921,0.7934423209762836,0.6772249083539817
70,FST,LR,SVM_Lin,1,0.7425742574257426,0.745665434013281,0.60179990275877
70,FST,LR,GBM,1,0.7326732673267327,0.7276068444868251,0.5827692742444045
70,FST,LR,RF,2,0.8910891089108911,0.8882580384948013,0.8340035624043846
70,FST,LR,XGB,2,0.8217821782178217,0.8208286865441444,0.7223093858040145
70,FST,LR,LR,2,0.8316831683168316,0.8327118426128327,0.7492542962178923
70,FST,LR,SVM_RBF,2,0.8514851485148515,0.8530683930600956,0.7706511029586158
70,FST,LR,SVM_Lin,2,0.801980198019802,0.802075222014955,0.6968176909845526
70,FST,LR,GBM,2,0.8118811881188119,0.8098559855985599,0.7057427591299406
70,FST,LR,RF,3,0.7524752475247525,0.7394992333199429,0.6222367091398623
70,FST,LR,XGB,3,0.7524752475247525,0.7457392523968147,0.6114942785532853
70,FST,LR,LR,3,0.8118811881188119,0.8124610910703474,0.7083806356889439
70,FST,LR,SVM_RBF,3,0.7425742574257426,0.7413366336633663,0.6001829826166514
70,FST,LR,SVM_Lin,3,0.7920792079207921,0.7948514851485149,0.6801611838123388
70,FST,LR,GBM,3,0.7920792079207921,0.7827182718271828,0.6757516361804923
70,FST,LR,RF,4,0.71,0.7057464309823237,0.551410288808009
70,FST,LR,XGB,4,0.77,0.7698582900330656,0.64247396586067
70,FST,LR,LR,4,0.81,0.8131203931203931,0.7082993843825985
70,FST,LR,SVM_RBF,4,0.81,0.8088257222739981,0.7040230990922662
70,FST,LR,SVM_Lin,4,0.8,0.8042887365151765,0.6932492536839373
70,FST,LR,GBM,4,0.67,0.6691666666666667,0.48599813696699506
70,FST,EN,RF,0,0.8910891089108911,0.888893109014476,0.8355851252225998
70,FST,EN,XGB,0,0.8910891089108911,0.8884974535213389,0.8305603967044994
70,FST,EN,LR,0,0.900990099009901,0.9010154861640011,0.8455777898546276
70,FST,EN,SVM_RBF,0,0.9306930693069307,0.9302107133790302,0.8920937793836676
70,FST,EN,SVM_Lin,0,0.8514851485148515,0.8514118078474514,0.77205122632057
70,FST,EN,GBM,0,0.900990099009901,0.9005204366590505,0.8455777898546276
70,FST,EN,RF,1,0.9108910891089109,0.9101819996323239,0.8611642710402361
70,FST,EN,XGB,1,0.8811881188118812,0.8806587388484561,0.8152648975414838
70,FST,EN,LR,1,0.900990099009901,0.9004571297916912,0.8454030055249593
70,FST,EN,SVM_RBF,1,0.9405940594059405,0.9409367076539025,0.9077444579485741
70,FST,EN,SVM_Lin,1,0.9108910891089109,0.9112255941041258,0.8628744097981325
70,FST,EN,GBM,1,0.900990099009901,0.9013873333034661,0.8454931273873738
70,FST,EN,RF,2,0.9207920792079208,0.9176005116880087,0.8783906009776273
70,FST,EN,XGB,2,0.900990099009901,0.8986214410914775,0.8460408682135536
70,FST,EN,LR,2,0.9306930693069307,0.9288911516634288,0.8934734351234607
70,FST,EN,SVM_RBF,2,0.9405940594059405,0.9400880424176872,0.90740548877904
70,FST,EN,SVM_Lin,2,0.9207920792079208,0.919053274267017,0.87700684527134
70,FST,EN,GBM,2,0.9108910891089109,0.9095027217253233,0.8618553497096394
70,FST,EN,RF,3,0.9108910891089109,0.9087155819829087,0.8635313375528955
70,FST,EN,XGB,3,0.9108910891089109,0.9080282233310772,0.8620029102324288
70,FST,EN,LR,3,0.9108910891089109,0.9095249643316804,0.861535739291423
70,FST,EN,SVM_RBF,3,0.9306930693069307,0.9294540691325851,0.892266763977133
70,FST,EN,SVM_Lin,3,0.9207920792079208,0.9195074954251852,0.8775341685325931
70,FST,EN,GBM,3,0.900990099009901,0.8958851282671901,0.8523997644445446
70,FST,EN,RF,4,0.89,0.8904069237777104,0.8311241118367599
70,FST,EN,XGB,4,0.93,0.930545797787177,0.8930648800076209
70,FST,EN,LR,4,0.97,0.9701157878266312,0.9532448273298434
70,FST,EN,SVM_RBF,4,0.97,0.9700395162163415,0.9536828721079952
70,FST,EN,SVM_Lin,4,0.94,0.940689223057644,0.9073509853884054
70,FST,EN,GBM,4,0.91,0.9107743654966259,0.8635749104499056
70,fst_stat,RF,RF,0,0.900990099009901,0.8987975720648987,0.8469262033738892
70,fst_stat,RF,XGB,0,0.9108910891089109,0.9096273041938341,0.8628744097981325
70,fst_stat,RF,LR,0,0.8910891089108911,0.8901617151603675,0.8300906951800235
70,fst_stat,RF,SVM_RBF,0,0.9207920792079208,0.9208921403257115,0.876548620537916
70,fst_stat,RF,SVM_Lin,0,0.8811881188118812,0.8795269488338794,0.8149211919588807
70,fst_stat,RF,GBM,0,0.9108910891089109,0.9109796964320915,0.8622994108611848
70,fst_stat,RF,RF,1,0.8811881188118812,0.8785392824996785,0.816716885964874
70,fst_stat,RF,XGB,1,0.900990099009901,0.9008185725831788,0.8456848077114552
70,fst_stat,RF,LR,1,0.9306930693069307,0.9311161885419311,0.8960436253923153
70,fst_stat,RF,SVM_RBF,1,0.900990099009901,0.9011559050641906,0.8460408682135536
70,fst_stat,RF,SVM_Lin,1,0.9108910891089109,0.9113868243835312,0.8626878828754923
70,fst_stat,RF,GBM,1,0.900990099009901,0.9016501650165016,0.848203699591814
70,fst_stat,RF,RF,2,0.9207920792079208,0.920303857972004,0.8767794251579959
70,fst_stat,RF,XGB,2,0.8712871287128713,0.8682879870998682,0.7992107433259646
70,fst_stat,RF,LR,2,0.8910891089108911,0.8899424396221135,0.8298429004524632
70,fst_stat,RF,SVM_RBF,2,0.9306930693069307,0.9304970382260607,0.8918886758410828
70,fst_stat,RF,SVM_Lin,2,0.8514851485148515,0.8496931141077909,0.7676775579813917
70,fst_stat,RF,GBM,2,0.8613861386138614,0.8609322205886681,0.7844394414213284
70,fst_stat,RF,RF,3,0.9108910891089109,0.9067685216797541,0.864025245700552
70,fst_stat,RF,XGB,3,0.9405940594059405,0.9398911739399153,0.9087972905861353
70,fst_stat,RF,LR,3,0.9108910891089109,0.9097530192579698,0.8675511693779214
70,fst_stat,RF,SVM_RBF,3,0.900990099009901,0.8994149414941495,0.848111872588724
70,fst_stat,RF,SVM_Lin,3,0.8910891089108911,0.8901001657148059,0.833219842889033
70,fst_stat,RF,GBM,3,0.8811881188118812,0.8778056026089888,0.821871151354863
70,fst_stat,RF,RF,4,0.88,0.8797213387854006,0.822042259751826
70,fst_stat,RF,XGB,4,0.89,0.8894208978567764,0.8355390179109774
70,fst_stat,RF,LR,4,0.89,0.8908900108900109,0.8345478551980721
70,fst_stat,RF,SVM_RBF,4,0.93,0.9304555116914668,0.894726492692835
70,fst_stat,RF,SVM_Lin,4,0.87,0.8709775361907924,0.8001467128406581
70,fst_stat,RF,GBM,4,0.89,0.8908324498965118,0.8381607354332343
70,fst_stat,LR,RF,0,0.8712871287128713,0.8690494196305647,0.8022589383972835
70,fst_stat,LR,XGB,0,0.8415841584158416,0.8355067214038476,0.7538383616467451
70,fst_stat,LR,LR,0,0.8316831683168316,0.8306321819020915,0.7387696903830812
70,fst_stat,LR,SVM_RBF,0,0.8316831683168316,0.8324803249555724,0.7378478187869496
70,fst_stat,LR,SVM_Lin,0,0.8316831683168316,0.8303487646061904,0.7372312705874681
70,fst_stat,LR,GBM,0,0.8217821782178217,0.8209291698400609,0.7220087901583668
70,fst_stat,LR,RF,1,0.8415841584158416,0.841687653085866,0.7528342003896796
70,fst_stat,LR,XGB,1,0.801980198019802,0.801980198019802,0.6916971916971917
70,fst_stat,LR,LR,1,0.8217821782178217,0.8218590151698096,0.7247464952719406
70,fst_stat,LR,SVM_RBF,1,0.8316831683168316,0.8315450149666129,0.7367229951956777
70,fst_stat,LR,SVM_Lin,1,0.801980198019802,0.802075222014955,0.6968176909845526
70,fst_stat,LR,GBM,1,0.7920792079207921,0.789817589353872,0.6808962068297386
70,fst_stat,LR,RF,2,0.8613861386138614,0.8624312431243124,0.7857175043629494
70,fst_stat,LR,XGB,2,0.8217821782178217,0.8222648826944897,0.7235273917430322
70,fst_stat,LR,LR,2,0.801980198019802,0.8033850682365535,0.7001546135415674
70,fst_stat,LR,SVM_RBF,2,0.8415841584158416,0.840448982286422,0.7519661604860891
70,fst_stat,LR,SVM_Lin,2,0.8316831683168316,0.8335565394760674,0.7439428884334223
70,fst_stat,LR,GBM,2,0.8118811881188119,0.8137405521374055,0.7092058600939463
70,fst_stat,LR,RF,3,0.8811881188118812,0.8807096092640075,0.8205806663367268
70,fst_stat,LR,XGB,3,0.900990099009901,0.8991238169104548,0.846271046479051
70,fst_stat,LR,LR,3,0.8613861386138614,0.8613975092599699,0.7851636837728496
70,fst_stat,LR,SVM_RBF,3,0.8613861386138614,0.8607566312186775,0.7841186326657557
70,fst_stat,LR,SVM_Lin,3,0.8415841584158416,0.8422458402510997,0.7533346162656425
70,fst_stat,LR,GBM,3,0.8613861386138614,0.8617891910764737,0.7844427376846871
70,fst_stat,LR,RF,4,0.8,0.7963314142901773,0.6992016628747807
70,fst_stat,LR,XGB,4,0.81,0.8105714285714286,0.7125281792823464
70,fst_stat,LR,LR,4,0.84,0.8424481721791424,0.7552070373726436
70,fst_stat,LR,SVM_RBF,4,0.87,0.8645881720430107,0.8044432137802374
70,fst_stat,LR,SVM_Lin,4,0.88,0.8810368515205724,0.8133221670130777
70,fst_stat,LR,GBM,4,0.77,0.7757374808530693,0.6481117155317998
70,fst_stat,EN,RF,0,0.8811881188118812,0.8801980198019802,0.8162247893992458
70,fst_stat,EN,XGB,0,0.8910891089108911,0.8891150226133724,0.8323003289935034
70,fst_stat,EN,LR,0,0.8613861386138614,0.8608867854114288,0.7831790151180729
70,fst_stat,EN,SVM_RBF,0,0.8712871287128713,0.8714188763300934,0.799573999197581
70,fst_stat,EN,SVM_Lin,0,0.8811881188118812,0.8815795533041676,0.8143455932707492
70,fst_stat,EN,GBM,0,0.8415841584158416,0.8404352437089534,0.7521323861705106
70,fst_stat,EN,RF,1,0.900990099009901,0.900622422985004,0.8455768890733788
70,fst_stat,EN,XGB,1,0.8910891089108911,0.8907863952763792,0.8298301980184809
70,fst_stat,EN,LR,1,0.9108910891089109,0.9108983871360109,0.8618266924508077
70,fst_stat,EN,SVM_RBF,1,0.900990099009901,0.9010779126693158,0.8455801905169709
70,fst_stat,EN,SVM_Lin,1,0.8910891089108911,0.8908971572579396,0.8311471955785018
70,fst_stat,EN,GBM,1,0.8910891089108911,0.8910612873721512,0.8320420300049126
70,fst_stat,EN,RF,2,0.8910891089108911,0.8801234098064183,0.8378755012216553
70,fst_stat,EN,XGB,2,0.8910891089108911,0.8891982036399927,0.8299895071065215
70,fst_stat,EN,LR,2,0.9108910891089109,0.9091698400609292,0.8645600478156117
70,fst_stat,EN,SVM_RBF,2,0.9108910891089109,0.9112850277070148,0.8611642710402361
70,fst_stat,EN,SVM_Lin,2,0.9108910891089109,0.9104382371709104,0.8643062957688407
70,fst_stat,EN,GBM,2,0.8712871287128713,0.8697376368936628,0.7988147431728069
70,fst_stat,EN,RF,3,0.9108910891089109,0.9113208541433683,0.8646490301402321
70,fst_stat,EN,XGB,3,0.9108910891089109,0.9095249643316804,0.861535739291423
70,fst_stat,EN,LR,3,0.9207920792079208,0.9211099868863082,0.8765903344713288
70,fst_stat,EN,SVM_RBF,3,0.9108910891089109,0.910779685563493,0.8615642728583657
70,fst_stat,EN,SVM_Lin,3,0.9207920792079208,0.9207431703343227,0.8765903344713288
70,fst_stat,EN,GBM,3,0.9108910891089109,0.9110265486970308,0.86261913599811
70,fst_stat,EN,RF,4,0.88,0.8806374416713044,0.8237392713032833
70,fst_stat,EN,XGB,4,0.88,0.8798654568210263,0.8231551082896242
70,fst_stat,EN,LR,4,0.92,0.9193841269841269,0.8798983320600582
70,fst_stat,EN,SVM_RBF,4,0.91,0.9103171036204745,0.8625592990263173
70,fst_stat,EN,SVM_Lin,4,0.92,0.9202522522522523,0.8800540641106942
70,fst_stat,EN,GBM,4,0.85,0.8495055821371611,0.7762102094261285
75,stat,RF,RF,0,0.900990099009901,0.8968935355073969,0.8469262033738892
75,stat,RF,XGB,0,0.9405940594059405,0.9398578319370399,0.907599109226681
75,stat,RF,LR,0,0.9306930693069307,0.930303534555136,0.8918929711137247
75,stat,RF,SVM_RBF,0,0.9306930693069307,0.9294505921180354,0.892182469030963
75,stat,RF,SVM_Lin,0,0.8910891089108911,0.8903012317146833,0.8299895071065215
75,stat,RF,GBM,0,0.8910891089108911,0.8895431001735592,0.830286658806244
75,stat,RF,RF,1,0.8712871287128713,0.8693069306930693,0.8015139667237311
75,stat,RF,XGB,1,0.8514851485148515,0.8503269564706017,0.7675358283916017
75,stat,RF,LR,1,0.8910891089108911,0.891560381005709,0.8305835788984443
75,stat,RF,SVM_RBF,1,0.8910891089108911,0.891560381005709,0.8305835788984443
75,stat,RF,SVM_Lin,1,0.8910891089108911,0.891560381005709,0.8305835788984443
75,stat,RF,GBM,1,0.8613861386138614,0.8618095948997461,0.784651495284686
75,stat,RF,RF,2,0.9306930693069307,0.9295987493486191,0.8932416888195951
75,stat,RF,XGB,2,0.9108910891089109,0.9090034795334737,0.8610562412685702
75,stat,RF,LR,2,0.8712871287128713,0.8633641141891967,0.8024926577919337
75,stat,RF,SVM_RBF,2,0.9207920792079208,0.9194402065689193,0.8777629864905447
75,stat,RF,SVM_Lin,2,0.8712871287128713,0.8678770719449206,0.800771685338056
75,stat,RF,GBM,2,0.9108910891089109,0.9016593967089017,0.8671052549086237
75,stat,RF,RF,3,0.9108910891089109,0.907464679052175,0.8653520536127048
75,stat,RF,XGB,3,0.9108910891089109,0.9082382265388822,0.8622376488595582
75,stat,RF,LR,3,0.9405940594059405,0.9403468445328328,0.9077922929254743
75,stat,RF,SVM_RBF,3,0.9603960396039604,0.9601485148514851,0.9386491574255991
75,stat,RF,SVM_Lin,3,0.9207920792079208,0.9207035829633384,0.8769644717974471
75,stat,RF,GBM,3,0.9108910891089109,0.9098746061674912,0.8618500549554283
75,stat,RF,RF,4,0.91,0.9100029239766081,0.8653484912681303
75,stat,RF,XGB,4,0.94,0.940410733452594,0.9076933331720115
75,stat,RF,LR,4,0.92,0.9196386328944469,0.8755413670252146
75,stat,RF,SVM_RBF,4,0.92,0.9196382428940569,0.8756264220564591
75,stat,RF,SVM_Lin,4,0.89,0.8908200779433656,0.8338306369949325
75,stat,RF,GBM,4,0.91,0.9100328640800509,0.8605044622288712
75,stat,LR,RF,0,0.9108910891089109,0.9050640681391993,0.8659518630901623
75,stat,LR,XGB,0,0.900990099009901,0.900656228413539,0.8453946325007777
75,stat,LR,LR,0,0.9207920792079208,0.91988939434484,0.8790305141261918
75,stat,LR,SVM_RBF,0,0.9108910891089109,0.909590263636013,0.8618553497096394
75,stat,LR,SVM_Lin,0,0.9108910891089109,0.909590263636013,0.8618553497096394
75,stat,LR,GBM,0,0.900990099009901,0.900656228413539,0.8453946325007777
75,stat,LR,RF,1,0.8811881188118812,0.8814987381091051,0.8150300223176655
75,stat,LR,XGB,1,0.8613861386138614,0.8615812006611893,0.7837288613153585
75,stat,LR,LR,1,0.8712871287128713,0.8710251977578709,0.8018650468365809
75,stat,LR,SVM_RBF,1,0.8712871287128713,0.8703855259475528,0.7988178651218326
75,stat,LR,SVM_Lin,1,0.8613861386138614,0.8617299869521835,0.7848683459003543
75,stat,LR,GBM,1,0.8613861386138614,0.86277827391987,0.7868389910584017
75,stat,LR,RF,2,0.9504950495049505,0.9481145025699482,0.9248943323892928
75,stat,LR,XGB,2,0.8712871287128713,0.8687763513193424,0.7990730442727866
75,stat,LR,LR,2,0.8910891089108911,0.8904535434739018,0.8310926810702906
75,stat,LR,SVM_RBF,2,0.9306930693069307,0.9294472581498244,0.8936557530743188
75,stat,LR,SVM_Lin,2,0.900990099009901,0.8998539967794787,0.8474733748120371
75,stat,LR,GBM,2,0.8712871287128713,0.8661971469402775,0.8004376848798174
75,stat,LR,RF,3,0.8811881188118812,0.8736373637363736,0.8188007039184557
75,stat,LR,XGB,3,0.9306930693069307,0.9303084754106034,0.8919924876097921
75,stat,LR,LR,3,0.9405940594059405,0.9404198215437475,0.9074820385123631
75,stat,LR,SVM_RBF,3,0.9504950495049505,0.9500747567981729,0.923233748988732
75,stat,LR,SVM_Lin,3,0.900990099009901,0.8988294208111439,0.846446148818554
75,stat,LR,GBM,3,0.8910891089108911,0.8864612303927022,0.8336219547145807
75,stat,LR,RF,4,0.84,0.8409178743961353,0.7555084022068481
75,stat,LR,XGB,4,0.85,0.8506286061342242,0.767521730980685
75,stat,LR,LR,4,0.87,0.8698641791644888,0.7963074154696036
75,stat,LR,SVM_RBF,4,0.91,0.910210928390495,0.8593313502119545
75,stat,LR,SVM_Lin,4,0.84,0.8396177361293641,0.7489494469781928
75,stat,LR,GBM,4,0.84,0.841433668530027,0.7552777317274317
75,stat,EN,RF,0,0.9504950495049505,0.9493284563094628,0.9239229953626563
75,stat,EN,XGB,0,0.9207920792079208,0.9201364256565002,0.8769377040081464
75,stat,EN,LR,0,0.900990099009901,0.8981809808887865,0.8470935003030863
75,stat,EN,SVM_RBF,0,0.9207920792079208,0.9196977592496092,0.8776250347481429
75,stat,EN,SVM_Lin,0,0.900990099009901,0.9003908285565398,0.8463917266052386
75,stat,EN,GBM,0,0.8910891089108911,0.8883472962680883,0.8333100824500064
75,stat,EN,RF,1,0.9306930693069307,0.9305970183937498,0.8922960507338291
75,stat,EN,XGB,1,0.9207920792079208,0.9210586443259711,0.8765884495406543
75,stat,EN,LR,1,0.9207920792079208,0.9210213395529118,0.8774506095289183
75,stat,EN,SVM_RBF,1,0.9207920792079208,0.9202429633602158,0.8790363285172443
75,stat,EN,SVM_Lin,1,0.8910891089108911,0.8910116484970356,0.8306637025552572
75,stat,EN,GBM,1,0.9108910891089109,0.9112945153912809,0.8609543502023639
75,stat,EN,RF,2,0.8910891089108911,0.8801234098064183,0.8378755012216553
75,stat,EN,XGB,2,0.9405940594059405,0.9370984449969877,0.9104024797496479
75,stat,EN,LR,2,0.9405940594059405,0.9391633217375791,0.9105414571347972
75,stat,EN,SVM_RBF,2,0.9207920792079208,0.9198606014447599,0.8772301841990354
75,stat,EN,SVM_Lin,2,0.9405940594059405,0.9391633217375791,0.9105414571347972
75,stat,EN,GBM,2,0.8910891089108911,0.887128712871287,0.8320358181160321
75,stat,EN,RF,3,0.9108910891089109,0.907464679052175,0.8653520536127048
75,stat,EN,XGB,3,0.9108910891089109,0.9087687892740812,0.8627464408065547
75,stat,EN,LR,3,0.9108910891089109,0.9101067609090825,0.8627464408065547
75,stat,EN,SVM_RBF,3,0.9207920792079208,0.9194771882728934,0.8779259937586422
75,stat,EN,SVM_Lin,3,0.8811881188118812,0.8808245573639372,0.815007924425509
75,stat,EN,GBM,3,0.9108910891089109,0.9101067609090825,0.8627464408065547
75,stat,EN,RF,4,0.91,0.908984126984127,0.8677492123127616
75,stat,EN,XGB,4,0.89,0.8907636592662572,0.8310671065242716
75,stat,EN,LR,4,0.92,0.9204758497316639,0.8762362777857002
75,stat,EN,SVM_RBF,4,0.94,0.939836236933798,0.9074312414780479
75,stat,EN,SVM_Lin,4,0.89,0.8906771940479805,0.8311241118367599
75,stat,EN,GBM,4,0.86,0.8611130034143732,0.7848838102386145
75,FST,RF,RF,0,0.8910891089108911,0.88280220427106,0.8345705487589572
75,FST,RF,XGB,0,0.8910891089108911,0.8884155267673031,0.8309190335216255
75,FST,RF,LR,0,0.9207920792079208,0.9211303115563968,0.8766175157172961
75,FST,RF,SVM_RBF,0,0.9108910891089109,0.9106626047220108,0.861083119697641
75,FST,RF,SVM_Lin,0,0.8712871287128713,0.8719221577330146,0.7990725789479594
75,FST,RF,GBM,0,0.8712871287128713,0.8697275609913931,0.800338417484505
75,FST,RF,RF,1,0.8811881188118812,0.8785392824996785,0.816716885964874
75,FST,RF,XGB,1,0.9108910891089109,0.9106644913908036,0.8613681285742345
75,FST,RF,LR,1,0.9207920792079208,0.92127269628965,0.8790246492914368
75,FST,RF,SVM_RBF,1,0.9108910891089109,0.9113702546725261,0.860867935783094
75,FST,RF,SVM_Lin,1,0.900990099009901,0.9016358558932818,0.8460164274246467
75,FST,RF,GBM,1,0.900990099009901,0.9014489999983899,0.8454030055249593
75,FST,RF,RF,2,0.9306930693069307,0.9286028874191988,0.8933028051316905
75,FST,RF,XGB,2,0.9108910891089109,0.9094389963638653,0.8622803273877258
75,FST,RF,LR,2,0.9504950495049505,0.9498977047025969,0.9233086967933559
75,FST,RF,SVM_RBF,2,0.9306930693069307,0.9304660782820363,0.892182469030963
75,FST,RF,SVM_Lin,2,0.9306930693069307,0.930720475585762,0.8925700351244582
75,FST,RF,GBM,2,0.8712871287128713,0.8697545430218697,0.7992107433259646
75,FST,RF,RF,3,0.9108910891089109,0.906447024012746,0.864025245700552
75,FST,RF,XGB,3,0.9306930693069307,0.9304073523764096,0.8938395931546594
75,FST,RF,LR,3,0.9306930693069307,0.9307737108552484,0.8924838061894402
75,FST,RF,SVM_RBF,3,0.9207920792079208,0.9210513385833357,0.8767858472970937
75,FST,RF,SVM_Lin,3,0.9306930693069307,0.930940594059406,0.8921616296877833
75,FST,RF,GBM,3,0.9207920792079208,0.9203777779903994,0.8781908153927214
75,FST,RF,RF,4,0.94,0.9402292383292382,0.9091819786103054
75,FST,RF,XGB,4,0.93,0.9304851784634,0.892484033655876
75,FST,RF,LR,4,0.93,0.9305141644321671,0.8952890092545295
75,FST,RF,SVM_RBF,4,0.97,0.9701380487417639,0.9539862907630449
75,FST,RF,SVM_Lin,4,0.9,0.9001634192331867,0.8456288372537205
75,FST,RF,GBM,4,0.92,0.9202388434946575,0.8770065306583112
75,FST,LR,RF,0,0.801980198019802,0.7916993745410347,0.6909720424500688
75,FST,LR,XGB,0,0.7425742574257426,0.7407909646499359,0.6039765518790117
75,FST,LR,LR,0,0.7722772277227723,0.7790598794938955,0.6676983071493864
75,FST,LR,SVM_RBF,0,0.801980198019802,0.8062342361290143,0.698026394698316
75,FST,LR,SVM_Lin,0,0.7524752475247525,0.7603757298806804,0.6269499813382619
75,FST,LR,GBM,0,0.7326732673267327,0.7248868464452849,0.5824438966303153
75,FST,LR,RF,1,0.8316831683168316,0.8281301814391966,0.7364492790184304
75,FST,LR,XGB,1,0.7920792079207921,0.7904040790000582,0.6765626147056455
75,FST,LR,LR,1,0.7821782178217822,0.7837316545675989,0.6664349542121831
75,FST,LR,SVM_RBF,1,0.7920792079207921,0.7933103077749635,0.6772249083539817
75,FST,LR,SVM_Lin,1,0.7524752475247525,0.7554938420671337,0.6174609483378405
75,FST,LR,GBM,1,0.7425742574257426,0.7434512682037434,0.6033484223620678
75,FST,LR,RF,2,0.900990099009901,0.9009907847795707,0.8470980678512616
75,FST,LR,XGB,2,0.9108910891089109,0.910270854671674,0.8612380559159886
75,FST,LR,LR,2,0.8415841584158416,0.8442199383420089,0.7630146655375729
75,FST,LR,SVM_RBF,2,0.900990099009901,0.9026934626128194,0.850490711029307
75,FST,LR,SVM_Lin,2,0.8118811881188119,0.8128836171288363,0.7092058600939463
75,FST,LR,GBM,2,0.8514851485148515,0.8489743711213226,0.7677611616456085
75,FST,LR,RF,3,0.7425742574257426,0.7284133892841339,0.6075808323388392
75,FST,LR,XGB,3,0.7920792079207921,0.7879323851959413,0.6762696261262179
75,FST,LR,LR,3,0.7920792079207921,0.7927671320103588,0.6776674164553816
75,FST,LR,SVM_RBF,3,0.7821782178217822,0.7799150480855619,0.6595189595298274
75,FST,LR,SVM_Lin,3,0.7821782178217822,0.7803394625176804,0.6595176554230808
75,FST,LR,GBM,3,0.8118811881188119,0.8082698110692343,0.7055869972381115
75,FST,LR,RF,4,0.72,0.7068202305305158,0.5759760483038109
75,FST,LR,XGB,4,0.76,0.7626980081615315,0.6298284513037063
75,FST,LR,LR,4,0.8,0.805367743630155,0.6985293559312425
75,FST,LR,SVM_RBF,4,0.8,0.8045774647887325,0.6959916109836803
75,FST,LR,SVM_Lin,4,0.8,0.8049166666666666,0.7004894901962038
75,FST,LR,GBM,4,0.71,0.7110490519213619,0.5487652391372304
75,FST,EN,RF,0,0.8712871287128713,0.8653639557504138,0.8046276413274132
75,FST,EN,XGB,0,0.9108910891089109,0.9104201883602996,0.8623112646357014
75,FST,EN,LR,0,0.9108910891089109,0.9107994328485769,0.8615641628810978
75,FST,EN,SVM_RBF,0,0.9306930693069307,0.9302107133790302,0.8920937793836676
75,FST,EN,SVM_Lin,0,0.8613861386138614,0.8615395542423683,0.7836185361055668
75,FST,EN,GBM,0,0.9207920792079208,0.9199002701190129,0.876548620537916
75,FST,EN,RF,1,0.9306930693069307,0.9299411479609498,0.8928370625862299
75,FST,EN,XGB,1,0.900990099009901,0.9010062544716011,0.8460164274246467
75,FST,EN,LR,1,0.9108910891089109,0.9109878338939963,0.8611360733169731
75,FST,EN,SVM_RBF,1,0.9504950495049505,0.9505182876291071,0.9231122248231151
75,FST,EN,SVM_Lin,1,0.9405940594059405,0.9406172975300972,0.9077041377784721
75,FST,EN,GBM,1,0.9306930693069307,0.930959634424981,0.8920937793836676
75,FST,EN,RF,2,0.9207920792079208,0.9175224499194106,0.8785943999829875
75,FST,EN,XGB,2,0.900990099009901,0.8995669308816904,0.8454030055249593
75,FST,EN,LR,2,0.900990099009901,0.897070208317288,0.8479931002756183
75,FST,EN,SVM_RBF,2,0.9108910891089109,0.9082485171594082,0.8626967687390741
75,FST,EN,SVM_Lin,2,0.900990099009901,0.8983513019020019,0.8461598231462291
75,FST,EN,GBM,2,0.9306930693069307,0.9287094169306528,0.89324640283646
75,FST,EN,RF,3,0.9108910891089109,0.9082776882339396,0.8628617026299272
75,FST,EN,XGB,3,0.9207920792079208,0.9188559269460781,0.8770517619423804
75,FST,EN,LR,3,0.9405940594059405,0.9398911739399153,0.9087972905861353
75,FST,EN,SVM_RBF,3,0.9603960396039604,0.9601485148514851,0.9390057944495273
75,FST,EN,SVM_Lin,3,0.9405940594059405,0.9398911739399153,0.9087972905861353
75,FST,EN,GBM,3,0.900990099009901,0.8932453684928934,0.853202629899451
75,FST,EN,RF,4,0.9,0.9000300300300301,0.8480869713351514
75,FST,EN,XGB,4,0.94,0.940410733452594,0.9076933331720115
75,FST,EN,LR,4,0.94,0.940187969924812,0.9067299750777102
75,FST,EN,SVM_RBF,4,0.96,0.9599981416957025,0.9386519963886981
75,FST,EN,SVM_Lin,4,0.96,0.9603009185936016,0.9378154113623842
75,FST,EN,GBM,4,0.93,0.930545797787177,0.8930648800076209
75,fst_stat,RF,RF,0,0.8811881188118812,0.8805406776068134,0.8148747945977016
75,fst_stat,RF,XGB,0,0.9405940594059405,0.9403352806530334,0.9076942355508727
75,fst_stat,RF,LR,0,0.9207920792079208,0.9208921403257115,0.876548620537916
75,fst_stat,RF,SVM_RBF,0,0.9207920792079208,0.9208921403257115,0.876548620537916
75,fst_stat,RF,SVM_Lin,0,0.9207920792079208,0.9207230025328114,0.8764436717308063
75,fst_stat,RF,GBM,0,0.8910891089108911,0.8909612966234508,0.830286658806244
75,fst_stat,RF,RF,1,0.8811881188118812,0.8801980198019802,0.8162247893992458
75,fst_stat,RF,XGB,1,0.900990099009901,0.901163631455648,0.8458463536701891
75,fst_stat,RF,LR,1,0.9108910891089109,0.9114489434881025,0.8623553852744245
75,fst_stat,RF,SVM_RBF,1,0.9108910891089109,0.9114489434881025,0.8623553852744245
75,fst_stat,RF,SVM_Lin,1,0.9207920792079208,0.92127269628965,0.8790246492914368
75,fst_stat,RF,GBM,1,0.900990099009901,0.9014032270936908,0.8474733748120371
75,fst_stat,RF,RF,2,0.8811881188118812,0.8769281543538968,0.8170429619298634
75,fst_stat,RF,XGB,2,0.8712871287128713,0.8695628571290556,0.7986845830055241
75,fst_stat,RF,LR,2,0.8811881188118812,0.8797156638740797,0.8145671301686009
75,fst_stat,RF,SVM_RBF,2,0.9504950495049505,0.9504240237510122,0.9228230014798017
75,fst_stat,RF,SVM_Lin,2,0.9207920792079208,0.9203097232800203,0.8765884495406543
75,fst_stat,RF,GBM,2,0.8910891089108911,0.8905964920816406,0.8307004646884149
75,fst_stat,RF,RF,3,0.900990099009901,0.8952943823794145,0.8495897639822452
75,fst_stat,RF,XGB,3,0.9207920792079208,0.9195074954251852,0.8775341685325931
75,fst_stat,RF,LR,3,0.900990099009901,0.9001660263945611,0.846271046479051
75,fst_stat,RF,SVM_RBF,3,0.900990099009901,0.8994149414941495,0.848111872588724
75,fst_stat,RF,SVM_Lin,3,0.900990099009901,0.9008269435966154,0.8458278536039312
75,fst_stat,RF,GBM,3,0.8811881188118812,0.879024775064379,0.8163616971565502
75,fst_stat,RF,RF,4,0.9,0.8994048873500929,0.8498535162607844
75,fst_stat,RF,XGB,4,0.88,0.8804099088457872,0.819599700514736
75,fst_stat,RF,LR,4,0.91,0.9107014880048588,0.8629253022647975
75,fst_stat,RF,SVM_RBF,4,0.93,0.9304851784634,0.892484033655876
75,fst_stat,RF,SVM_Lin,4,0.89,0.8908900108900109,0.8345478551980721
75,fst_stat,RF,GBM,4,0.89,0.8909362246352609,0.8355390179109774
75,fst_stat,LR,RF,0,0.900990099009901,0.8987155550297088,0.8531562032297357
75,fst_stat,LR,XGB,0,0.8316831683168316,0.8265615450433932,0.7373466542536964
75,fst_stat,LR,LR,0,0.8514851485148515,0.8509740132835028,0.7681424505315134
75,fst_stat,LR,SVM_RBF,0,0.8415841584158416,0.8409470512268618,0.7546617220496836
75,fst_stat,LR,SVM_Lin,0,0.8415841584158416,0.8402728513130007,0.7519261188213817
75,fst_stat,LR,GBM,0,0.8118811881188119,0.8117627552228907,0.7051373963912524
75,fst_stat,LR,RF,1,0.8316831683168316,0.8319539339072876,0.7372845341143895
75,fst_stat,LR,XGB,1,0.8118811881188119,0.81093060593385,0.7068564631253013
75,fst_stat,LR,LR,1,0.7722772277227723,0.7724020650874278,0.6466858916735829
75,fst_stat,LR,SVM_RBF,1,0.8217821782178217,0.8219779219301241,0.7213657327379229
75,fst_stat,LR,SVM_Lin,1,0.7722772277227723,0.7729302008676935,0.649108075812477
75,fst_stat,LR,GBM,1,0.7920792079207921,0.7904040790000582,0.6765626147056455
75,fst_stat,LR,RF,2,0.8514851485148515,0.8499803146735881,0.7789468325610928
75,fst_stat,LR,XGB,2,0.8217821782178217,0.8217821782178217,0.7225274725274725
75,fst_stat,LR,LR,2,0.8613861386138614,0.8630168528162149,0.7853219773644533
75,fst_stat,LR,SVM_RBF,2,0.8514851485148515,0.8503269564706017,0.7675358283916017
75,fst_stat,LR,SVM_Lin,2,0.8316831683168316,0.8357979651521127,0.7422773295594328
75,fst_stat,LR,GBM,2,0.8118811881188119,0.8133888890641214,0.7082697919032042
75,fst_stat,LR,RF,3,0.8712871287128713,0.8682645997039227,0.8095431696445557
75,fst_stat,LR,XGB,3,0.8910891089108911,0.8903454146319609,0.8302210782149049
75,fst_stat,LR,LR,3,0.8514851485148515,0.8507425742574257,0.7695943885330894
75,fst_stat,LR,SVM_RBF,3,0.8613861386138614,0.8612255195709272,0.7842210808040778
75,fst_stat,LR,SVM_Lin,3,0.8316831683168316,0.8316831683168316,0.738182372674596
75,fst_stat,LR,GBM,3,0.8712871287128713,0.8725554647011644,0.8027135404760465
75,fst_stat,LR,RF,4,0.82,0.8193628172918652,0.7344084662951139
75,fst_stat,LR,XGB,4,0.81,0.8102512664640323,0.7113781112272738
75,fst_stat,LR,LR,4,0.82,0.8231390393643915,0.7236735946995989
75,fst_stat,LR,SVM_RBF,4,0.86,0.8543607503607504,0.783540970153239
75,fst_stat,LR,SVM_Lin,4,0.85,0.8518190073362487,0.7670370260640511
75,fst_stat,LR,GBM,4,0.79,0.7951967458855126,0.6766848356059508
75,fst_stat,EN,RF,0,0.9207920792079208,0.9208127356121103,0.8788843145757126
75,fst_stat,EN,XGB,0,0.9108910891089109,0.9096273041938341,0.8628744097981325
75,fst_stat,EN,LR,0,0.8712871287128713,0.871176873225354,0.7990732434559981
75,fst_stat,EN,SVM_RBF,0,0.8712871287128713,0.8713432549490573,0.7986845830055241
75,fst_stat,EN,SVM_Lin,0,0.8910891089108911,0.8911897072060148,0.8298429004524632
75,fst_stat,EN,GBM,0,0.8415841584158416,0.841080247020841,0.7520793974272166
75,fst_stat,EN,RF,1,0.9405940594059405,0.9408340493720387,0.907580400517942
75,fst_stat,EN,XGB,1,0.900990099009901,0.9009742150685657,0.8453554181177786
75,fst_stat,EN,LR,1,0.9306930693069307,0.9306637479651739,0.8933515643808217
75,fst_stat,EN,SVM_RBF,1,0.9108910891089109,0.9112624353154293,0.861584665915718
75,fst_stat,EN,SVM_Lin,1,0.9306930693069307,0.9306930693069307,0.8920940170940171
75,fst_stat,EN,GBM,1,0.8811881188118812,0.8814817343803346,0.8146139481899667
75,fst_stat,EN,RF,2,0.8811881188118812,0.8736631427117866,0.8197229790245554
75,fst_stat,EN,XGB,2,0.8910891089108911,0.8876072984534648,0.8300906951800235
75,fst_stat,EN,LR,2,0.900990099009901,0.8993399339933993,0.8478468468328184
75,fst_stat,EN,SVM_RBF,2,0.900990099009901,0.9005588010883888,0.8454030055249593
75,fst_stat,EN,SVM_Lin,2,0.9108910891089109,0.909869536028994,0.8631788446938748
75,fst_stat,EN,GBM,2,0.8316831683168316,0.8280532686473282,0.7363689487943007
75,fst_stat,EN,RF,3,0.9405940594059405,0.9408647501165316,0.9090513959154426
75,fst_stat,EN,XGB,3,0.9108910891089109,0.9095249643316804,0.861535739291423
75,fst_stat,EN,LR,3,0.9108910891089109,0.9113071459952342,0.8611028064851426
75,fst_stat,EN,SVM_RBF,3,0.9108910891089109,0.910779685563493,0.8615642728583657
75,fst_stat,EN,SVM_Lin,3,0.9207920792079208,0.9205445544554455,0.8774016468435498
75,fst_stat,EN,GBM,3,0.900990099009901,0.9015208987238994,0.8465401649502033
75,fst_stat,EN,RF,4,0.87,0.8701499149696943,0.8094451472418219
75,fst_stat,EN,XGB,4,0.88,0.8798654568210263,0.8231551082896242
75,fst_stat,EN,LR,4,0.92,0.9193841269841269,0.8798983320600582
75,fst_stat,EN,SVM_RBF,4,0.91,0.9100328640800509,0.8605044622288712
75,fst_stat,EN,SVM_Lin,4,0.92,0.9202522522522523,0.8800540641106942
75,fst_stat,EN,GBM,4,0.85,0.8495055821371611,0.7762102094261285
80,stat,RF,RF,0,0.8811881188118812,0.8735612801786508,0.8185577019837568
80,stat,RF,XGB,0,0.9306930693069307,0.9294505921180354,0.892182469030963
80,stat,RF,LR,0,0.9306930693069307,0.930303534555136,0.8918929711137247
80,stat,RF,SVM_RBF,0,0.9207920792079208,0.9188403446313937,0.8769377040081464
80,stat,RF,SVM_Lin,0,0.9108910891089109,0.9101229870886247,0.860867935783094
80,stat,RF,GBM,0,0.900990099009901,0.8995224915580721,0.8456848077114552
80,stat,RF,RF,1,0.9108910891089109,0.9109796964320915,0.8622994108611848
80,stat,RF,XGB,1,0.8712871287128713,0.871176873225354,0.7990732434559981
80,stat,RF,LR,1,0.900990099009901,0.9014474420415014,0.8462635785696112
80,stat,RF,SVM_RBF,1,0.8910891089108911,0.8914415840659028,0.8310926810702906
80,stat,RF,SVM_Lin,1,0.900990099009901,0.9014474420415014,0.8462635785696112
80,stat,RF,GBM,1,0.8613861386138614,0.8617596605136932,0.7841986247640899
80,stat,RF,RF,2,0.9108910891089109,0.909193226073384,0.8613112558598007
80,stat,RF,XGB,2,0.900990099009901,0.9003377689685345,0.8455801905169709
80,stat,RF,LR,2,0.8811881188118812,0.8730862973937844,0.8183835938435705
80,stat,RF,SVM_RBF,2,0.9207920792079208,0.9194402065689193,0.8777629864905447
80,stat,RF,SVM_Lin,2,0.900990099009901,0.9002168556624002,0.8463420892247127
80,stat,RF,GBM,2,0.8811881188118812,0.8754674201597374,0.8161273560146198
80,stat,RF,RF,3,0.9306930693069307,0.9277968172199149,0.8947651674787207
80,stat,RF,XGB,3,0.900990099009901,0.8977647764776477,0.848111872588724
80,stat,RF,LR,3,0.9603960396039604,0.9603724658180103,0.9386152107208372
80,stat,RF,SVM_RBF,3,0.9702970297029703,0.9702404590052501,0.9541254530297664
80,stat,RF,SVM_Lin,3,0.9504950495049505,0.9506807403429419,0.9235167203879563
80,stat,RF,GBM,3,0.9306930693069307,0.929339718687619,0.8941529610882134
80,stat,RF,RF,4,0.9,0.8999472136462501,0.851478335307219
80,stat,RF,XGB,4,0.94,0.940410733452594,0.9076933331720115
80,stat,RF,LR,4,0.94,0.9401348651348652,0.9063163960080995
80,stat,RF,SVM_RBF,4,0.95,0.9501729996910719,0.9217432535622941
80,stat,RF,SVM_Lin,4,0.93,0.9302616675030468,0.8930648800076209
80,stat,RF,GBM,4,0.92,0.9199588626739262,0.8766878560690464
80,stat,LR,RF,0,0.8910891089108911,0.8884793094694083,0.8328819905584461
80,stat,LR,XGB,0,0.9108910891089109,0.9101229870886247,0.860867935783094
80,stat,LR,LR,0,0.9306930693069307,0.9287969588413425,0.89324640283646
80,stat,LR,SVM_RBF,0,0.8910891089108911,0.8877254536170991,0.8321412951436846
80,stat,LR,SVM_Lin,0,0.9108910891089109,0.9090604290953738,0.8622803273877258
80,stat,LR,GBM,0,0.8811881188118812,0.8811881188118812,0.815018315018315
80,stat,LR,RF,1,0.8811881188118812,0.8797156638740797,0.8145671301686009
80,stat,LR,XGB,1,0.8712871287128713,0.8717142302465541,0.7996031047288192
80,stat,LR,LR,1,0.8910891089108911,0.8907438362883907,0.832513436516995
80,stat,LR,SVM_RBF,1,0.8910891089108911,0.8907544799230354,0.8306637025552572
80,stat,LR,SVM_Lin,1,0.8712871287128713,0.8713176445131204,0.8003688918124814
80,stat,LR,GBM,1,0.8415841584158416,0.8425894103575126,0.7562321210037518
80,stat,LR,RF,2,0.9108910891089109,0.9100695001493052,0.8622994108611848
80,stat,LR,XGB,2,0.8811881188118812,0.878877012369672,0.8144021251396641
80,stat,LR,LR,2,0.9108910891089109,0.9100695001493052,0.8622994108611848
80,stat,LR,SVM_RBF,2,0.9207920792079208,0.9194656307736037,0.8773527508407317
80,stat,LR,SVM_Lin,2,0.900990099009901,0.9006286119365847,0.8474733748120371
80,stat,LR,GBM,2,0.900990099009901,0.8999431450780033,0.8461598231462291
80,stat,LR,RF,3,0.8613861386138614,0.8492299229922992,0.7889341475155666
80,stat,LR,XGB,3,0.900990099009901,0.8995372093600338,0.8458278536039312
80,stat,LR,LR,3,0.9306930693069307,0.9298252047426964,0.8926062791030726
80,stat,LR,SVM_RBF,3,0.9504950495049505,0.9500747567981729,0.923233748988732
80,stat,LR,SVM_Lin,3,0.9207920792079208,0.9194380976559194,0.8770235526512079
80,stat,LR,GBM,3,0.9108910891089109,0.9102323646998846,0.8614503409066635
80,stat,LR,RF,4,0.87,0.8699723559175614,0.8008205373500585
80,stat,LR,XGB,4,0.84,0.8410652021884899,0.7530103560157266
80,stat,LR,LR,4,0.93,0.930324362943558,0.8911516923264866
80,stat,LR,SVM_RBF,4,0.91,0.9104208938636184,0.8597343931082075
80,stat,LR,SVM_Lin,4,0.89,0.8900375537774918,0.827819382840779
80,stat,LR,GBM,4,0.83,0.8322546774902286,0.7399416015347856
80,stat,EN,RF,0,0.9306930693069307,0.9288256800790268,0.8926455619684454
80,stat,EN,XGB,0,0.9306930693069307,0.9304660782820363,0.892182469030963
80,stat,EN,LR,0,0.9108910891089109,0.9090604290953738,0.8622803273877258
80,stat,EN,SVM_RBF,0,0.9207920792079208,0.9202116375906926,0.8784684379871365
80,stat,EN,SVM_Lin,0,0.8712871287128713,0.8702335891777836,0.799048457078015
80,stat,EN,GBM,0,0.900990099009901,0.8975526124040973,0.8484615099719752
80,stat,EN,RF,1,0.9306930693069307,0.9307455944533446,0.8923390349739507
80,stat,EN,XGB,1,0.9207920792079208,0.9210586443259711,0.8765884495406543
80,stat,EN,LR,1,0.9108910891089109,0.9111751933161899,0.8615641628810978
80,stat,EN,SVM_RBF,1,0.9207920792079208,0.9202429633602158,0.8790363285172443
80,stat,EN,SVM_Lin,1,0.900990099009901,0.9007616146230009,0.8455777898546276
80,stat,EN,GBM,1,0.8910891089108911,0.8918133409979654,0.8298429004524632
80,stat,EN,RF,2,0.9207920792079208,0.9183092155369382,0.8803990764441945
80,stat,EN,XGB,2,0.9207920792079208,0.916202535181287,0.8788260201154741
80,stat,EN,LR,2,0.9603960396039604,0.9604283128256104,0.9385432853185878
80,stat,EN,SVM_RBF,2,0.9504950495049505,0.9502924775236145,0.9234035328840178
80,stat,EN,SVM_Lin,2,0.9207920792079208,0.9194142548494944,0.8779775819677518
80,stat,EN,GBM,2,0.8910891089108911,0.8871898772888871,0.8306316405917967
80,stat,EN,RF,3,0.9108910891089109,0.907464679052175,0.8653520536127048
80,stat,EN,XGB,3,0.900990099009901,0.8991238169104548,0.846271046479051
80,stat,EN,LR,3,0.900990099009901,0.8976227369572402,0.8487032287803556
80,stat,EN,SVM_RBF,3,0.9207920792079208,0.9194771882728934,0.8779259937586422
80,stat,EN,SVM_Lin,3,0.900990099009901,0.9006990467386506,0.847808124087447
80,stat,EN,GBM,3,0.8811881188118812,0.8792164930778792,0.818768687935572
80,stat,EN,RF,4,0.89,0.8907177315564412,0.8391335930550604
80,stat,EN,XGB,4,0.9,0.900627215250503,0.8471049513914102
80,stat,EN,LR,4,0.93,0.930324362943558,0.8911516923264866
80,stat,EN,SVM_RBF,4,0.94,0.940187969924812,0.9067299750777102
80,stat,EN,SVM_Lin,4,0.92,0.9201629072681703,0.8754310460104783
80,stat,EN,GBM,4,0.85,0.8504766081871344,0.7699757699674546
80,FST,RF,RF,0,0.8811881188118812,0.8752752444502958,0.8173873215926482
80,FST,RF,XGB,0,0.900990099009901,0.9000126935770499,0.8455777898546276
80,FST,RF,LR,0,0.9207920792079208,0.9210586443259711,0.8765884495406543
80,FST,RF,SVM_RBF,0,0.900990099009901,0.9007791537122295,0.8460612267594176
80,FST,RF,SVM_Lin,0,0.900990099009901,0.901163631455648,0.8458463536701891
80,FST,RF,GBM,0,0.8514851485148515,0.8506532352581664,0.7688425358691007
80,FST,RF,RF,1,0.9108910891089109,0.9106644913908036,0.8613681285742345
80,FST,RF,XGB,1,0.8910891089108911,0.8918244609606849,0.8299895071065215
80,FST,RF,LR,1,0.8910891089108911,0.8915081674784895,0.8305835788984443
80,FST,RF,SVM_RBF,1,0.9306930693069307,0.93072560268075,0.8922960507338291
80,FST,RF,SVM_Lin,1,0.900990099009901,0.9014265737407546,0.8456546309166502
80,FST,RF,GBM,1,0.9207920792079208,0.9208921403257115,0.876548620537916
80,FST,RF,RF,2,0.9504950495049505,0.949125013245134,0.9238170484531831
80,FST,RF,XGB,2,0.9108910891089109,0.9094071497706622,0.861931600918095
80,FST,RF,LR,2,0.9504950495049505,0.9504840820216476,0.9229180064443553
80,FST,RF,SVM_RBF,2,0.9504950495049505,0.9504840820216476,0.9229180064443553
80,FST,RF,SVM_Lin,2,0.900990099009901,0.9007793420576162,0.8473422102247437
80,FST,RF,GBM,2,0.900990099009901,0.8983513019020019,0.8461598231462291
80,FST,RF,RF,3,0.9405940594059405,0.9383702718443545,0.9090381851829827
80,FST,RF,XGB,3,0.9405940594059405,0.9398911739399153,0.9087972905861353
80,FST,RF,LR,3,0.9306930693069307,0.9309288539041489,0.8919924876097921
80,FST,RF,SVM_RBF,3,0.9207920792079208,0.9210513385833357,0.8767858472970937
80,FST,RF,SVM_Lin,3,0.9306930693069307,0.9309288539041489,0.8919924876097921
80,FST,RF,GBM,3,0.9108910891089109,0.9086408640864088,0.8638928783240706
80,FST,RF,RF,4,0.93,0.9304555116914668,0.894726492692835
80,FST,RF,XGB,4,0.95,0.9502274953999091,0.9245718434935133
80,FST,RF,LR,4,0.94,0.9402049206501261,0.9102392872506545
80,FST,RF,SVM_RBF,4,0.96,0.9602130325814536,0.9380289041449422
80,FST,RF,SVM_Lin,4,0.92,0.9202272727272728,0.8797101727471272
80,FST,RF,GBM,4,0.94,0.9402049206501261,0.9102392872506545
80,FST,LR,RF,0,0.7326732673267327,0.7138406148307139,0.5784935094996383
80,FST,LR,XGB,0,0.7821782178217822,0.7824482448244825,0.6686517195023162
80,FST,LR,LR,0,0.7722772277227723,0.7803459428386629,0.664640762994851
80,FST,LR,SVM_RBF,0,0.7920792079207921,0.7926389621593894,0.6792484283366762
80,FST,LR,SVM_Lin,0,0.7326732673267327,0.7395183962840728,0.6039566849544509
80,FST,LR,GBM,0,0.7623762376237624,0.7603811759270928,0.6382950979903101
80,FST,LR,RF,1,0.8217821782178217,0.8199286207690536,0.7211984755806634
80,FST,LR,XGB,1,0.7920792079207921,0.7899608565507714,0.6746249167356206
80,FST,LR,LR,1,0.7821782178217822,0.7838641006957839,0.6639472932747167
80,FST,LR,SVM_RBF,1,0.8415841584158416,0.8408346061086945,0.7528342003896796
80,FST,LR,SVM_Lin,1,0.7326732673267327,0.7391996744600086,0.5896587869831984
80,FST,LR,GBM,1,0.7425742574257426,0.7422551056989715,0.602406928267227
80,FST,LR,RF,2,0.8217821782178217,0.8163714963045601,0.7283974924451669
80,FST,LR,XGB,2,0.8712871287128713,0.8697376368936628,0.7988147431728069
80,FST,LR,LR,2,0.8514851485148515,0.8535897067967666,0.7730403183942728
80,FST,LR,SVM_RBF,2,0.8811881188118812,0.8829817764385133,0.8189230248533257
80,FST,LR,SVM_Lin,2,0.801980198019802,0.8040327320403273,0.6950398799000035
80,FST,LR,GBM,2,0.8415841584158416,0.8403782685960904,0.7525458107965477
80,FST,LR,RF,3,0.7623762376237624,0.7524944899553246,0.6277368785463747
80,FST,LR,XGB,3,0.7524752475247525,0.7457392523968147,0.6114942785532853
80,FST,LR,LR,3,0.7920792079207921,0.7917295245698972,0.6767800048165431
80,FST,LR,SVM_RBF,3,0.7821782178217822,0.7784829765027785,0.6593073828041559
80,FST,LR,SVM_Lin,3,0.7722772277227723,0.770788563882631,0.6449025541635718
80,FST,LR,GBM,3,0.8316831683168316,0.8297084333555069,0.7366763720839062
80,FST,LR,RF,4,0.75,0.7411550802139039,0.6264930151081425
80,FST,LR,XGB,4,0.77,0.7699371464487744,0.6416738301238807
80,FST,LR,LR,4,0.83,0.8333799513231713,0.7426212904699444
80,FST,LR,SVM_RBF,4,0.83,0.8288722730328977,0.7367185152314105
80,FST,LR,SVM_Lin,4,0.81,0.8145792036167623,0.71632315330392
80,FST,LR,GBM,4,0.73,0.7338961038961038,0.5852356319171286
80,FST,EN,RF,0,0.900990099009901,0.8981661644425313,0.850236435437794
80,FST,EN,XGB,0,0.900990099009901,0.8993276080361102,0.8459057596703584
80,FST,EN,LR,0,0.9405940594059405,0.9406172684779026,0.9089245803166617
80,FST,EN,SVM_RBF,0,0.9504950495049505,0.95050712388312,0.9243325840077548
80,FST,EN,SVM_Lin,0,0.9405940594059405,0.9403646462207196,0.9088272541647414
80,FST,EN,GBM,0,0.9306930693069307,0.9302107133790302,0.8920937793836676
80,FST,EN,RF,1,0.9306930693069307,0.9307455944533446,0.8923390349739507
80,FST,EN,XGB,1,0.9108910891089109,0.9105234130840139,0.8611642710402361
80,FST,EN,LR,1,0.9207920792079208,0.9210586443259711,0.8765884495406543
80,FST,EN,SVM_RBF,1,0.9504950495049505,0.9505182876291071,0.9231122248231151
80,FST,EN,SVM_Lin,1,0.9306930693069307,0.9309164285175551,0.8922915352698607
80,FST,EN,GBM,1,0.9405940594059405,0.9406067529829907,0.907599109226681
80,FST,EN,RF,2,0.9108910891089109,0.9063245565062835,0.8636367871140299
80,FST,EN,XGB,2,0.8811881188118812,0.8775992983913776,0.8153850726435194
80,FST,EN,LR,2,0.9108910891089109,0.9082485171594082,0.8626967687390741
80,FST,EN,SVM_RBF,2,0.9306930693069307,0.9299964738501333,0.8926455619684454
80,FST,EN,SVM_Lin,2,0.8910891089108911,0.888977893928389,0.8306316405917967
80,FST,EN,GBM,2,0.8811881188118812,0.8781001578418711,0.8183781976417572
80,FST,EN,RF,3,0.9306930693069307,0.9277968172199149,0.8947651674787207
80,FST,EN,XGB,3,0.9108910891089109,0.9080282233310772,0.8620029102324288
80,FST,EN,LR,3,0.9306930693069307,0.9300197073044296,0.8927743354746698
80,FST,EN,SVM_RBF,3,0.9405940594059405,0.9403465346534653,0.9082037206465385
80,FST,EN,SVM_Lin,3,0.9306930693069307,0.9300120962322477,0.8924838061894402
80,FST,EN,GBM,3,0.900990099009901,0.8958851282671901,0.8523997644445446
80,FST,EN,RF,4,0.9,0.9007125603864733,0.8519152591451954
80,FST,EN,XGB,4,0.94,0.940410733452594,0.9076933331720115
80,FST,EN,LR,4,0.95,0.9502345796618242,0.9225689915447657
80,FST,EN,SVM_RBF,4,0.95,0.9501063996244719,0.921970390737657
80,FST,EN,SVM_Lin,4,0.95,0.9499165894346617,0.9217432535622941
80,FST,EN,GBM,4,0.93,0.9303588626739261,0.892484033655876
80,fst_stat,RF,RF,0,0.8910891089108911,0.8877254536170991,0.8321412951436846
80,fst_stat,RF,XGB,0,0.9306930693069307,0.9304660782820363,0.892182469030963
80,fst_stat,RF,LR,0,0.9306930693069307,0.9309800133528418,0.8918886758410828
80,fst_stat,RF,SVM_RBF,0,0.9405940594059405,0.9407947763417456,0.9074108506018317
80,fst_stat,RF,SVM_Lin,0,0.9108910891089109,0.9112850277070148,0.8611642710402361
80,fst_stat,RF,GBM,0,0.8712871287128713,0.8723638942143551,0.7988147431728069
80,fst_stat,RF,RF,1,0.900990099009901,0.9014032270936908,0.8474733748120371
80,fst_stat,RF,XGB,1,0.900990099009901,0.9014489999983899,0.8454030055249593
80,fst_stat,RF,LR,1,0.9207920792079208,0.9211198042881212,0.8772301841990354
80,fst_stat,RF,SVM_RBF,1,0.9108910891089109,0.9114489434881025,0.8623553852744245
80,fst_stat,RF,SVM_Lin,1,0.900990099009901,0.9016501650165016,0.848203699591814
80,fst_stat,RF,GBM,1,0.8811881188118812,0.8820288555811269,0.8219512314986644
80,fst_stat,RF,RF,2,0.9207920792079208,0.9193939740162902,0.878255328172588
80,fst_stat,RF,XGB,2,0.900990099009901,0.8967594587260002,0.8461598231462291
80,fst_stat,RF,LR,2,0.9108910891089109,0.9098319134239006,0.860919152115792
80,fst_stat,RF,SVM_RBF,2,0.9702970297029703,0.9702480937748948,0.9544862713680324
80,fst_stat,RF,SVM_Lin,2,0.900990099009901,0.9011559050641906,0.8460408682135536
80,fst_stat,RF,GBM,2,0.8712871287128713,0.8686726582190548,0.7986845830055241
80,fst_stat,RF,RF,3,0.9207920792079208,0.9166243206599142,0.8803923327015445
80,fst_stat,RF,XGB,3,0.9306930693069307,0.9300120962322477,0.8924838061894402
80,fst_stat,RF,LR,3,0.9207920792079208,0.9200189875713124,0.8766803073179165
80,fst_stat,RF,SVM_RBF,3,0.9405940594059405,0.9398911739399153,0.9087972905861353
80,fst_stat,RF,SVM_Lin,3,0.9405940594059405,0.9403468445328328,0.9077922929254743
80,fst_stat,RF,GBM,3,0.8811881188118812,0.8782968697615334,0.8156366603840667
80,fst_stat,RF,RF,4,0.89,0.8899570513563165,0.836691970737295
80,fst_stat,RF,XGB,4,0.89,0.8892380952380953,0.8368010798143543
80,fst_stat,RF,LR,4,0.88,0.8805530502850337,0.8191659656455141
80,fst_stat,RF,SVM_RBF,4,0.92,0.9205110565110565,0.8774423389311186
80,fst_stat,RF,SVM_Lin,4,0.9,0.9008309679542557,0.8486307186843904
80,fst_stat,RF,GBM,4,0.91,0.9107343332343334,0.8665045029176996
80,fst_stat,LR,RF,0,0.8910891089108911,0.886842392019088,0.83605199624517
80,fst_stat,LR,XGB,0,0.8316831683168316,0.8286325929890287,0.7368351519233249
80,fst_stat,LR,LR,0,0.8712871287128713,0.8702197580827017,0.7996032727146776
80,fst_stat,LR,SVM_RBF,0,0.8316831683168316,0.8307498338425026,0.7370304643520827
80,fst_stat,LR,SVM_Lin,0,0.8415841584158416,0.8402728513130007,0.7519261188213817
80,fst_stat,LR,GBM,0,0.8514851485148515,0.8507871956990549,0.7680847120093889
80,fst_stat,LR,RF,1,0.8415841584158416,0.8419248078654019,0.7523751571014803
80,fst_stat,LR,XGB,1,0.8217821782178217,0.8212235695654486,0.7239164357554787
80,fst_stat,LR,LR,1,0.8316831683168316,0.8308764209754308,0.7414719424545396
80,fst_stat,LR,SVM_RBF,1,0.8514851485148515,0.8522147443842163,0.7694114189220642
80,fst_stat,LR,SVM_Lin,1,0.7920792079207921,0.7918075285789449,0.6815578065982908
80,fst_stat,LR,GBM,1,0.8316831683168316,0.8275167028898012,0.7484843035954413
80,fst_stat,LR,RF,2,0.8811881188118812,0.8797226454129726,0.8181593334351852
80,fst_stat,LR,XGB,2,0.8613861386138614,0.8608150915521968,0.7836185361055668
80,fst_stat,LR,LR,2,0.8514851485148515,0.8548582787266864,0.7728336818257882
80,fst_stat,LR,SVM_RBF,2,0.8613861386138614,0.8595907043863222,0.7831790151180729
80,fst_stat,LR,SVM_Lin,2,0.8613861386138614,0.8633762731631744,0.7860124136747833
80,fst_stat,LR,GBM,2,0.8316831683168316,0.8318191035342483,0.7375803178466229
80,fst_stat,LR,RF,3,0.8514851485148515,0.8499545870444376,0.7794487687310562
80,fst_stat,LR,XGB,3,0.8910891089108911,0.8903454146319609,0.8302210782149049
80,fst_stat,LR,LR,3,0.8415841584158416,0.8407905053089944,0.7552876956845854
80,fst_stat,LR,SVM_RBF,3,0.8712871287128713,0.8708693654175544,0.8010679710041608
80,fst_stat,LR,SVM_Lin,3,0.8316831683168316,0.8317908445896856,0.7376450764882498
80,fst_stat,LR,GBM,3,0.8514851485148515,0.8515985744915955,0.7685652477791041
80,fst_stat,LR,RF,4,0.79,0.7894395370088333,0.6881553298513275
80,fst_stat,LR,XGB,4,0.84,0.8392631578947369,0.7613649290618081
80,fst_stat,LR,LR,4,0.85,0.850975819072139,0.773686832707601
80,fst_stat,LR,SVM_RBF,4,0.86,0.8568723770209837,0.783476182885946
80,fst_stat,LR,SVM_Lin,4,0.86,0.8608612448064502,0.7848838102386145
80,fst_stat,LR,GBM,4,0.81,0.8121684981684981,0.7095551448492368
80,fst_stat,EN,RF,0,0.9108910891089109,0.910049219316101,0.862524917081006
80,fst_stat,EN,XGB,0,0.9108910891089109,0.9102708076192265,0.861524860534473
80,fst_stat,EN,LR,0,0.8811881188118812,0.8815007195098571,0.814431911414764
80,fst_stat,EN,SVM_RBF,0,0.900990099009901,0.9016358558932818,0.8460164274246467
80,fst_stat,EN,SVM_Lin,0,0.8910891089108911,0.8916028254409152,0.8299300135061773
80,fst_stat,EN,GBM,0,0.8613861386138614,0.8614098251930457,0.7834171029591975
80,fst_stat,EN,RF,1,0.900990099009901,0.9009327232161427,0.8498017200623932
80,fst_stat,EN,XGB,1,0.8910891089108911,0.8907863952763792,0.8298301980184809
80,fst_stat,EN,LR,1,0.9207920792079208,0.92127269628965,0.8790246492914368
80,fst_stat,EN,SVM_RBF,1,0.9108910891089109,0.9113868243835312,0.8626878828754923
80,fst_stat,EN,SVM_Lin,1,0.9108910891089109,0.9113868243835312,0.8626878828754923
80,fst_stat,EN,GBM,1,0.8811881188118812,0.8808262557718253,0.8171250984534564
80,fst_stat,EN,RF,2,0.9306930693069307,0.9273260391849778,0.894614249932561
80,fst_stat,EN,XGB,2,0.8910891089108911,0.8875113380063875,0.8306316405917967
80,fst_stat,EN,LR,2,0.9405940594059405,0.9406037526829606,0.9084439409734242
80,fst_stat,EN,SVM_RBF,2,0.9504950495049505,0.9506655113144026,0.9228230014798017
80,fst_stat,EN,SVM_Lin,2,0.9504950495049505,0.9506655113144026,0.9228230014798017
80,fst_stat,EN,GBM,2,0.8811881188118812,0.8780078007800779,0.816716885964874
80,fst_stat,EN,RF,3,0.9108910891089109,0.9110458103108728,0.8625420376307833
80,fst_stat,EN,XGB,3,0.9306930693069307,0.9303084754106034,0.8919924876097921
80,fst_stat,EN,LR,3,0.9306930693069307,0.9310137318949746,0.8927632485329436
80,fst_stat,EN,SVM_RBF,3,0.9207920792079208,0.9207920792079208,0.8767917047880451
80,fst_stat,EN,SVM_Lin,3,0.9108910891089109,0.910977844772429,0.8614798766445432
80,fst_stat,EN,GBM,3,0.9405940594059405,0.9405940594059405,0.9075937785910339
80,fst_stat,EN,RF,4,0.89,0.8908324498965118,0.8381607354332343
80,fst_stat,EN,XGB,4,0.88,0.8798654568210263,0.8231551082896242
80,fst_stat,EN,LR,4,0.95,0.9503104658197217,0.9240763888295354
80,fst_stat,EN,SVM_RBF,4,0.94,0.9403427172582619,0.9072934873363371
80,fst_stat,EN,SVM_Lin,4,0.92,0.9206270105722161,0.8805041729072783
80,fst_stat,EN,GBM,4,0.88,0.8808659236744344,0.824603367675453
90,stat,RF,RF,0,0.9108910891089109,0.9067173268752977,0.8638449054075519
90,stat,RF,XGB,0,0.9306930693069307,0.9294505921180354,0.892182469030963
90,stat,RF,LR,0,0.9504950495049505,0.9498977047025969,0.9233086967933559
90,stat,RF,SVM_RBF,0,0.9504950495049505,0.9498977047025969,0.9233086967933559
90,stat,RF,SVM_Lin,0,0.9207920792079208,0.9200019414157107,0.876548620537916
90,stat,RF,GBM,0,0.9108910891089109,0.9100189656974748,0.8610562412685702
90,stat,RF,RF,1,0.900990099009901,0.9014032270936908,0.8474733748120371
90,stat,RF,XGB,1,0.8712871287128713,0.8702335891777836,0.799048457078015
90,stat,RF,LR,1,0.8910891089108911,0.8917341895802633,0.831508252827031
90,stat,RF,SVM_RBF,1,0.9108910891089109,0.9111073176283145,0.8612380559159886
90,stat,RF,SVM_Lin,1,0.900990099009901,0.9010779126693158,0.8455801905169709
90,stat,RF,GBM,1,0.8811881188118812,0.8819937185752715,0.8160624350483616
90,stat,RF,RF,2,0.9306930693069307,0.9258068664009259,0.8960784459826269
90,stat,RF,XGB,2,0.9108910891089109,0.9094993532966742,0.860867935783094
90,stat,RF,LR,2,0.9207920792079208,0.9165659423085166,0.8802061339790763
90,stat,RF,SVM_RBF,2,0.9504950495049505,0.9493284563094628,0.9239229953626563
90,stat,RF,SVM_Lin,2,0.9504950495049505,0.948540708914499,0.9254465614473343
90,stat,RF,GBM,2,0.9108910891089109,0.9046847541897047,0.8643338219755258
90,stat,RF,RF,3,0.9207920792079208,0.9185418541854187,0.8796738840594172
90,stat,RF,XGB,3,0.9207920792079208,0.9166243206599142,0.8803923327015445
90,stat,RF,LR,3,0.9603960396039604,0.9603724658180103,0.9386152107208372
90,stat,RF,SVM_RBF,3,0.9603960396039604,0.9601485148514851,0.9386491574255991
90,stat,RF,SVM_Lin,3,0.9405940594059405,0.9409594386611243,0.9086771974065773
90,stat,RF,GBM,3,0.8910891089108911,0.8881978598605433,0.831339920524896
90,stat,RF,RF,4,0.9,0.9007125603864733,0.8519152591451954
90,stat,RF,XGB,4,0.92,0.9202815177478579,0.8757464258851432
90,stat,RF,LR,4,0.91,0.9103171036204745,0.8625592990263173
90,stat,RF,SVM_RBF,4,0.97,0.969717698241333,0.9532869680511892
90,stat,RF,SVM_Lin,4,0.92,0.920332259988074,0.8762362777857002
90,stat,RF,GBM,4,0.92,0.9205110565110565,0.8774423389311186
90,stat,LR,RF,0,0.8910891089108911,0.8861522868511803,0.8340259137665242
90,stat,LR,XGB,0,0.8910891089108911,0.8899424396221135,0.8298429004524632
90,stat,LR,LR,0,0.9108910891089109,0.909493697619697,0.8613681285742345
90,stat,LR,SVM_RBF,0,0.9207920792079208,0.917895635717418,0.8784673341042589
90,stat,LR,SVM_Lin,0,0.900990099009901,0.8988535695674831,0.8463917266052386
90,stat,LR,GBM,0,0.9108910891089109,0.9105471648713924,0.8614798766445432
90,stat,LR,RF,1,0.8910891089108911,0.8895396170916826,0.8299895071065215
90,stat,LR,XGB,1,0.8910891089108911,0.8904605358296297,0.8346715445620434
90,stat,LR,LR,1,0.9207920792079208,0.9206549226351206,0.8796842502252612
90,stat,LR,SVM_RBF,1,0.900990099009901,0.9001189096989353,0.8465447641714917
90,stat,LR,SVM_Lin,1,0.8910891089108911,0.8907544799230354,0.8306637025552572
90,stat,LR,GBM,1,0.8514851485148515,0.8518018468513519,0.7712166571561666
90,stat,LR,RF,2,0.9405940594059405,0.9395560504974532,0.9082842786655508
90,stat,LR,XGB,2,0.9306930693069307,0.9303368612723342,0.8923207944000032
90,stat,LR,LR,2,0.9306930693069307,0.9304682623183013,0.8936180894785583
90,stat,LR,SVM_RBF,2,0.9504950495049505,0.9504840820216476,0.9229180064443553
90,stat,LR,SVM_Lin,2,0.9207920792079208,0.92127269628965,0.8790246492914368
90,stat,LR,GBM,2,0.900990099009901,0.8993399339933993,0.8478468468328184
90,stat,LR,RF,3,0.900990099009901,0.8955172099488431,0.8487032287803556
90,stat,LR,XGB,3,0.9108910891089109,0.9095103562514251,0.8609960171991302
90,stat,LR,LR,3,0.9108910891089109,0.9080282233310772,0.8620029102324288
90,stat,LR,SVM_RBF,3,0.9504950495049505,0.9498658375826908,0.9229889580204541
90,stat,LR,SVM_Lin,3,0.9108910891089109,0.9088513163301111,0.8616139590679949
90,stat,LR,GBM,3,0.8811881188118812,0.8778455752551999,0.8156093809424397
90,stat,LR,RF,4,0.86,0.8594677954564793,0.7869343714827947
90,stat,LR,XGB,4,0.86,0.8610936517913262,0.7828734504445389
90,stat,LR,LR,4,0.93,0.930635294117647,0.8917461565087447
90,stat,LR,SVM_RBF,4,0.91,0.9104208938636184,0.8597343931082075
90,stat,LR,SVM_Lin,4,0.92,0.9204260651629074,0.8754310460104783
90,stat,LR,GBM,4,0.79,0.7919562306698509,0.6780876878934958
90,stat,EN,RF,0,0.9405940594059405,0.9386635574754386,0.9091838837563767
90,stat,EN,XGB,0,0.9306930693069307,0.9304660782820363,0.892182469030963
90,stat,EN,LR,0,0.9108910891089109,0.9106970150212426,0.8620207967835327
90,stat,EN,SVM_RBF,0,0.9108910891089109,0.9102718902284225,0.8640595372901463
90,stat,EN,SVM_Lin,0,0.900990099009901,0.9003908285565398,0.8463917266052386
90,stat,EN,GBM,0,0.900990099009901,0.8987975720648987,0.8469262033738892
90,stat,EN,RF,1,0.9306930693069307,0.9307455944533446,0.8923390349739507
90,stat,EN,XGB,1,0.9306930693069307,0.930720475585762,0.8925700351244582
90,stat,EN,LR,1,0.9504950495049505,0.9505182876291071,0.9231122248231151
90,stat,EN,SVM_RBF,1,0.9405940594059405,0.9403061852251183,0.9082801088245352
90,stat,EN,SVM_Lin,1,0.9405940594059405,0.9406312113387699,0.9081758859376766
90,stat,EN,GBM,1,0.9108910891089109,0.9114703539319449,0.8612380559159886
90,stat,EN,RF,2,0.8910891089108911,0.8860753082980931,0.8348981621996363
90,stat,EN,XGB,2,0.9504950495049505,0.9481145025699482,0.9248943323892928
90,stat,EN,LR,2,0.9702970297029703,0.9704057464569985,0.9538722806172829
90,stat,EN,SVM_RBF,2,0.9603960396039604,0.9603960396039604,0.9383394383394383
90,stat,EN,SVM_Lin,2,0.9504950495049505,0.9504840820216476,0.9229180064443553
90,stat,EN,GBM,2,0.900990099009901,0.8948195272015891,0.8493708863907837
90,stat,EN,RF,3,0.9405940594059405,0.9398911739399153,0.9087972905861353
90,stat,EN,XGB,3,0.8712871287128713,0.8680327094712651,0.799289210298357
90,stat,EN,LR,3,0.9207920792079208,0.9194771882728934,0.8779259937586422
90,stat,EN,SVM_RBF,3,0.9405940594059405,0.9403468445328328,0.9077922929254743
90,stat,EN,SVM_Lin,3,0.8910891089108911,0.8907706430482301,0.8312444821069072
90,stat,EN,GBM,3,0.900990099009901,0.8994896593906496,0.847808124087447
90,stat,EN,RF,4,0.91,0.9107343332343334,0.8665045029176996
90,stat,EN,XGB,4,0.9,0.900891812865497,0.8494530377180176
90,stat,EN,LR,4,0.91,0.9094415814817944,0.8624818489794751
90,stat,EN,SVM_RBF,4,0.93,0.930324362943558,0.8911516923264866
90,stat,EN,SVM_Lin,4,0.91,0.910515998461204,0.8658763955266363
90,stat,EN,GBM,4,0.9,0.9000894339897766,0.8477178610475937
90,FST,RF,RF,0,0.8712871287128713,0.8666905604587608,0.801552347078928
90,FST,RF,XGB,0,0.8811881188118812,0.880464040044704,0.8152383865885755
90,FST,RF,LR,0,0.8613861386138614,0.8603467723463747,0.7838426961477086
90,FST,RF,SVM_RBF,0,0.8712871287128713,0.8708250825082509,0.8012039333012806
90,FST,RF,SVM_Lin,0,0.8514851485148515,0.851497750241708,0.7675358283916017
90,FST,RF,GBM,0,0.8712871287128713,0.8710156744735886,0.7991891924909039
90,FST,RF,RF,1,0.8811881188118812,0.8796995084123796,0.8153850726435194
90,FST,RF,XGB,1,0.9108910891089109,0.9110344518614757,0.8610562412685702
90,FST,RF,LR,1,0.8811881188118812,0.8820746028091181,0.8143455932707492
90,FST,RF,SVM_RBF,1,0.9306930693069307,0.9309800133528418,0.8918886758410828
90,FST,RF,SVM_Lin,1,0.8811881188118812,0.8821519074984422,0.8148026706502578
90,FST,RF,GBM,1,0.9306930693069307,0.9309271683470867,0.8918929711137247
90,FST,RF,RF,2,0.9306930693069307,0.9299964738501333,0.8926455619684454
90,FST,RF,XGB,2,0.9207920792079208,0.9191498402833329,0.8775508762730496
90,FST,RF,LR,2,0.9306930693069307,0.9304660782820363,0.892182469030963
90,FST,RF,SVM_RBF,2,0.9702970297029703,0.9703510092759634,0.9537573271185206
90,FST,RF,SVM_Lin,2,0.9108910891089109,0.9111751933161899,0.8615641628810978
90,FST,RF,GBM,2,0.8910891089108911,0.8869647767919524,0.831116648562668
90,FST,RF,RF,3,0.9306930693069307,0.929339718687619,0.8941529610882134
90,FST,RF,XGB,3,0.9306930693069307,0.9304073523764096,0.8938395931546594
90,FST,RF,LR,3,0.9306930693069307,0.9310109769853181,0.892036186491846
90,FST,RF,SVM_RBF,3,0.9405940594059405,0.9405940594059405,0.9075937785910339
90,FST,RF,SVM_Lin,3,0.8910891089108911,0.892034100799442,0.8314196614284379
90,FST,RF,GBM,3,0.9108910891089109,0.9081997668545979,0.8627464408065547
90,FST,RF,RF,4,0.93,0.9302689622471837,0.8921930817180582
90,FST,RF,XGB,4,0.93,0.9304555116914668,0.894726492692835
90,FST,RF,LR,4,0.94,0.9404380576748997,0.9095629455378517
90,FST,RF,SVM_RBF,4,0.96,0.9601407588739289,0.938840548787531
90,FST,RF,SVM_Lin,4,0.91,0.9104735294357238,0.8674176527034604
90,FST,RF,GBM,4,0.91,0.9099420790653667,0.8645674457958343
90,FST,LR,RF,0,0.8118811881188119,0.7968391124776248,0.7085118538667071
90,FST,LR,XGB,0,0.7821782178217822,0.7830005222744498,0.6679888778753189
90,FST,LR,LR,0,0.8217821782178217,0.8244432789487859,0.7328181177650402
90,FST,LR,SVM_RBF,0,0.8217821782178217,0.8228380530360728,0.7280537490183816
90,FST,LR,SVM_Lin,0,0.8118811881188119,0.8163364722654526,0.717560515230662
90,FST,LR,GBM,0,0.7623762376237624,0.758881257439974,0.6330829777458954
90,FST,LR,RF,1,0.8217821782178217,0.8169708823802351,0.7226975985177594
90,FST,LR,XGB,1,0.7920792079207921,0.7896522579087176,0.6762473065195416
90,FST,LR,LR,1,0.8217821782178217,0.8225034607691646,0.7235273917430322
90,FST,LR,SVM_RBF,1,0.8514851485148515,0.8506070119207042,0.7682918654108948
90,FST,LR,SVM_Lin,1,0.801980198019802,0.8053062867262335,0.6952062882954175
90,FST,LR,GBM,1,0.7920792079207921,0.7919120242230602,0.6770898148601522
90,FST,LR,RF,2,0.8613861386138614,0.8593327042519331,0.784651495284686
90,FST,LR,XGB,2,0.900990099009901,0.8999309233248907,0.8453946325007777
90,FST,LR,LR,2,0.8514851485148515,0.8517459198987984,0.7696322917847017
90,FST,LR,SVM_RBF,2,0.9108910891089109,0.9122486198473314,0.8633561661950266
90,FST,LR,SVM_Lin,2,0.801980198019802,0.803302881012739,0.6968176909845526
90,FST,LR,GBM,2,0.8613861386138614,0.860783948107685,0.7847330734566386
90,FST,LR,RF,3,0.7524752475247525,0.745689296441413,0.61789669476874
90,FST,LR,XGB,3,0.8316831683168316,0.8298679867986798,0.7370447541169021
90,FST,LR,LR,3,0.801980198019802,0.8050580134001242,0.6992758199624748
90,FST,LR,SVM_RBF,3,0.801980198019802,0.7989050525923233,0.6927955211010207
90,FST,LR,SVM_Lin,3,0.8217821782178217,0.8235720397436569,0.7247182356940174
90,FST,LR,GBM,3,0.8217821782178217,0.8119409354728576,0.7215621678224816
90,FST,LR,RF,4,0.83,0.8258340865231942,0.7484512120466194
90,FST,LR,XGB,4,0.79,0.7917631747292259,0.6809161562389561
90,FST,LR,LR,4,0.8,0.8052181579714369,0.6982013787996477
90,FST,LR,SVM_RBF,4,0.85,0.851569264069264,0.7715175306705913
90,FST,LR,SVM_Lin,4,0.78,0.7875704465136951,0.671841296134407
90,FST,LR,GBM,4,0.8,0.8009956680346558,0.6927796743065371
90,FST,EN,RF,0,0.9603960396039604,0.9597784209803552,0.9388398505638295
90,FST,EN,XGB,0,0.9405940594059405,0.9402947271471334,0.9074927109608348
90,FST,EN,LR,0,0.9405940594059405,0.9405160976802287,0.9104186431791272
90,FST,EN,SVM_RBF,0,0.9702970297029703,0.9702512239062691,0.954103225984714
90,FST,EN,SVM_Lin,0,0.9405940594059405,0.940688820348537,0.9083564548863449
90,FST,EN,GBM,0,0.9504950495049505,0.9504840820216476,0.9229180064443553
90,FST,EN,RF,1,0.9504950495049505,0.9504840820216476,0.9229180064443553
90,FST,EN,XGB,1,0.900990099009901,0.9001136955800842,0.8460408682135536
90,FST,EN,LR,1,0.9504950495049505,0.9504840820216476,0.9229180064443553
90,FST,EN,SVM_RBF,1,0.9504950495049505,0.9504562220927976,0.9230184454395901
90,FST,EN,SVM_Lin,1,0.9504950495049505,0.950583826211912,0.9231973806272874
90,FST,EN,GBM,1,0.9207920792079208,0.9212944267399712,0.877389806332004
90,FST,EN,RF,2,0.9207920792079208,0.9160620815754869,0.8796967105394855
90,FST,EN,XGB,2,0.900990099009901,0.8982637599913121,0.8461598231462291
90,FST,EN,LR,2,0.9306930693069307,0.9299964738501333,0.8926455619684454
90,FST,EN,SVM_RBF,2,0.9405940594059405,0.939454278729822,0.9081906003048376
90,FST,EN,SVM_Lin,2,0.9306930693069307,0.9299964738501333,0.8926455619684454
90,FST,EN,GBM,2,0.9207920792079208,0.9193939740162902,0.878255328172588
90,FST,EN,RF,3,0.9306930693069307,0.9277968172199149,0.8947651674787207
90,FST,EN,XGB,3,0.9108910891089109,0.9069136944248768,0.8632384687466953
90,FST,EN,LR,3,0.9405940594059405,0.9398911739399153,0.9087972905861353
90,FST,EN,SVM_RBF,3,0.9405940594059405,0.9404198215437475,0.9074820385123631
90,FST,EN,SVM_Lin,3,0.9405940594059405,0.9403468445328328,0.9077922929254743
90,FST,EN,GBM,3,0.9207920792079208,0.9165869395928357,0.8812171030617669
90,FST,EN,RF,4,0.92,0.9205292397660818,0.8812439448182429
90,FST,EN,XGB,4,0.96,0.9600266400266401,0.9377039768222328
90,FST,EN,LR,4,0.99,0.9900015627441787,0.9845288446520294
90,FST,EN,SVM_RBF,4,0.99,0.9900602228244505,0.9845794144419736
90,FST,EN,SVM_Lin,4,0.98,0.98,0.9687402313222883
90,FST,EN,GBM,4,0.94,0.940079559363525,0.9072934873363371
90,fst_stat,RF,RF,0,0.9207920792079208,0.9205896246878826,0.8769629013739549
90,fst_stat,RF,XGB,0,0.9108910891089109,0.9103041568454542,0.8615641628810978
90,fst_stat,RF,LR,0,0.9306930693069307,0.9307455944533446,0.8923390349739507
90,fst_stat,RF,SVM_RBF,0,0.9306930693069307,0.9309271683470867,0.8918929711137247
90,fst_stat,RF,SVM_Lin,0,0.9306930693069307,0.9299964738501333,0.8926455619684454
90,fst_stat,RF,GBM,0,0.9306930693069307,0.9310629338795949,0.8923207944000032
90,fst_stat,RF,RF,1,0.900990099009901,0.9006154669521006,0.8475195711175866
90,fst_stat,RF,XGB,1,0.9306930693069307,0.9309271683470867,0.8918929711137247
90,fst_stat,RF,LR,1,0.9207920792079208,0.9210474004299862,0.8778270447658075
90,fst_stat,RF,SVM_RBF,1,0.9108910891089109,0.9110731845999068,0.8632928248351506
90,fst_stat,RF,SVM_Lin,1,0.9108910891089109,0.9112363285518196,0.861584665915718
90,fst_stat,RF,GBM,1,0.8910891089108911,0.8918219436264789,0.8365308039254882
90,fst_stat,RF,RF,2,0.9207920792079208,0.9193939740162902,0.878255328172588
90,fst_stat,RF,XGB,2,0.900990099009901,0.9010981506545436,0.8456546309166502
90,fst_stat,RF,LR,2,0.9405940594059405,0.9406151006478979,0.907580400517942
90,fst_stat,RF,SVM_RBF,2,0.9900990099009901,0.9900365072375243,0.9846916527572394
90,fst_stat,RF,SVM_Lin,2,0.9405940594059405,0.9407897766520839,0.9074927109608348
90,fst_stat,RF,GBM,2,0.8811881188118812,0.8797156638740797,0.8145671301686009
90,fst_stat,RF,RF,3,0.9108910891089109,0.9051394576990641,0.866176425014299
90,fst_stat,RF,XGB,3,0.9207920792079208,0.9195074954251852,0.8775341685325931
90,fst_stat,RF,LR,3,0.9405940594059405,0.9398911739399153,0.9087972905861353
90,fst_stat,RF,SVM_RBF,3,0.9405940594059405,0.9398911739399153,0.9087972905861353
90,fst_stat,RF,SVM_Lin,3,0.9306930693069307,0.9300197073044296,0.8927743354746698
90,fst_stat,RF,GBM,3,0.9207920792079208,0.9185418541854187,0.8796738840594172
90,fst_stat,RF,RF,4,0.9,0.9007125603864733,0.8519152591451954
90,fst_stat,RF,XGB,4,0.91,0.9100029239766081,0.8653484912681303
90,fst_stat,RF,LR,4,0.89,0.8908200779433656,0.8338306369949325
90,fst_stat,RF,SVM_RBF,4,0.94,0.9399843274261879,0.90718934703697
90,fst_stat,RF,SVM_Lin,4,0.88,0.8809489489489489,0.8161198785596085
90,fst_stat,RF,GBM,4,0.91,0.9100029239766081,0.8653484912681303
90,fst_stat,LR,RF,0,0.9108910891089109,0.9104382371709104,0.8643062957688407
90,fst_stat,LR,XGB,0,0.8613861386138614,0.8587024491922876,0.78392511031943
90,fst_stat,LR,LR,0,0.8514851485148515,0.8510260298649617,0.7682303842217828
90,fst_stat,LR,SVM_RBF,0,0.8514851485148515,0.8528464224305341,0.7682303842217828
90,fst_stat,LR,SVM_Lin,0,0.8415841584158416,0.8402640264026402,0.7529806745321006
90,fst_stat,LR,GBM,0,0.8415841584158416,0.84214920230974,0.7521323861705106
90,fst_stat,LR,RF,1,0.8712871287128713,0.8710903792616782,0.7998475284659713
90,fst_stat,LR,XGB,1,0.8217821782178217,0.8208756589944709,0.7267878308951091
90,fst_stat,LR,LR,1,0.8613861386138614,0.8606810681068108,0.78794639862717
90,fst_stat,LR,SVM_RBF,1,0.8811881188118812,0.8817668693330678,0.8152918923085798
90,fst_stat,LR,SVM_Lin,1,0.8415841584158416,0.8406811221220322,0.7609878086266455
90,fst_stat,LR,GBM,1,0.8316831683168316,0.8283041921213398,0.7495771420620182
90,fst_stat,LR,RF,2,0.8910891089108911,0.8904256287697735,0.830155317431974
90,fst_stat,LR,XGB,2,0.8811881188118812,0.8798641492056183,0.8143455932707492
90,fst_stat,LR,LR,2,0.900990099009901,0.9022550903739022,0.847167717972975
90,fst_stat,LR,SVM_RBF,2,0.8613861386138614,0.8610177296799447,0.7832965540407205
90,fst_stat,LR,SVM_Lin,2,0.8415841584158416,0.8449369060370228,0.7594081578477389
90,fst_stat,LR,GBM,2,0.8613861386138614,0.8601083612326625,0.7856492651415574
90,fst_stat,LR,RF,3,0.900990099009901,0.8999189392623472,0.8502136810789046
90,fst_stat,LR,XGB,3,0.9108910891089109,0.909797948120604,0.8613524422021726
90,fst_stat,LR,LR,3,0.8514851485148515,0.8524908046360191,0.770676717363186
90,fst_stat,LR,SVM_RBF,3,0.8811881188118812,0.8804220987212173,0.8146778450165529
90,fst_stat,LR,SVM_Lin,3,0.8514851485148515,0.8537320855373208,0.772963479790908
90,fst_stat,LR,GBM,3,0.8811881188118812,0.8793468820566266,0.8185501184723525
90,fst_stat,LR,RF,4,0.82,0.8184512352677512,0.733188203711051
90,fst_stat,LR,XGB,4,0.88,0.8797213387854006,0.822042259751826
90,fst_stat,LR,LR,4,0.84,0.8409393228845283,0.7530103560157266
90,fst_stat,LR,SVM_RBF,4,0.86,0.8553550891316849,0.7900762148613487
90,fst_stat,LR,SVM_Lin,4,0.83,0.8341448140900195,0.737795932695046
90,fst_stat,LR,GBM,4,0.8,0.8018010899404524,0.6920851613448042
90,fst_stat,EN,RF,0,0.8910891089108911,0.8884793094694083,0.8328819905584461
90,fst_stat,EN,XGB,0,0.8910891089108911,0.888956355260144,0.831116648562668
90,fst_stat,EN,LR,0,0.8811881188118812,0.8818039698706713,0.8147289855863755
90,fst_stat,EN,SVM_RBF,0,0.8514851485148515,0.8521417128450246,0.7676399792390922
90,fst_stat,EN,SVM_Lin,0,0.8910891089108911,0.8916019384315723,0.8309430686480508
90,fst_stat,EN,GBM,0,0.8613861386138614,0.8600093851923383,0.7863866263937329
90,fst_stat,EN,RF,1,0.900990099009901,0.9017120704957584,0.8504913156798446
90,fst_stat,EN,XGB,1,0.8910891089108911,0.8909732511712709,0.8304095490374522
90,fst_stat,EN,LR,1,0.9207920792079208,0.9212871287128712,0.8794467972062462
90,fst_stat,EN,SVM_RBF,1,0.9603960396039604,0.9605377871876807,0.9385432853185878
90,fst_stat,EN,SVM_Lin,1,0.9108910891089109,0.911381752042017,0.8632928248351506
90,fst_stat,EN,GBM,1,0.8910891089108911,0.8906170937459877,0.834232804458878
90,fst_stat,EN,RF,2,0.9504950495049505,0.9502061611996743,0.9235137989076654
90,fst_stat,EN,XGB,2,0.8910891089108911,0.889330907880704,0.8298429004524632
90,fst_stat,EN,LR,2,0.9405940594059405,0.9403352806530334,0.9076942355508727
90,fst_stat,EN,SVM_RBF,2,0.9504950495049505,0.9501422716111273,0.9243326673613046
90,fst_stat,EN,SVM_Lin,2,0.9207920792079208,0.9212180520377619,0.8764436717308063
90,fst_stat,EN,GBM,2,0.8811881188118812,0.8780078007800779,0.816716885964874
90,fst_stat,EN,RF,3,0.9306930693069307,0.931021121098568,0.893818610567782
90,fst_stat,EN,XGB,3,0.9405940594059405,0.9398911739399153,0.9087972905861353
90,fst_stat,EN,LR,3,0.9108910891089109,0.911570501877774,0.8629725512829034
90,fst_stat,EN,SVM_RBF,3,0.9405940594059405,0.9405940594059405,0.9075937785910339
90,fst_stat,EN,SVM_Lin,3,0.9504950495049505,0.9507268177546442,0.9237119659181598
90,fst_stat,EN,GBM,3,0.9306930693069307,0.9309260337798486,0.8933234540389664
90,fst_stat,EN,RF,4,0.9,0.9003370382477933,0.8538005337382051
90,fst_stat,EN,XGB,4,0.89,0.8909125334125335,0.8345478551980721
90,fst_stat,EN,LR,4,0.95,0.9502274953999091,0.9245718434935133
90,fst_stat,EN,SVM_RBF,4,0.93,0.9304851784634,0.892484033655876
90,fst_stat,EN,SVM_Lin,4,0.95,0.9502274953999091,0.9245718434935133
90,fst_stat,EN,GBM,4,0.89,0.8898107224583197,0.8378117596981638
100,stat,RF,RF,0,0.9108910891089109,0.9067173268752977,0.8638449054075519
100,stat,RF,XGB,0,0.9306930693069307,0.9294505921180354,0.892182469030963
100,stat,RF,LR,0,0.9405940594059405,0.9403352806530334,0.9076942355508727
100,stat,RF,SVM_RBF,0,0.9504950495049505,0.9493284563094628,0.9239229953626563
100,stat,RF,SVM_Lin,0,0.9108910891089109,0.9086365297845997,0.863037790298387
100,stat,RF,GBM,0,0.8910891089108911,0.888956355260144,0.831116648562668
100,stat,RF,RF,1,0.8811881188118812,0.8790931267039748,0.8183781976417572
100,stat,RF,XGB,1,0.900990099009901,0.901163631455648,0.8458463536701891
100,stat,RF,LR,1,0.9306930693069307,0.9309622826143018,0.8936180894785583
100,stat,RF,SVM_RBF,1,0.9306930693069307,0.9309905963887594,0.8925857529329918
100,stat,RF,SVM_Lin,1,0.9108910891089109,0.9112850277070148,0.8611642710402361
100,stat,RF,GBM,1,0.8811881188118812,0.8809935047558809,0.8149211919588807
100,stat,RF,RF,2,0.9306930693069307,0.928421626894437,0.8927630622627019
100,stat,RF,XGB,2,0.9405940594059405,0.9397996776421828,0.9074927109608348
100,stat,RF,LR,2,0.9306930693069307,0.9288911516634288,0.8934734351234607
100,stat,RF,SVM_RBF,2,0.9702970297029703,0.9700409956962084,0.953943041774986
100,stat,RF,SVM_Lin,2,0.9405940594059405,0.9386397188154891,0.9097161503557522
100,stat,RF,GBM,2,0.9108910891089109,0.9044666457595986,0.8653103994947355
100,stat,RF,RF,3,0.9405940594059405,0.9386933283149222,0.9093026835568102
100,stat,RF,XGB,3,0.9306930693069307,0.9277968172199149,0.8947651674787207
100,stat,RF,LR,3,0.9603960396039604,0.9603724658180103,0.9386152107208372
100,stat,RF,SVM_RBF,3,0.9702970297029703,0.9700435782483235,0.9539854284311161
100,stat,RF,SVM_Lin,3,0.9504950495049505,0.9506807403429419,0.9235167203879563
100,stat,RF,GBM,3,0.900990099009901,0.8982669695540983,0.8505502549922563
100,stat,RF,RF,4,0.91,0.910515998461204,0.8658763955266363
100,stat,RF,XGB,4,0.92,0.9202815177478579,0.8757464258851432
100,stat,RF,LR,4,0.93,0.9295944668358461,0.8921970933259508
100,stat,RF,SVM_RBF,4,0.97,0.9693131955484897,0.9540611646196381
100,stat,RF,SVM_Lin,4,0.89,0.8908200779433656,0.8338306369949325
100,stat,RF,GBM,4,0.94,0.9397737272155876,0.908384224062902
100,stat,LR,RF,0,0.9108910891089109,0.9086365297845997,0.863037790298387
100,stat,LR,XGB,0,0.9306930693069307,0.9299964738501333,0.8926455619684454
100,stat,LR,LR,0,0.9108910891089109,0.9100189656974748,0.8610562412685702
100,stat,LR,SVM_RBF,0,0.9207920792079208,0.917895635717418,0.8784673341042589
100,stat,LR,SVM_Lin,0,0.900990099009901,0.8995224915580721,0.8456848077114552
100,stat,LR,GBM,0,0.900990099009901,0.8987975720648987,0.8469262033738892
100,stat,LR,RF,1,0.8910891089108911,0.888791725254682,0.8304642965828187
100,stat,LR,XGB,1,0.8811881188118812,0.8802469365135388,0.8157414575066668
100,stat,LR,LR,1,0.9306930693069307,0.9299976540984185,0.8958484865074472
100,stat,LR,SVM_RBF,1,0.9108910891089109,0.9101808915068721,0.8627003191827327
100,stat,LR,SVM_Lin,1,0.9207920792079208,0.9196756871402818,0.8816899843960793
100,stat,LR,GBM,1,0.8712871287128713,0.8691247405283515,0.7988037857437845
100,stat,LR,RF,2,0.9405940594059405,0.9399741512612799,0.9084439409734242
100,stat,LR,XGB,2,0.9405940594059405,0.9399741512612799,0.9084439409734242
100,stat,LR,LR,2,0.9306930693069307,0.9304682623183013,0.8936180894785583
100,stat,LR,SVM_RBF,2,0.9306930693069307,0.9294472581498244,0.8936557530743188
100,stat,LR,SVM_Lin,2,0.9504950495049505,0.950475621740501,0.9248807936826922
100,stat,LR,GBM,2,0.9207920792079208,0.9204902028664405,0.8772301841990354
100,stat,LR,RF,3,0.900990099009901,0.898035942590398,0.8463674921615466
100,stat,LR,XGB,3,0.8910891089108911,0.8908379913621616,0.8304122232069379
100,stat,LR,LR,3,0.8811881188118812,0.8802502172598675,0.8144563361028008
100,stat,LR,SVM_RBF,3,0.9504950495049505,0.9498658375826908,0.9229889580204541
100,stat,LR,SVM_Lin,3,0.9108910891089109,0.9095103562514251,0.8609960171991302
100,stat,LR,GBM,3,0.8910891089108911,0.8890302213589311,0.8302971431081763
100,stat,LR,RF,4,0.84,0.8399899035791811,0.7575683570261925
100,stat,LR,XGB,4,0.84,0.841672514619883,0.754080316417342
100,stat,LR,LR,4,0.93,0.9302689622471837,0.8921930817180582
100,stat,LR,SVM_RBF,4,0.92,0.9199787347155768,0.8772587744632989
100,stat,LR,SVM_Lin,4,0.92,0.9199787347155768,0.8772587744632989
100,stat,LR,GBM,4,0.79,0.7920493749010918,0.6762765359750011
100,stat,EN,RF,0,0.9306930693069307,0.9287969588413425,0.89324640283646
100,stat,EN,XGB,0,0.9207920792079208,0.9201364256565002,0.8769377040081464
100,stat,EN,LR,0,0.900990099009901,0.8998716302952502,0.8481602846458466
100,stat,EN,SVM_RBF,0,0.9108910891089109,0.9102718902284225,0.8640595372901463
100,stat,EN,SVM_Lin,0,0.9108910891089109,0.9102718902284225,0.8640595372901463
100,stat,EN,GBM,0,0.900990099009901,0.8993399339933993,0.8478468468328184
100,stat,EN,RF,1,0.9207920792079208,0.9211198042881212,0.8772301841990354
100,stat,EN,XGB,1,0.9306930693069307,0.930720475585762,0.8925700351244582
100,stat,EN,LR,1,0.9504950495049505,0.950583826211912,0.9231973806272874
100,stat,EN,SVM_RBF,1,0.9306930693069307,0.9302863500422791,0.8935249303693386
100,stat,EN,SVM_Lin,1,0.9603960396039604,0.96042080755918,0.9389873620813465
100,stat,EN,GBM,1,0.9207920792079208,0.9210586443259711,0.8765884495406543
100,stat,EN,RF,2,0.9306930693069307,0.9273465808119272,0.8942378994694439
100,stat,EN,XGB,2,0.9504950495049505,0.948540708914499,0.9254465614473343
100,stat,EN,LR,2,0.9801980198019802,0.9802415250033226,0.9695061701192337
100,stat,EN,SVM_RBF,2,0.9801980198019802,0.9802471409931691,0.9693999531227072
100,stat,EN,SVM_Lin,2,0.9603960396039604,0.9605334857810107,0.9396422618567898
100,stat,EN,GBM,2,0.8811881188118812,0.8736631427117866,0.8197229790245554
100,stat,EN,RF,3,0.9108910891089109,0.9092520006414767,0.8648274312953399
100,stat,EN,XGB,3,0.900990099009901,0.8969395195333486,0.8471109287340981
100,stat,EN,LR,3,0.9405940594059405,0.9394643787687039,0.9082756702808297
100,stat,EN,SVM_RBF,3,0.9603960396039604,0.9604632893051578,0.9383737425533973
100,stat,EN,SVM_Lin,3,0.9504950495049505,0.9504862160762362,0.9229889580204541
100,stat,EN,GBM,3,0.8712871287128713,0.8686984368449938,0.8001850712826445
100,stat,EN,RF,4,0.88,0.8805737930344776,0.825743765826919
100,stat,EN,XGB,4,0.89,0.8906078939786807,0.8328662577661715
100,stat,EN,LR,4,0.94,0.9402671437090041,0.9076933331720115
100,stat,EN,SVM_RBF,4,0.94,0.9397972758948369,0.9066432188623881
100,stat,EN,SVM_Lin,4,0.91,0.9106157497792503,0.8635749104499056
100,stat,EN,GBM,4,0.92,0.9202018073250948,0.8786721193210324
100,FST,RF,RF,0,0.8811881188118812,0.8785392824996785,0.816716885964874
100,FST,RF,XGB,0,0.900990099009901,0.8997364152553501,0.8462459988112973
100,FST,RF,LR,0,0.8811881188118812,0.8806000366346274,0.8147298059664233
100,FST,RF,SVM_RBF,0,0.8910891089108911,0.8913325089314739,0.8300906951800235
100,FST,RF,SVM_Lin,0,0.8811881188118812,0.880464040044704,0.8152383865885755
100,FST,RF,GBM,0,0.8415841584158416,0.8348913949426903,0.7549183691319391
100,FST,RF,RF,1,0.900990099009901,0.9002168556624002,0.8463420892247127
100,FST,RF,XGB,1,0.9207920792079208,0.9208921403257115,0.876548620537916
100,FST,RF,LR,1,0.9207920792079208,0.9207920792079208,0.8766788766788767
100,FST,RF,SVM_RBF,1,0.9405940594059405,0.9406312113387699,0.9081758859376766
100,FST,RF,SVM_Lin,1,0.8811881188118812,0.8820746028091181,0.8143455932707492
100,FST,RF,GBM,1,0.9108910891089109,0.9110344518614757,0.8610562412685702
100,FST,RF,RF,2,0.9108910891089109,0.9082485171594082,0.8626967687390741
100,FST,RF,XGB,2,0.900990099009901,0.898515931907464,0.8468746327009877
100,FST,RF,LR,2,0.9405940594059405,0.9403352806530334,0.9076942355508727
100,FST,RF,SVM_RBF,2,0.9702970297029703,0.9703510092759634,0.9537573271185206
100,FST,RF,SVM_Lin,2,0.9405940594059405,0.9406067529829907,0.907599109226681
100,FST,RF,GBM,2,0.8712871287128713,0.8668447101531982,0.7998848710300392
100,FST,RF,RF,3,0.9405940594059405,0.9398911739399153,0.9087972905861353
100,FST,RF,XGB,3,0.9306930693069307,0.929339718687619,0.8941529610882134
100,FST,RF,LR,3,0.9603960396039604,0.960330301322815,0.9392736244126444
100,FST,RF,SVM_RBF,3,0.9504950495049505,0.9501652593872869,0.9242616445177659
100,FST,RF,SVM_Lin,3,0.9306930693069307,0.9309898371559167,0.8920039908713566
100,FST,RF,GBM,3,0.9306930693069307,0.9277968172199149,0.8947651674787207
100,FST,RF,RF,4,0.94,0.9402292383292382,0.9091819786103054
100,FST,RF,XGB,4,0.94,0.940079559363525,0.9072934873363371
100,FST,RF,LR,4,0.96,0.9601407588739289,0.938840548787531
100,FST,RF,SVM_RBF,4,0.97,0.9701380487417639,0.9539862907630449
100,FST,RF,SVM_Lin,4,0.94,0.9404380576748997,0.9095629455378517
100,FST,RF,GBM,4,0.96,0.9602020274299343,0.9391503885583227
100,FST,LR,RF,0,0.8118811881188119,0.8021658180998366,0.7078436050957873
100,FST,LR,XGB,0,0.7623762376237624,0.7605929448479557,0.6348634540257359
100,FST,LR,LR,0,0.8217821782178217,0.8236649523075876,0.7320033103071332
100,FST,LR,SVM_RBF,0,0.8217821782178217,0.8220705990296903,0.7276753344435676
100,FST,LR,SVM_Lin,0,0.7623762376237624,0.7651265126512651,0.657744145408266
100,FST,LR,GBM,0,0.7722772277227723,0.766886688668867,0.6470047842863655
100,FST,LR,RF,1,0.8217821782178217,0.8080068876452862,0.7233598121401944
100,FST,LR,XGB,1,0.7524752475247525,0.749444727670599,0.616542549611298
100,FST,LR,LR,1,0.7920792079207921,0.7940715517334866,0.6784671456682502
100,FST,LR,SVM_RBF,1,0.8712871287128713,0.8708896663914831,0.7992103037156814
100,FST,LR,SVM_Lin,1,0.7722772277227723,0.7814081408140814,0.6582834867761373
100,FST,LR,GBM,1,0.7920792079207921,0.7902197536826854,0.678313911495624
100,FST,LR,RF,2,0.900990099009901,0.897021130684497,0.8484615099719752
100,FST,LR,XGB,2,0.9207920792079208,0.9207920792079208,0.8766788766788767
100,FST,LR,LR,2,0.8613861386138614,0.8619602425358814,0.7848683459003543
100,FST,LR,SVM_RBF,2,0.9108910891089109,0.9104066163848377,0.8611360733169731
100,FST,LR,SVM_Lin,2,0.8712871287128713,0.8712519351765012,0.7992103037156814
100,FST,LR,GBM,2,0.8514851485148515,0.8532188933179032,0.7726567566941548
100,FST,LR,RF,3,0.8316831683168316,0.8262113834425759,0.7450867565360232
100,FST,LR,XGB,3,0.8910891089108911,0.89109993981114,0.8307668948513953
100,FST,LR,LR,3,0.8316831683168316,0.832616869281865,0.7478305888054692
100,FST,LR,SVM_RBF,3,0.8415841584158416,0.84273204340882,0.7573993676836812
100,FST,LR,SVM_Lin,3,0.8415841584158416,0.8455593006109122,0.7592826712658524
100,FST,LR,GBM,3,0.8316831683168316,0.8268040149879651,0.7365441744193589
100,FST,LR,RF,4,0.82,0.8152153911543365,0.7289201857025978
100,FST,LR,XGB,4,0.83,0.8279293405928615,0.7345222577875794
100,FST,LR,LR,4,0.85,0.8530989898989898,0.7699600303194967
100,FST,LR,SVM_RBF,4,0.9,0.9002187902187901,0.8461108869148143
100,FST,LR,SVM_Lin,4,0.82,0.8235346889952152,0.7235166578528084
100,FST,LR,GBM,4,0.85,0.8469587203302373,0.767381766639316
100,FST,EN,RF,0,0.9405940594059405,0.9398597754512293,0.9086646334679097
100,FST,EN,XGB,0,0.9405940594059405,0.9398578319370399,0.907599109226681
100,FST,EN,LR,0,0.9405940594059405,0.9403646462207196,0.9088272541647414
100,FST,EN,SVM_RBF,0,0.9603960396039604,0.960356301144162,0.9392623002437714
100,FST,EN,SVM_Lin,0,0.900990099009901,0.9012678097078001,0.8468059347926881
100,FST,EN,GBM,0,0.9306930693069307,0.9304660782820363,0.892182469030963
100,FST,EN,RF,1,0.9504950495049505,0.9502061611996743,0.9235137989076654
100,FST,EN,XGB,1,0.900990099009901,0.9001136955800842,0.8460408682135536
100,FST,EN,LR,1,0.9603960396039604,0.9597784209803552,0.9388398505638295
100,FST,EN,SVM_RBF,1,0.9801980198019802,0.9802535030751603,0.9694201919652699
100,FST,EN,SVM_Lin,1,0.9603960396039604,0.9601548616400102,0.9386097689127075
100,FST,EN,GBM,1,0.9207920792079208,0.9212180520377619,0.8764436717308063
100,FST,EN,RF,2,0.9306930693069307,0.9277227722772278,0.8952799329831773
100,FST,EN,XGB,2,0.9108910891089109,0.9094071497706622,0.861931600918095
100,FST,EN,LR,2,0.9504950495049505,0.9502061611996743,0.9235137989076654
100,FST,EN,SVM_RBF,2,0.9504950495049505,0.9502061611996743,0.9235137989076654
100,FST,EN,SVM_Lin,2,0.9405940594059405,0.9398597754512293,0.9086646334679097
100,FST,EN,GBM,2,0.9108910891089109,0.9098563910445099,0.8632750426218893
100,FST,EN,RF,3,0.9504950495049505,0.9493469118044775,0.9240129316579164
100,FST,EN,XGB,3,0.9306930693069307,0.9288521688317283,0.8927743354746698
100,FST,EN,LR,3,0.9405940594059405,0.9403468445328328,0.9077922929254743
100,FST,EN,SVM_RBF,3,0.9702970297029703,0.9702404590052501,0.9541254530297664
100,FST,EN,SVM_Lin,3,0.9405940594059405,0.9394643787687039,0.9082756702808297
100,FST,EN,GBM,3,0.9405940594059405,0.9386716863671455,0.9098562212290427
100,FST,EN,RF,4,0.92,0.920630328575534,0.8786721193210324
100,FST,EN,XGB,4,0.95,0.9502345796618242,0.9225689915447657
100,FST,EN,LR,4,0.98,0.9797117794486215,0.9691689906428891
100,FST,EN,SVM_RBF,4,0.98,0.9797117794486215,0.9691689906428891
100,FST,EN,SVM_Lin,4,0.97,0.9693131955484897,0.9540611646196381
100,FST,EN,GBM,4,0.94,0.940410733452594,0.9076933331720115
100,fst_stat,RF,RF,0,0.9108910891089109,0.909590263636013,0.8618553497096394
100,fst_stat,RF,XGB,0,0.9306930693069307,0.9299964738501333,0.8926455619684454
100,fst_stat,RF,LR,0,0.9306930693069307,0.9307455944533446,0.8923390349739507
100,fst_stat,RF,SVM_RBF,0,0.9207920792079208,0.9208921403257115,0.876548620537916
100,fst_stat,RF,SVM_Lin,0,0.9207920792079208,0.9205078402577099,0.8773527508407317
100,fst_stat,RF,GBM,0,0.900990099009901,0.9014032270936908,0.8474733748120371
100,fst_stat,RF,RF,1,0.9405940594059405,0.9406037526829606,0.9084439409734242
100,fst_stat,RF,XGB,1,0.900990099009901,0.9014489999983899,0.8454030055249593
100,fst_stat,RF,LR,1,0.9603960396039604,0.9603213621173557,0.9388395008954764
100,fst_stat,RF,SVM_RBF,1,0.9504950495049505,0.9504562220927976,0.9230184454395901
100,fst_stat,RF,SVM_Lin,1,0.9504950495049505,0.9505182876291071,0.9231122248231151
100,fst_stat,RF,GBM,1,0.8811881188118812,0.8820288555811269,0.8219512314986644
100,fst_stat,RF,RF,2,0.9405940594059405,0.9386397188154891,0.9097161503557522
100,fst_stat,RF,XGB,2,0.9108910891089109,0.9111601829838349,0.8618420918680408
100,fst_stat,RF,LR,2,0.9504950495049505,0.9507187574620894,0.9235868399502656
100,fst_stat,RF,SVM_RBF,2,0.9801980198019802,0.9802415250033226,0.9695061701192337
100,fst_stat,RF,SVM_Lin,2,0.9306930693069307,0.9304660782820363,0.892182469030963
100,fst_stat,RF,GBM,2,0.8811881188118812,0.8804444882610593,0.8160624350483616
100,fst_stat,RF,RF,3,0.9306930693069307,0.9277968172199149,0.8947651674787207
100,fst_stat,RF,XGB,3,0.9405940594059405,0.9394599009212369,0.9077922929254743
100,fst_stat,RF,LR,3,0.9306930693069307,0.929339718687619,0.8941529610882134
100,fst_stat,RF,SVM_RBF,3,0.9702970297029703,0.9700435782483235,0.9539854284311161
100,fst_stat,RF,SVM_Lin,3,0.9207920792079208,0.9209059311829083,0.8766803073179165
100,fst_stat,RF,GBM,3,0.9108910891089109,0.9087687892740812,0.8627464408065547
100,fst_stat,RF,RF,4,0.86,0.8593233082706767,0.7939227622481159
100,fst_stat,RF,XGB,4,0.91,0.9107343332343334,0.8665045029176996
100,fst_stat,RF,LR,4,0.91,0.9103171036204745,0.8625592990263173
100,fst_stat,RF,SVM_RBF,4,0.93,0.9302689622471837,0.8921930817180582
100,fst_stat,RF,SVM_Lin,4,0.9,0.9008309679542557,0.8486307186843904
100,fst_stat,RF,GBM,4,0.89,0.8898107224583197,0.8378117596981638
100,fst_stat,LR,RF,0,0.900990099009901,0.8993399339933993,0.8478468468328184
100,fst_stat,LR,XGB,0,0.8613861386138614,0.8587024491922876,0.78392511031943
100,fst_stat,LR,LR,0,0.8415841584158416,0.8415877263402016,0.7529867420917707
100,fst_stat,LR,SVM_RBF,0,0.8415841584158416,0.8427936847738828,0.7529867420917707
100,fst_stat,LR,SVM_Lin,0,0.8514851485148515,0.8519362261477478,0.7682303842217828
100,fst_stat,LR,GBM,0,0.8514851485148515,0.8505311921153506,0.7677898460601327
100,fst_stat,LR,RF,1,0.900990099009901,0.9014539776730762,0.846778005535779
100,fst_stat,LR,XGB,1,0.8118811881188119,0.8123937099592312,0.7070415991957409
100,fst_stat,LR,LR,1,0.8910891089108911,0.891453121215736,0.8318016314872102
100,fst_stat,LR,SVM_RBF,1,0.8910891089108911,0.8919496578850139,0.8312705658363954
100,fst_stat,LR,SVM_Lin,1,0.8217821782178217,0.8216315109771847,0.7278329605013325
100,fst_stat,LR,GBM,1,0.8217821782178217,0.8196408269589501,0.7294779046349438
100,fst_stat,LR,RF,2,0.9108910891089109,0.9098275981444297,0.861623305811841
100,fst_stat,LR,XGB,2,0.900990099009901,0.9018737826013902,0.846178794455304
100,fst_stat,LR,LR,2,0.900990099009901,0.9025226847009026,0.847167717972975
100,fst_stat,LR,SVM_RBF,2,0.9108910891089109,0.9105471648713924,0.8614798766445432
100,fst_stat,LR,SVM_Lin,2,0.8514851485148515,0.8530285243923541,0.7694114189220642
100,fst_stat,LR,GBM,2,0.8811881188118812,0.8814179033433086,0.8150830353898074
100,fst_stat,LR,RF,3,0.8811881188118812,0.8797244941885494,0.8216145531837098
100,fst_stat,LR,XGB,3,0.9108910891089109,0.909797948120604,0.8613524422021726
100,fst_stat,LR,LR,3,0.8514851485148515,0.8522544679000792,0.7698995435336005
100,fst_stat,LR,SVM_RBF,3,0.8613861386138614,0.8613415395593614,0.7836736038532839
100,fst_stat,LR,SVM_Lin,3,0.8415841584158416,0.8427921739542374,0.7553958557928642
100,fst_stat,LR,GBM,3,0.8910891089108911,0.8912553940195912,0.8332524628045631
100,fst_stat,LR,RF,4,0.83,0.8286494597839136,0.7528527090370967
100,fst_stat,LR,XGB,4,0.86,0.8597930233732143,0.7898053083890093
100,fst_stat,LR,LR,4,0.87,0.8717149236531259,0.8012284132166494
100,fst_stat,LR,SVM_RBF,4,0.88,0.8783818345199418,0.8188297699330838
100,fst_stat,LR,SVM_Lin,4,0.83,0.8335042847725777,0.7363238512035011
100,fst_stat,LR,GBM,4,0.85,0.8509320039228507,0.7738566635379986
100,fst_stat,EN,RF,0,0.8712871287128713,0.8697816948216183,0.8036539494195416
100,fst_stat,EN,XGB,0,0.8910891089108911,0.888956355260144,0.831116648562668
100,fst_stat,EN,LR,0,0.9108910891089109,0.9112850277070148,0.8611642710402361
100,fst_stat,EN,SVM_RBF,0,0.8415841584158416,0.8413683676059914,0.7525458107965477
100,fst_stat,EN,SVM_Lin,0,0.8811881188118812,0.8815223060767616,0.8148026706502578
100,fst_stat,EN,GBM,0,0.8712871287128713,0.8702197580827017,0.7996032727146776
100,fst_stat,EN,RF,1,0.9306930693069307,0.9307455944533446,0.8923390349739507
100,fst_stat,EN,XGB,1,0.8910891089108911,0.8907863952763792,0.8298301980184809
100,fst_stat,EN,LR,1,0.9207920792079208,0.9210474004299862,0.8778270447658075
100,fst_stat,EN,SVM_RBF,1,0.9207920792079208,0.9209103185617116,0.877065696602028
100,fst_stat,EN,SVM_Lin,1,0.900990099009901,0.901040104010401,0.8475562203930835
100,fst_stat,EN,GBM,1,0.8811881188118812,0.8806587388484561,0.8152648975414838
100,fst_stat,EN,RF,2,0.9207920792079208,0.9190178124745495,0.8816204984150363
100,fst_stat,EN,XGB,2,0.900990099009901,0.8990991937390025,0.8455768890733788
100,fst_stat,EN,LR,2,0.9306930693069307,0.9306639665131174,0.8958146817332038
100,fst_stat,EN,SVM_RBF,2,0.9306930693069307,0.9309800133528418,0.8918886758410828
100,fst_stat,EN,SVM_Lin,2,0.9306930693069307,0.9309622826143018,0.8936180894785583
100,fst_stat,EN,GBM,2,0.8811881188118812,0.8778877887788777,0.8162247893992458
100,fst_stat,EN,RF,3,0.9108910891089109,0.9113208541433683,0.8646490301402321
100,fst_stat,EN,XGB,3,0.9504950495049505,0.9502262443438915,0.9236151701767078
100,fst_stat,EN,LR,3,0.9207920792079208,0.9211272414819474,0.8780644937934514
100,fst_stat,EN,SVM_RBF,3,0.9207920792079208,0.9207920792079208,0.8767917047880451
100,fst_stat,EN,SVM_Lin,3,0.9306930693069307,0.9309583380314255,0.8946328169720628
100,fst_stat,EN,GBM,3,0.9108910891089109,0.911471491976784,0.8629725512829034
100,fst_stat,EN,RF,4,0.91,0.9104735294357238,0.8674176527034604
100,fst_stat,EN,XGB,4,0.91,0.9106547104580812,0.8645041023156937
100,fst_stat,EN,LR,4,0.96,0.9598491514770585,0.9397619174674927
100,fst_stat,EN,SVM_RBF,4,0.95,0.9498823529411764,0.9230794719166415
100,fst_stat,EN,SVM_Lin,4,0.96,0.9598491514770585,0.9397619174674927
100,fst_stat,EN,GBM,4,0.92,0.9193985197214328,0.8810263655218012
